#
# There is insufficient memory for the Java Runtime Environment to continue.
# Native memory allocation (malloc) failed to allocate 1438552 bytes. Error detail: Chunk::new
# Possible reasons:
#   The system is out of physical RAM or swap space
#   This process is running with CompressedOops enabled, and the Java Heap may be blocking the growth of the native heap
# Possible solutions:
#   Reduce memory load on the system
#   Increase physical memory or swap space
#   Check if swap backing store is full
#   Decrease Java heap size (-Xmx/-Xms)
#   Decrease number of Java threads
#   Decrease Java thread stack sizes (-Xss)
#   Set larger code cache with -XX:ReservedCodeCacheSize=
#   JVM is running with Unscaled Compressed Oops mode in which the Java heap is
#     placed in the first 4GB address space. The Java Heap base address is the
#     maximum limit for the native heap growth. Please use -XX:HeapBaseMinAddress
#     to set the Java Heap base and to place the Java Heap above 4GB virtual address.
# This output file may be truncated or incomplete.
#
#  Out of Memory Error (arena.cpp:186), pid=20620, tid=29092
#
# JRE version: OpenJDK Runtime Environment JBR-25.0.4.1+1-583.48-jcef (25.0.4.1+1) (build 25.0.4.1+1-b583.48)
# Java VM: OpenJDK 64-Bit Server VM JBR-25.0.4.1+1-583.48-jcef (25.0.4.1+1-b583.48, mixed mode, sharing, tiered, compressed oops, compressed class ptrs, g1 gc, windows-amd64)
# No core dump will be written. Minidumps are not enabled by default on client versions of Windows
#

---------------  S U M M A R Y ------------

Command Line: --add-opens=java.base/java.lang=ALL-UNNAMED --add-opens=java.base/java.lang.invoke=ALL-UNNAMED --add-opens=java.base/java.util=ALL-UNNAMED --add-opens=java.prefs/java.util.prefs=ALL-UNNAMED --add-exports=jdk.compiler/com.sun.tools.javac.api=ALL-UNNAMED --add-exports=jdk.compiler/com.sun.tools.javac.util=ALL-UNNAMED --add-opens=java.base/java.nio.charset=ALL-UNNAMED --add-opens=java.base/java.net=ALL-UNNAMED --add-opens=java.base/java.util.concurrent=ALL-UNNAMED --add-opens=java.base/java.util.concurrent.atomic=ALL-UNNAMED --add-opens=java.xml/javax.xml.namespace=ALL-UNNAMED --add-opens=java.base/java.time=ALL-UNNAMED --enable-native-access=ALL-UNNAMED -Xmx2048m -Dfile.encoding=UTF-8 -Duser.country=BR -Duser.language=pt -Duser.variant -javaagent:C:\Users\julye\.gradle\wrapper\dists\gradle-9.6.1-bin\4ticwg1pgcbps2hj28r8so764\gradle-9.6.1\lib\agents\gradle-instrumentation-agent-9.6.1.jar org.gradle.launcher.daemon.bootstrap.GradleDaemon 9.6.1

Host: AMD Ryzen 7 7730U with Radeon Graphics         , 16 cores, 15G,  Windows 11 , 64 bit Build 26100 (10.0.26100.9168)
Time: Sun Sep 20 09:32:28 2026 Hora Padrão da Bahia elapsed time: 8854.654254 seconds (0d 2h 27m 34s)

---------------  T H R E A D  ---------------

Current thread (0x00000250c9a5d760):  JavaThread "C2 CompilerThread0" daemon [_thread_in_native, id=29092, stack(0x000000d41a800000,0x000000d41a900000) (1024K)]


Current CompileTask:
C2:8854656 275148       4       kotlin.text.Regex::matches (18 bytes)

Stack: [0x000000d41a800000,0x000000d41a900000]
Native frames: (J=compiled Java code, j=interpreted, Vv=VM code, C=native code)
V  [jvm.dll+0x7c5249]  (no source info available)
V  [jvm.dll+0x78e61d]  (no source info available)
V  [jvm.dll+0xa17f2c]  (no source info available)
V  [jvm.dll+0xa1a72c]  (no source info available)
V  [jvm.dll+0xa1ae23]  (no source info available)
V  [jvm.dll+0x308a96]  (no source info available)
V  [jvm.dll+0x114f66]  (no source info available)
V  [jvm.dll+0x115296]  (no source info available)
V  [jvm.dll+0x1a9a24]  (no source info available)
V  [jvm.dll+0x3c27a2]  (no source info available)
V  [jvm.dll+0x7cabb8]  (no source info available)
V  [jvm.dll+0x2ca8b7]  (compile.cpp:3120)
V  [jvm.dll+0x2c982e]  Compile::Compile+0xdfe  (compile.cpp:902)
V  [jvm.dll+0x240e70]  C2Compiler::compile_method+0x110  (c2compiler.cpp:145)
V  [jvm.dll+0x2d98b4]  CompileBroker::invoke_compiler_on_method+0x844  (compileBroker.cpp:2367)
V  [jvm.dll+0x2d7adb]  CompileBroker::compiler_thread_loop+0x39b  (compileBroker.cpp:2001)
V  [jvm.dll+0x49f735]  JavaThread::run+0x125  (javaThread.cpp:759)
V  [jvm.dll+0x9b629d]  Thread::call_run+0xcd  (thread.cpp:253)
V  [jvm.dll+0x7c3735]  thread_native_entry+0x95  (os_windows.cpp:562)
C  [ucrtbase.dll+0x2cd30]  (no source info available)
C  [KERNEL32.DLL+0x2ccb7]  (no source info available)
C  [ntdll.dll+0xaad6c]  (no source info available)

Lock stack of current Java thread (top to bottom):


---------------  P R O C E S S  ---------------

Threads class SMR info:
_java_thread_list=0x00000250f739ce40, length=131, elements={
0x00000250b06c18b0, 0x00000250c9a369a0, 0x00000250c9a3ac00, 0x00000250c9a3c1d0,
0x00000250c9a41130, 0x00000250c9a41cf0, 0x00000250c9a45430, 0x00000250c9a52b80,
0x00000250c9a5d760, 0x00000250c9a5eca0, 0x00000250ca5ad2c0, 0x00000250cf7758c0,
0x00000250cf778f70, 0x00000250cf776090, 0x00000250cfb71850, 0x00000250cfb72020,
0x00000250cfb700e0, 0x00000250d1ba5fa0, 0x00000250d1ba6f40, 0x00000250d317d920,
0x00000250d3aedf60, 0x00000250d4caa040, 0x00000250d4ca90a0, 0x00000250ca37a1c0,
0x00000250d2a7a480, 0x00000250cfb88a70, 0x00000250d33cdbc0, 0x00000250d33ce390,
0x00000250d33cd3f0, 0x00000250d33ceb60, 0x00000250d33d02d0, 0x00000250d4b0c300,
0x00000250d4b0cad0, 0x00000250d63a98c0, 0x00000250dc41a060, 0x00000250dc41a830,
0x00000250d6462f40, 0x00000250d6461000, 0x00000250e17a3020, 0x00000250e17a2850,
0x00000250e17a37f0, 0x00000250cfcfaf20, 0x00000250df1d0ea0, 0x00000250df1d1670,
0x00000250dc8b34f0, 0x00000250e08dc870, 0x00000250e08da160, 0x00000250dbbb7530,
0x00000250dea46890, 0x00000250dea47830, 0x00000250dea487d0, 0x00000250d5208100,
0x00000250e077f810, 0x00000250d65bdff0, 0x00000250ca37a990, 0x00000250ca37b160,
0x00000250db024120, 0x00000250db026060, 0x00000250de618dc0, 0x00000250d16cc700,
0x00000250d16c9ff0, 0x00000250d16caf90, 0x00000250d16ca7c0, 0x00000250d16cb760,
0x00000250d16c9050, 0x00000250d16cbf30, 0x00000250d16c9820, 0x00000250f1adb1c0,
0x00000250f1ad9a50, 0x00000250f1ada220, 0x00000250f1ada9f0, 0x00000250dee5b170,
0x00000250dee5b940, 0x00000250dee5c110, 0x00000250dee5c8e0, 0x00000250df3a5980,
0x00000250df3a6150, 0x00000250df3a49e0, 0x00000250df3a51b0, 0x00000250e3d40210,
0x00000250e3b6b310, 0x00000250e3b67c60, 0x00000250e3b69ba0, 0x00000250e3b68430,
0x00000250d2a7b420, 0x00000250f2cea730, 0x00000250f2ceaf00, 0x00000250f2ceb6d0,
0x00000250f2ce8fc0, 0x00000250f2ce8020, 0x00000250f2ce9790, 0x00000250f2ce87f0,
0x00000250f2ce9f60, 0x00000250de2f4640, 0x00000250de2f0f90, 0x00000250de2f2ed0,
0x00000250de2f1760, 0x00000250de2f2700, 0x00000250de2f36a0, 0x00000250e244d2e0,
0x00000250d57a8ef0, 0x00000250dd91cb40, 0x00000250dfe3c4c0, 0x00000250db754800,
0x00000250d57f14a0, 0x00000250e244dab0, 0x00000250df581c60, 0x00000250f136caf0,
0x00000250f136abb0, 0x00000250d57f1c70, 0x00000250d63aa860, 0x00000250d63a7980,
0x00000250dd91d310, 0x00000250e29a3ac0, 0x00000250d424de70, 0x00000250e29a4290,
0x00000250e29a4a60, 0x00000250e29a69a0, 0x00000250e3f85ea0, 0x00000250e3f84730,
0x00000250dd6bc300, 0x00000250dbbb8ca0, 0x00000250dbbb7d00, 0x00000250dd738810,
0x00000250dc8b4490, 0x00000250dc8b4c60, 0x00000250dc8b5430, 0x00000250d515df00,
0x00000250d15263c0, 0x00000250dbd514f0, 0x00000250dbd53c00
}

Java Threads: ( => current thread )
  0x00000250b06c18b0 JavaThread "main"                              [_thread_blocked, id=61584, stack(0x000000d419900000,0x000000d419a00000) (1024K)]
  0x00000250c9a369a0 JavaThread "Common-Cleaner"             daemon [_thread_blocked, id=9368, stack(0x000000d41a100000,0x000000d41a200000) (1024K)]
  0x00000250c9a3ac00 JavaThread "Reference Handler"          daemon [_thread_blocked, id=63832, stack(0x000000d41a200000,0x000000d41a300000) (1024K)]
  0x00000250c9a3c1d0 JavaThread "Finalizer"                  daemon [_thread_blocked, id=49452, stack(0x000000d41a300000,0x000000d41a400000) (1024K)]
  0x00000250c9a41130 JavaThread "Signal Dispatcher"          daemon [_thread_blocked, id=54492, stack(0x000000d41a400000,0x000000d41a500000) (1024K)]
  0x00000250c9a41cf0 JavaThread "Attach Listener"            daemon [_thread_blocked, id=57620, stack(0x000000d41a500000,0x000000d41a600000) (1024K)]
  0x00000250c9a45430 JavaThread "Service Thread"             daemon [_thread_blocked, id=10592, stack(0x000000d41a600000,0x000000d41a700000) (1024K)]
  0x00000250c9a52b80 JavaThread "Monitor Deflation Thread"   daemon [_thread_blocked, id=26408, stack(0x000000d41a700000,0x000000d41a800000) (1024K)]
=>0x00000250c9a5d760 JavaThread "C2 CompilerThread0"         daemon [_thread_in_native, id=29092, stack(0x000000d41a800000,0x000000d41a900000) (1024K)]
  0x00000250c9a5eca0 JavaThread "C1 CompilerThread0"         daemon [_thread_blocked, id=17696, stack(0x000000d41a900000,0x000000d41aa00000) (1024K)]
  0x00000250ca5ad2c0 JavaThread "Notification Thread"        daemon [_thread_blocked, id=19928, stack(0x000000d41ab00000,0x000000d41ac00000) (1024K)]
  0x00000250cf7758c0 JavaThread "Daemon health stats"               [_thread_blocked, id=58412, stack(0x000000d41b000000,0x000000d41b100000) (1024K)]
  0x00000250cf778f70 JavaThread "Incoming local TCP Connector on port 58274"        [_thread_in_native, id=46248, stack(0x000000d41ae00000,0x000000d41af00000) (1024K)]
  0x00000250cf776090 JavaThread "Daemon periodic checks"            [_thread_blocked, id=9344, stack(0x000000d41b600000,0x000000d41b700000) (1024K)]
  0x00000250cfb71850 JavaThread "Cache worker for journal cache (C:\Users\julye\.gradle\caches\journal-1)"        [_thread_blocked, id=1872, stack(0x000000d41be00000,0x000000d41bf00000) (1024K)]
  0x00000250cfb72020 JavaThread "File lock request listener"        [_thread_in_native, id=28508, stack(0x000000d41bf00000,0x000000d41c000000) (1024K)]
  0x00000250cfb700e0 JavaThread "Cache worker for file hash cache (C:\Users\julye\.gradle\caches\9.6.1\fileHashes)"        [_thread_blocked, id=60900, stack(0x000000d41c000000,0x000000d41c100000) (1024K)]
  0x00000250d1ba5fa0 JavaThread "File watcher server"        daemon [_thread_in_native, id=59124, stack(0x000000d41cd00000,0x000000d41ce00000) (1024K)]
  0x00000250d1ba6f40 JavaThread "File watcher consumer"      daemon [_thread_blocked, id=61580, stack(0x000000d41ce00000,0x000000d41cf00000) (1024K)]
  0x00000250d317d920 JavaThread "Cache worker for file content cache (C:\Users\julye\.gradle\caches\9.6.1\fileContent)"        [_thread_blocked, id=29960, stack(0x000000d41cf00000,0x000000d41d000000) (1024K)]
  0x00000250d3aedf60 JavaThread "Memory manager"                    [_thread_blocked, id=46252, stack(0x000000d41e200000,0x000000d41e300000) (1024K)]
  0x00000250d4caa040 JavaThread "jar transforms"                    [_thread_blocked, id=8888, stack(0x000000d41e700000,0x000000d41e800000) (1024K)]
  0x00000250d4ca90a0 JavaThread "jar transforms Thread 2"           [_thread_blocked, id=66024, stack(0x000000d41e800000,0x000000d41e900000) (1024K)]
  0x00000250ca37a1c0 JavaThread "jar transforms Thread 3"           [_thread_blocked, id=58620, stack(0x000000d41bc00000,0x000000d41bd00000) (1024K)]
  0x00000250d2a7a480 JavaThread "jar transforms Thread 4"           [_thread_blocked, id=36708, stack(0x000000d41bd00000,0x000000d41be00000) (1024K)]
  0x00000250cfb88a70 JavaThread "jar transforms Thread 5"           [_thread_blocked, id=31544, stack(0x000000d41cb00000,0x000000d41cc00000) (1024K)]
  0x00000250d33cdbc0 JavaThread "jar transforms Thread 6"           [_thread_blocked, id=59804, stack(0x000000d41e100000,0x000000d41e200000) (1024K)]
  0x00000250d33ce390 JavaThread "jar transforms Thread 7"           [_thread_blocked, id=58784, stack(0x000000d41e300000,0x000000d41e400000) (1024K)]
  0x00000250d33cd3f0 JavaThread "jar transforms Thread 8"           [_thread_blocked, id=33024, stack(0x000000d41e400000,0x000000d41e500000) (1024K)]
  0x00000250d33ceb60 JavaThread "jar transforms Thread 9"           [_thread_blocked, id=43236, stack(0x000000d41e500000,0x000000d41e600000) (1024K)]
  0x00000250d33d02d0 JavaThread "jar transforms Thread 10"          [_thread_blocked, id=53408, stack(0x000000d41e600000,0x000000d41e700000) (1024K)]
  0x00000250d4b0c300 JavaThread "DefaultDispatcher-worker-1" daemon [_thread_blocked, id=51408, stack(0x000000d41ed00000,0x000000d41ee00000) (1024K)]
  0x00000250d4b0cad0 JavaThread "DefaultDispatcher-worker-2" daemon [_thread_blocked, id=19232, stack(0x000000d420100000,0x000000d420200000) (1024K)]
  0x00000250d63a98c0 JavaThread "DefaultDispatcher-worker-3" daemon [_thread_blocked, id=25080, stack(0x000000d420200000,0x000000d420300000) (1024K)]
  0x00000250dc41a060 JavaThread "Periodic tasks thread"      daemon [_thread_blocked, id=26840, stack(0x000000d420900000,0x000000d420a00000) (1024K)]
  0x00000250dc41a830 JavaThread "ApplicationImpl pooled thread 1"        [_thread_blocked, id=51720, stack(0x000000d420a00000,0x000000d420b00000) (1024K)]
  0x00000250d6462f40 JavaThread "Java2D Disposer"            daemon [_thread_blocked, id=57952, stack(0x000000d420b00000,0x000000d420c00000) (1024K)]
  0x00000250d6461000 JavaThread "AWT-Windows"                daemon [_thread_in_native, id=37444, stack(0x000000d420d00000,0x000000d420e00000) (1024K)]
  0x00000250e17a3020 JavaThread "RMI Scheduler(0)"           daemon [_thread_blocked, id=26484, stack(0x000000d41eb00000,0x000000d41ec00000) (1024K)]
  0x00000250e17a2850 JavaThread "RMI GC Daemon"              daemon [_thread_blocked, id=11556, stack(0x000000d41ee00000,0x000000d41ef00000) (1024K)]
  0x00000250e17a37f0 JavaThread "RMI TCP Accept-0"           daemon [_thread_in_native, id=24664, stack(0x000000d420c00000,0x000000d420d00000) (1024K)]
  0x00000250cfcfaf20 JavaThread "RMI Reaper"                        [_thread_blocked, id=1284, stack(0x000000d421000000,0x000000d421100000) (1024K)]
  0x00000250df1d0ea0 JavaThread "DefaultDispatcher-worker-4" daemon [_thread_blocked, id=15808, stack(0x000000d420800000,0x000000d420900000) (1024K)]
  0x00000250df1d1670 JavaThread "DefaultDispatcher-worker-5" daemon [_thread_blocked, id=28256, stack(0x000000d420e00000,0x000000d420f00000) (1024K)]
  0x00000250dc8b34f0 JavaThread "Cache worker for Java compile cache (C:\Users\julye\.gradle\caches\9.6.1\javaCompile)"        [_thread_blocked, id=22524, stack(0x000000d421d00000,0x000000d421e00000) (1024K)]
  0x00000250e08dc870 JavaThread "jar transforms Thread 11"          [_thread_blocked, id=7908, stack(0x000000d41ca00000,0x000000d41cb00000) (1024K)]
  0x00000250e08da160 JavaThread "jar transforms Thread 12"          [_thread_blocked, id=36576, stack(0x000000d41cc00000,0x000000d41cd00000) (1024K)]
  0x00000250dbbb7530 JavaThread "jar transforms Thread 13"          [_thread_blocked, id=16340, stack(0x000000d41d500000,0x000000d41d600000) (1024K)]
  0x00000250dea46890 JavaThread "jar transforms Thread 14"          [_thread_blocked, id=27588, stack(0x000000d41f100000,0x000000d41f200000) (1024K)]
  0x00000250dea47830 JavaThread "jar transforms Thread 15"          [_thread_blocked, id=7528, stack(0x000000d41f200000,0x000000d41f300000) (1024K)]
  0x00000250dea487d0 JavaThread "jar transforms Thread 16"          [_thread_blocked, id=13540, stack(0x000000d41f400000,0x000000d41f500000) (1024K)]
  0x00000250d5208100 JavaThread "Monitor"                           [_thread_in_native, id=45408, stack(0x000000d425c00000,0x000000d425d00000) (1024K)]
  0x00000250e077f810 JavaThread "Daemon Thread 7"                   [_thread_blocked, id=29364, stack(0x000000d419600000,0x000000d419700000) (1024K)]
  0x00000250d65bdff0 JavaThread "Daemon worker Thread 7"            [_thread_blocked, id=42792, stack(0x000000d41aa00000,0x000000d41ab00000) (1024K)]
  0x00000250ca37a990 JavaThread "Handler for socket connection from /127.0.0.1:58274 to /127.0.0.1:63638"        [_thread_in_native, id=63400, stack(0x000000d419700000,0x000000d419800000) (1024K)]
  0x00000250ca37b160 JavaThread "Cancel handler"                    [_thread_blocked, id=58228, stack(0x000000d419800000,0x000000d419900000) (1024K)]
  0x00000250db024120 JavaThread "Asynchronous log dispatcher for DefaultDaemonConnection: socket connection from /127.0.0.1:58274 to /127.0.0.1:63638"        [_thread_blocked, id=61936, stack(0x000000d41ad00000,0x000000d41ae00000) (1024K)]
  0x00000250db026060 JavaThread "Stdin handler"                     [_thread_blocked, id=64740, stack(0x000000d41af00000,0x000000d41b000000) (1024K)]
  0x00000250de618dc0 JavaThread "Daemon client event forwarder"        [_thread_blocked, id=50328, stack(0x000000d41b700000,0x000000d41b800000) (1024K)]
  0x00000250d16cc700 JavaThread "Cache worker for file hash cache (C:\Users\julye\IdeaProjects\vbhelper\.gradle\9.6.1\fileHashes)"        [_thread_blocked, id=40208, stack(0x000000d41b800000,0x000000d41b900000) (1024K)]
  0x00000250d16c9ff0 JavaThread "Cache worker for Build Output Cleanup Cache (C:\Users\julye\IdeaProjects\vbhelper\.gradle\buildOutputCleanup)"        [_thread_blocked, id=8892, stack(0x000000d41b900000,0x000000d41ba00000) (1024K)]
  0x00000250d16caf90 JavaThread "Cache worker for checksums cache (C:\Users\julye\IdeaProjects\vbhelper\.gradle\9.6.1\checksums)"        [_thread_blocked, id=12836, stack(0x000000d41bb00000,0x000000d41bc00000) (1024K)]
  0x00000250d16ca7c0 JavaThread "Cache worker for cache directory md-supplier (C:\Users\julye\.gradle\caches\9.6.1\md-supplier)"        [_thread_blocked, id=34792, stack(0x000000d41d000000,0x000000d41d100000) (1024K)]
  0x00000250d16cb760 JavaThread "Cache worker for cache directory md-rule (C:\Users\julye\.gradle\caches\9.6.1\md-rule)"        [_thread_blocked, id=64948, stack(0x000000d41d100000,0x000000d41d200000) (1024K)]
  0x00000250d16c9050 JavaThread "Build operations"                  [_thread_blocked, id=19168, stack(0x000000d41d200000,0x000000d41d300000) (1024K)]
  0x00000250d16cbf30 JavaThread "Build operations Thread 2"         [_thread_blocked, id=20396, stack(0x000000d41d300000,0x000000d41d400000) (1024K)]
  0x00000250d16c9820 JavaThread "Build operations Thread 3"         [_thread_blocked, id=23196, stack(0x000000d41d900000,0x000000d41da00000) (1024K)]
  0x00000250f1adb1c0 JavaThread "Build operations Thread 4"         [_thread_blocked, id=2544, stack(0x000000d41da00000,0x000000d41db00000) (1024K)]
  0x00000250f1ad9a50 JavaThread "Build operations Thread 5"         [_thread_blocked, id=8668, stack(0x000000d41db00000,0x000000d41dc00000) (1024K)]
  0x00000250f1ada220 JavaThread "Build operations Thread 6"         [_thread_blocked, id=41024, stack(0x000000d41dc00000,0x000000d41dd00000) (1024K)]
  0x00000250f1ada9f0 JavaThread "Build operations Thread 7"         [_thread_blocked, id=42348, stack(0x000000d41dd00000,0x000000d41de00000) (1024K)]
  0x00000250dee5b170 JavaThread "Build operations Thread 8"         [_thread_blocked, id=16148, stack(0x000000d41de00000,0x000000d41df00000) (1024K)]
  0x00000250dee5b940 JavaThread "Build operations Thread 9"         [_thread_blocked, id=27548, stack(0x000000d41df00000,0x000000d41e000000) (1024K)]
  0x00000250dee5c110 JavaThread "Build operations Thread 10"        [_thread_blocked, id=26920, stack(0x000000d41e000000,0x000000d41e100000) (1024K)]
  0x00000250dee5c8e0 JavaThread "Build operations Thread 11"        [_thread_blocked, id=38404, stack(0x000000d41e900000,0x000000d41ea00000) (1024K)]
  0x00000250df3a5980 JavaThread "Build operations Thread 12"        [_thread_blocked, id=58616, stack(0x000000d41ea00000,0x000000d41eb00000) (1024K)]
  0x00000250df3a6150 JavaThread "Build operations Thread 13"        [_thread_blocked, id=57236, stack(0x000000d41ec00000,0x000000d41ed00000) (1024K)]
  0x00000250df3a49e0 JavaThread "Build operations Thread 14"        [_thread_blocked, id=67560, stack(0x000000d41ef00000,0x000000d41f000000) (1024K)]
  0x00000250df3a51b0 JavaThread "Build operations Thread 15"        [_thread_blocked, id=29180, stack(0x000000d41f000000,0x000000d41f100000) (1024K)]
  0x00000250e3d40210 JavaThread "Build operations Thread 16"        [_thread_blocked, id=25408, stack(0x000000d41f300000,0x000000d41f400000) (1024K)]
  0x00000250e3b6b310 JavaThread "build event listener"              [_thread_blocked, id=47480, stack(0x000000d41f600000,0x000000d41f700000) (1024K)]
  0x00000250e3b67c60 JavaThread "build event listener"              [_thread_blocked, id=31936, stack(0x000000d41f700000,0x000000d41f800000) (1024K)]
  0x00000250e3b69ba0 JavaThread "Problems report writer"            [_thread_blocked, id=25724, stack(0x000000d41f800000,0x000000d41f900000) (1024K)]
  0x00000250e3b68430 JavaThread "included builds"                   [_thread_blocked, id=14720, stack(0x000000d41f900000,0x000000d41fa00000) (1024K)]
  0x00000250d2a7b420 JavaThread "Execution worker"                  [_thread_blocked, id=60576, stack(0x000000d41fa00000,0x000000d41fb00000) (1024K)]
  0x00000250f2cea730 JavaThread "Execution worker Thread 2"         [_thread_blocked, id=55640, stack(0x000000d41fb00000,0x000000d41fc00000) (1024K)]
  0x00000250f2ceaf00 JavaThread "Execution worker Thread 3"         [_thread_blocked, id=43880, stack(0x000000d41fc00000,0x000000d41fd00000) (1024K)]
  0x00000250f2ceb6d0 JavaThread "Execution worker Thread 4"         [_thread_blocked, id=49788, stack(0x000000d41fd00000,0x000000d41fe00000) (1024K)]
  0x00000250f2ce8fc0 JavaThread "Execution worker Thread 5"         [_thread_blocked, id=31260, stack(0x000000d41fe00000,0x000000d41ff00000) (1024K)]
  0x00000250f2ce8020 JavaThread "Execution worker Thread 6"         [_thread_blocked, id=34808, stack(0x000000d41ff00000,0x000000d420000000) (1024K)]
  0x00000250f2ce9790 JavaThread "Execution worker Thread 7"         [_thread_blocked, id=39044, stack(0x000000d420000000,0x000000d420100000) (1024K)]
  0x00000250f2ce87f0 JavaThread "Execution worker Thread 8"         [_thread_blocked, id=23128, stack(0x000000d420300000,0x000000d420400000) (1024K)]
  0x00000250f2ce9f60 JavaThread "Execution worker Thread 9"         [_thread_blocked, id=13500, stack(0x000000d420400000,0x000000d420500000) (1024K)]
  0x00000250de2f4640 JavaThread "Execution worker Thread 10"        [_thread_blocked, id=6240, stack(0x000000d420500000,0x000000d420600000) (1024K)]
  0x00000250de2f0f90 JavaThread "Execution worker Thread 11"        [_thread_blocked, id=30468, stack(0x000000d420600000,0x000000d420700000) (1024K)]
  0x00000250de2f2ed0 JavaThread "Execution worker Thread 12"        [_thread_blocked, id=39396, stack(0x000000d420700000,0x000000d420800000) (1024K)]
  0x00000250de2f1760 JavaThread "Execution worker Thread 13"        [_thread_blocked, id=54528, stack(0x000000d420f00000,0x000000d421000000) (1024K)]
  0x00000250de2f2700 JavaThread "Execution worker Thread 14"        [_thread_blocked, id=34452, stack(0x000000d421100000,0x000000d421200000) (1024K)]
  0x00000250de2f36a0 JavaThread "Execution worker Thread 15"        [_thread_blocked, id=1584, stack(0x000000d421200000,0x000000d421300000) (1024K)]
  0x00000250e244d2e0 JavaThread "Cache worker for execution history cache (C:\Users\julye\IdeaProjects\vbhelper\.gradle\9.6.1\executionHistory)"        [_thread_blocked, id=66800, stack(0x000000d421300000,0x000000d421400000) (1024K)]
  0x00000250d57a8ef0 JavaThread "WorkerExecutor Queue"              [_thread_blocked, id=36236, stack(0x000000d421500000,0x000000d421600000) (1024K)]
  0x00000250dd91cb40 JavaThread "WorkerExecutor Queue Thread 2"        [_thread_blocked, id=37440, stack(0x000000d421600000,0x000000d421700000) (1024K)]
  0x00000250dfe3c4c0 JavaThread "WorkerExecutor Queue Thread 3"        [_thread_blocked, id=9496, stack(0x000000d421700000,0x000000d421800000) (1024K)]
  0x00000250db754800 JavaThread "WorkerExecutor Queue Thread 5"        [_thread_blocked, id=65184, stack(0x000000d421b00000,0x000000d421c00000) (1024K)]
  0x00000250d57f14a0 JavaThread "WorkerExecutor Queue Thread 7"        [_thread_blocked, id=54396, stack(0x000000d421e00000,0x000000d421f00000) (1024K)]
  0x00000250e244dab0 JavaThread "WorkerExecutor Queue Thread 9"        [_thread_blocked, id=33304, stack(0x000000d422000000,0x000000d422100000) (1024K)]
  0x00000250df581c60 JavaThread "WorkerExecutor Queue Thread 10"        [_thread_blocked, id=47824, stack(0x000000d422100000,0x000000d422200000) (1024K)]
  0x00000250f136caf0 JavaThread "WorkerExecutor Queue Thread 11"        [_thread_blocked, id=56808, stack(0x000000d421400000,0x000000d421500000) (1024K)]
  0x00000250f136abb0 JavaThread "WorkerExecutor Queue Thread 12"        [_thread_blocked, id=47316, stack(0x000000d422200000,0x000000d422300000) (1024K)]
  0x00000250d57f1c70 JavaThread "WorkerExecutor Queue Thread 13"        [_thread_blocked, id=41540, stack(0x000000d422300000,0x000000d422400000) (1024K)]
  0x00000250d63aa860 JavaThread "WorkerExecutor Queue Thread 15"        [_thread_blocked, id=29008, stack(0x000000d422500000,0x000000d422600000) (1024K)]
  0x00000250d63a7980 JavaThread "WorkerExecutor Queue Thread 16"        [_thread_blocked, id=51192, stack(0x000000d422800000,0x000000d422900000) (1024K)]
  0x00000250dd91d310 JavaThread "WorkerExecutor Queue Thread 17"        [_thread_blocked, id=34312, stack(0x000000d41d700000,0x000000d41d800000) (1024K)]
  0x00000250e29a3ac0 JavaThread "WorkerExecutor Queue Thread 18"        [_thread_blocked, id=43320, stack(0x000000d422d00000,0x000000d422e00000) (1024K)]
  0x00000250d424de70 JavaThread "WorkerExecutor Queue Thread 19"        [_thread_blocked, id=59140, stack(0x000000d422e00000,0x000000d422f00000) (1024K)]
  0x00000250e29a4290 JavaThread "pool-87-thread-1"                  [_thread_blocked, id=52584, stack(0x000000d41f500000,0x000000d41f600000) (1024K)]
  0x00000250e29a4a60 JavaThread "stderr"                            [_thread_in_native, id=27388, stack(0x000000d421c00000,0x000000d421d00000) (1024K)]
  0x00000250e29a69a0 JavaThread "stdout"                            [_thread_in_native, id=22288, stack(0x000000d421f00000,0x000000d422000000) (1024K)]
  0x00000250e3f85ea0 JavaThread "stderr"                            [_thread_in_native, id=53260, stack(0x000000d422900000,0x000000d422a00000) (1024K)]
  0x00000250e3f84730 JavaThread "stdout"                            [_thread_in_native, id=13096, stack(0x000000d422a00000,0x000000d422b00000) (1024K)]
  0x00000250dd6bc300 JavaThread "WorkerExecutor Queue Thread 20"        [_thread_blocked, id=40668, stack(0x000000d423000000,0x000000d423100000) (1024K)]
  0x00000250dbbb8ca0 JavaThread "Monitor"                           [_thread_in_native, id=21636, stack(0x000000d423b00000,0x000000d423c00000) (1024K)]
  0x00000250dbbb7d00 JavaThread "pool-92-thread-1"                  [_thread_blocked, id=56932, stack(0x000000d423c00000,0x000000d423d00000) (1024K)]
  0x00000250dd738810 JavaThread "UTP-1"                             [_thread_in_vm, id=58448, stack(0x000000d422400000,0x000000d422500000) (1024K)]
  0x00000250dc8b4490 JavaThread "Device List Monitor"               [_thread_in_native, id=49712, stack(0x000000d421800000,0x000000d421900000) (1024K)]
  0x00000250dc8b4c60 JavaThread "primary-1"                         [_thread_blocked, id=41976, stack(0x000000d424e00000,0x000000d424f00000) (1024K)]
  0x00000250dc8b5430 JavaThread "kotlinx.coroutines.DefaultExecutor" daemon [_thread_blocked, id=41924, stack(0x000000d424f00000,0x000000d425000000) (1024K)]
  0x00000250d515df00 JavaThread "primary-2"                         [_thread_blocked, id=58388, stack(0x000000d41ac00000,0x000000d41ad00000) (1024K)]
  0x00000250d15263c0 JavaThread "C2 CompilerThread1"         daemon [_thread_blocked, id=46928, stack(0x000000d41ba00000,0x000000d41bb00000) (1024K)]
  0x00000250dbd514f0 JavaThread "adb:stderr reader"                 [_thread_in_native, id=24344, stack(0x000000d41d400000,0x000000d41d500000) (1024K)]
  0x00000250dbd53c00 JavaThread "adb:stdout reader"                 [_thread_in_native, id=43536, stack(0x000000d41d600000,0x000000d41d700000) (1024K)]
Total: 131

Other Threads:
  0x00000250c9a290f0 VMThread "VM Thread"                           [id=62172, stack(0x000000d41a000000,0x000000d41a100000) (1024K)]
  0x00000250c98f5020 WatcherThread "VM Periodic Task Thread"        [id=63308, stack(0x000000d419f00000,0x000000d41a000000) (1024K)]
  0x00000250b0724280 WorkerThread "GC Thread#0"                     [id=57748, stack(0x000000d419a00000,0x000000d419b00000) (1024K)]
  0x00000250cf783d50 WorkerThread "GC Thread#1"                     [id=9544, stack(0x000000d41b100000,0x000000d41b200000) (1024K)]
  0x00000250cf784180 WorkerThread "GC Thread#2"                     [id=3584, stack(0x000000d41b200000,0x000000d41b300000) (1024K)]
  0x00000250cf7105e0 WorkerThread "GC Thread#3"                     [id=57628, stack(0x000000d41b300000,0x000000d41b400000) (1024K)]
  0x00000250cf710a10 WorkerThread "GC Thread#4"                     [id=47516, stack(0x000000d41b400000,0x000000d41b500000) (1024K)]
  0x00000250cf710e40 WorkerThread "GC Thread#5"                     [id=53992, stack(0x000000d41b500000,0x000000d41b600000) (1024K)]
  0x00000250cfc52010 WorkerThread "GC Thread#6"                     [id=38044, stack(0x000000d41c100000,0x000000d41c200000) (1024K)]
  0x00000250cfc54290 WorkerThread "GC Thread#7"                     [id=46108, stack(0x000000d41c200000,0x000000d41c300000) (1024K)]
  0x00000250cfc52d00 WorkerThread "GC Thread#8"                     [id=35568, stack(0x000000d41c300000,0x000000d41c400000) (1024K)]
  0x00000250cfc535a0 WorkerThread "GC Thread#9"                     [id=57468, stack(0x000000d41c400000,0x000000d41c500000) (1024K)]
  0x00000250cfc539f0 WorkerThread "GC Thread#10"                    [id=4060, stack(0x000000d41c500000,0x000000d41c600000) (1024K)]
  0x00000250cfc53e40 WorkerThread "GC Thread#11"                    [id=59196, stack(0x000000d41c600000,0x000000d41c700000) (1024K)]
  0x00000250d1b44b50 WorkerThread "GC Thread#12"                    [id=7744, stack(0x000000d41c700000,0x000000d41c800000) (1024K)]
  0x00000250b073f200 ConcurrentGCThread "G1 Main Marker"            [id=53900, stack(0x000000d419b00000,0x000000d419c00000) (1024K)]
  0x00000250b0740890 WorkerThread "G1 Conc#0"                       [id=35512, stack(0x000000d419c00000,0x000000d419d00000) (1024K)]
  0x00000250d1b43170 WorkerThread "G1 Conc#1"                       [id=33296, stack(0x000000d41c800000,0x000000d41c900000) (1024K)]
  0x00000250d1b453f0 WorkerThread "G1 Conc#2"                       [id=56644, stack(0x000000d41c900000,0x000000d41ca00000) (1024K)]
  0x00000250b076e4b0 ConcurrentGCThread "G1 Refine#0"               [id=41464, stack(0x000000d419d00000,0x000000d419e00000) (1024K)]
  0x00000250c98e6280 ConcurrentGCThread "G1 Service"                [id=64164, stack(0x000000d419e00000,0x000000d419f00000) (1024K)]
Total: 21

Threads with active compile tasks:
C2 CompilerThread0  8891007 275148       4       kotlin.text.Regex::matches (18 bytes)
Total: 1

VM state: not at safepoint (normal execution)

VM Mutex/Monitor currently owned by a thread: None

Heap address: 0x0000000080000000, size: 2048 MB, Compressed Oops mode: 32-bit

CDS archive(s) mapped at: [0x0000000009000000-0x000000000acd0000-0x000000000acd0000), size 30212096, SharedBaseAddress: 0x0000000009000000, ArchiveRelocationMode: 1.
Compressed class space mapped at: 0x000000000b000000-0x000000004b000000, reserved size: 1073741824
UseCompressedClassPointers 1, UseCompactObjectHeaders 0
Narrow klass pointer bits 32, Max shift 3
Narrow klass base: 0x0000000009000000, Narrow klass shift: 0
Encoding Range: [0x0000000009000000 - 0x0000000109000000), (4294967296 bytes)
Klass Range:    [0x0000000009010000 - 0x000000004b000000), (1107230720 bytes)
Klass ID Range:  [65536 - 1107296249) (1107230713)
Protection zone: [0x0000000009000000 - 0x0000000009010000), (65536 bytes)

GC Precious Log:
 CardTable entry size: 512
 Card Set container configuration: InlinePtr #cards 5 size 8 Array Of Cards #cards 10 size 36 Howl #buckets 4 coarsen threshold 1843 Howl Bitmap #cards 512 size 80 coarsen threshold 460 Card regions per heap region 1 cards per card region 2048
 CPUs: 16 total, 16 available
 Memory: 15772M
 Large Page Support: Disabled
 NUMA Support: Disabled
 Compressed Oops: Enabled (32-bit)
 Heap Region Size: 1M
 Heap Min Capacity: 8M
 Heap Initial Capacity: 248M
 Heap Max Capacity: 2G
 Pre-touch: Disabled
 Parallel Workers: 13
 Concurrent Workers: 3
 Concurrent Refinement Workers: 13
 Periodic GC: Disabled

Heap:
 garbage-first heap   total reserved 2097152K, committed 1930240K, used 1388315K [0x0000000080000000, 0x0000000100000000)
  region size 1024K, 448 young (458752K), 51 survivors (52224K)

Heap Regions: E=young(eden), S=young(survivor), O=old, HS=humongous(starts), HC=humongous(continues), CS=collection set, F=free, TAMS=top-at-mark-start, PB=parsable bottom
|   0|0x0000000080000000, 0x0000000080100000, 0x0000000080100000|100%|HS|  |TAMS 0x0000000080000000| PB 0x0000000080000000| Complete |  0
|   1|0x0000000080100000, 0x0000000080200000, 0x0000000080200000|100%|HC|  |TAMS 0x0000000080100000| PB 0x0000000080100000| Complete |  0
|   2|0x0000000080200000, 0x0000000080300000, 0x0000000080300000|100%|HC|  |TAMS 0x0000000080200000| PB 0x0000000080200000| Complete |  0
|   3|0x0000000080300000, 0x0000000080400000, 0x0000000080400000|100%|HC|  |TAMS 0x0000000080300000| PB 0x0000000080300000| Complete |  0
|   4|0x0000000080400000, 0x0000000080500000, 0x0000000080500000|100%| O|  |TAMS 0x0000000080400000| PB 0x0000000080400000| Untracked |  0
|   5|0x0000000080500000, 0x00000000805fffe8, 0x0000000080600000| 99%| O|  |TAMS 0x0000000080500000| PB 0x0000000080500000| Untracked |  0
|   6|0x0000000080600000, 0x0000000080700000, 0x0000000080700000|100%|HS|  |TAMS 0x0000000080600000| PB 0x0000000080600000| Complete |  0
|   7|0x0000000080700000, 0x0000000080800000, 0x0000000080800000|100%| O|  |TAMS 0x0000000080700000| PB 0x0000000080700000| Untracked |  0
|   8|0x0000000080800000, 0x0000000080900000, 0x0000000080900000|100%| O|  |TAMS 0x0000000080800000| PB 0x0000000080800000| Untracked |  0
|   9|0x0000000080900000, 0x0000000080a00000, 0x0000000080a00000|100%| O|  |TAMS 0x0000000080900000| PB 0x0000000080900000| Untracked |  0
|  10|0x0000000080a00000, 0x0000000080afffe0, 0x0000000080b00000| 99%| O|  |TAMS 0x0000000080a00000| PB 0x0000000080a00000| Untracked |  0
|  11|0x0000000080b00000, 0x0000000080bffff0, 0x0000000080c00000| 99%| O|  |TAMS 0x0000000080b00000| PB 0x0000000080b00000| Untracked |  0
|  12|0x0000000080c00000, 0x0000000080d00000, 0x0000000080d00000|100%| O|  |TAMS 0x0000000080c00000| PB 0x0000000080c00000| Untracked |  0
|  13|0x0000000080d00000, 0x0000000080e00000, 0x0000000080e00000|100%| O|  |TAMS 0x0000000080d00000| PB 0x0000000080d00000| Untracked |  0
|  14|0x0000000080e00000, 0x0000000080f00000, 0x0000000080f00000|100%| O|  |TAMS 0x0000000080e00000| PB 0x0000000080e00000| Untracked |  0
|  15|0x0000000080f00000, 0x0000000080ffffc0, 0x0000000081000000| 99%| O|  |TAMS 0x0000000080f00000| PB 0x0000000080f00000| Untracked |  0
|  16|0x0000000081000000, 0x0000000081100000, 0x0000000081100000|100%| O|  |TAMS 0x0000000081000000| PB 0x0000000081000000| Untracked |  0
|  17|0x0000000081100000, 0x0000000081200000, 0x0000000081200000|100%| O|  |TAMS 0x0000000081100000| PB 0x0000000081100000| Untracked |  0
|  18|0x0000000081200000, 0x0000000081300000, 0x0000000081300000|100%| O|  |TAMS 0x0000000081200000| PB 0x0000000081200000| Untracked |  0
|  19|0x0000000081300000, 0x0000000081400000, 0x0000000081400000|100%| O|  |TAMS 0x0000000081300000| PB 0x0000000081300000| Untracked |  0
|  20|0x0000000081400000, 0x0000000081500000, 0x0000000081500000|100%| O|  |TAMS 0x0000000081400000| PB 0x0000000081400000| Untracked |  0
|  21|0x0000000081500000, 0x0000000081600000, 0x0000000081600000|100%| O|  |TAMS 0x0000000081500000| PB 0x0000000081500000| Untracked |  0
|  22|0x0000000081600000, 0x00000000816fffc0, 0x0000000081700000| 99%| O|  |TAMS 0x0000000081600000| PB 0x0000000081600000| Untracked |  0
|  23|0x0000000081700000, 0x00000000817f9f58, 0x0000000081800000| 97%| O|  |TAMS 0x0000000081700000| PB 0x0000000081700000| Untracked |  0
|  24|0x0000000081800000, 0x00000000818fffd8, 0x0000000081900000| 99%| O|  |TAMS 0x0000000081800000| PB 0x0000000081800000| Untracked |  0
|  25|0x0000000081900000, 0x00000000819fffe8, 0x0000000081a00000| 99%| O|  |TAMS 0x0000000081900000| PB 0x0000000081900000| Untracked |  0
|  26|0x0000000081a00000, 0x0000000081afffb0, 0x0000000081b00000| 99%| O|  |TAMS 0x0000000081a00000| PB 0x0000000081a00000| Untracked |  0
|  27|0x0000000081b00000, 0x0000000081bfb5d8, 0x0000000081c00000| 98%| O|  |TAMS 0x0000000081b00000| PB 0x0000000081b00000| Untracked |  0
|  28|0x0000000081c00000, 0x0000000081cffff0, 0x0000000081d00000| 99%| O|  |TAMS 0x0000000081c00000| PB 0x0000000081c00000| Untracked |  0
|  29|0x0000000081d00000, 0x0000000081dfffe0, 0x0000000081e00000| 99%| O|  |TAMS 0x0000000081d00000| PB 0x0000000081d00000| Untracked |  0
|  30|0x0000000081e00000, 0x0000000081f00000, 0x0000000081f00000|100%| O|  |TAMS 0x0000000081e00000| PB 0x0000000081e00000| Untracked |  0
|  31|0x0000000081f00000, 0x0000000081fffff8, 0x0000000082000000| 99%| O|  |TAMS 0x0000000081f00000| PB 0x0000000081f00000| Untracked |  0
|  32|0x0000000082000000, 0x0000000082100000, 0x0000000082100000|100%| O|  |TAMS 0x0000000082000000| PB 0x0000000082000000| Untracked |  0
|  33|0x0000000082100000, 0x0000000082200000, 0x0000000082200000|100%| O|  |TAMS 0x0000000082100000| PB 0x0000000082100000| Untracked |  0
|  34|0x0000000082200000, 0x00000000822f9520, 0x0000000082300000| 97%| O|  |TAMS 0x0000000082200000| PB 0x0000000082200000| Untracked |  0
|  35|0x0000000082300000, 0x0000000082400000, 0x0000000082400000|100%| O|  |TAMS 0x0000000082300000| PB 0x0000000082300000| Untracked |  0
|  36|0x0000000082400000, 0x00000000824ffff0, 0x0000000082500000| 99%| O|  |TAMS 0x0000000082400000| PB 0x0000000082400000| Untracked |  0
|  37|0x0000000082500000, 0x0000000082600000, 0x0000000082600000|100%| O|  |TAMS 0x0000000082500000| PB 0x0000000082500000| Untracked |  0
|  38|0x0000000082600000, 0x00000000826fa8a0, 0x0000000082700000| 97%| O|  |TAMS 0x0000000082600000| PB 0x0000000082600000| Untracked |  0
|  39|0x0000000082700000, 0x0000000082800000, 0x0000000082800000|100%| O|  |TAMS 0x0000000082700000| PB 0x0000000082700000| Untracked |  0
|  40|0x0000000082800000, 0x0000000082900000, 0x0000000082900000|100%| O|  |TAMS 0x0000000082800000| PB 0x0000000082800000| Untracked |  0
|  41|0x0000000082900000, 0x0000000082a00000, 0x0000000082a00000|100%| O|  |TAMS 0x0000000082900000| PB 0x0000000082900000| Untracked |  0
|  42|0x0000000082a00000, 0x0000000082b00000, 0x0000000082b00000|100%| O|  |TAMS 0x0000000082a00000| PB 0x0000000082a00000| Untracked |  0
|  43|0x0000000082b00000, 0x0000000082c00000, 0x0000000082c00000|100%| O|  |TAMS 0x0000000082b00000| PB 0x0000000082b00000| Untracked |  0
|  44|0x0000000082c00000, 0x0000000082d00000, 0x0000000082d00000|100%| O|  |TAMS 0x0000000082c00000| PB 0x0000000082c00000| Untracked |  0
|  45|0x0000000082d00000, 0x0000000082e00000, 0x0000000082e00000|100%| O|  |TAMS 0x0000000082d00000| PB 0x0000000082d00000| Untracked |  0
|  46|0x0000000082e00000, 0x0000000082f00000, 0x0000000082f00000|100%|HS|  |TAMS 0x0000000082e00000| PB 0x0000000082e00000| Complete |  0
|  47|0x0000000082f00000, 0x0000000083000000, 0x0000000083000000|100%|HS|  |TAMS 0x0000000082f00000| PB 0x0000000082f00000| Complete |  0
|  48|0x0000000083000000, 0x0000000083100000, 0x0000000083100000|100%|HS|  |TAMS 0x0000000083000000| PB 0x0000000083000000| Complete |  0
|  49|0x0000000083100000, 0x0000000083200000, 0x0000000083200000|100%|HC|  |TAMS 0x0000000083100000| PB 0x0000000083100000| Complete |  0
|  50|0x0000000083200000, 0x0000000083300000, 0x0000000083300000|100%|HS|  |TAMS 0x0000000083200000| PB 0x0000000083200000| Complete |  0
|  51|0x0000000083300000, 0x0000000083400000, 0x0000000083400000|100%|HS|  |TAMS 0x0000000083300000| PB 0x0000000083300000| Complete |  0
|  52|0x0000000083400000, 0x0000000083500000, 0x0000000083500000|100%|HS|  |TAMS 0x0000000083400000| PB 0x0000000083400000| Complete |  0
|  53|0x0000000083500000, 0x00000000835fff98, 0x0000000083600000| 99%| O|  |TAMS 0x0000000083500000| PB 0x0000000083500000| Untracked |  0
|  54|0x0000000083600000, 0x0000000083700000, 0x0000000083700000|100%| O|  |TAMS 0x0000000083600000| PB 0x0000000083600000| Untracked |  0
|  55|0x0000000083700000, 0x0000000083800000, 0x0000000083800000|100%|HS|  |TAMS 0x0000000083700000| PB 0x0000000083700000| Complete |  0
|  56|0x0000000083800000, 0x0000000083900000, 0x0000000083900000|100%| O|  |TAMS 0x0000000083800000| PB 0x0000000083800000| Untracked |  0
|  57|0x0000000083900000, 0x0000000083a00000, 0x0000000083a00000|100%| O|  |TAMS 0x0000000083900000| PB 0x0000000083900000| Untracked |  0
|  58|0x0000000083a00000, 0x0000000083b00000, 0x0000000083b00000|100%| O|  |TAMS 0x0000000083a00000| PB 0x0000000083a00000| Untracked |  0
|  59|0x0000000083b00000, 0x0000000083c00000, 0x0000000083c00000|100%| O|  |TAMS 0x0000000083b00000| PB 0x0000000083b00000| Untracked |  0
|  60|0x0000000083c00000, 0x0000000083d00000, 0x0000000083d00000|100%| O|  |TAMS 0x0000000083c00000| PB 0x0000000083c00000| Untracked |  0
|  61|0x0000000083d00000, 0x0000000083e00000, 0x0000000083e00000|100%| O|  |TAMS 0x0000000083d00000| PB 0x0000000083d00000| Untracked |  0
|  62|0x0000000083e00000, 0x0000000083f00000, 0x0000000083f00000|100%|HS|  |TAMS 0x0000000083e00000| PB 0x0000000083e00000| Complete |  0
|  63|0x0000000083f00000, 0x0000000084000000, 0x0000000084000000|100%|HC|  |TAMS 0x0000000083f00000| PB 0x0000000083f00000| Complete |  0
|  64|0x0000000084000000, 0x0000000084100000, 0x0000000084100000|100%| O|  |TAMS 0x0000000084000000| PB 0x0000000084000000| Untracked |  0
|  65|0x0000000084100000, 0x0000000084200000, 0x0000000084200000|100%| O|  |TAMS 0x0000000084100000| PB 0x0000000084100000| Untracked |  0
|  66|0x0000000084200000, 0x0000000084300000, 0x0000000084300000|100%| O|  |TAMS 0x0000000084200000| PB 0x0000000084200000| Untracked |  0
|  67|0x0000000084300000, 0x0000000084400000, 0x0000000084400000|100%| O|  |TAMS 0x0000000084300000| PB 0x0000000084300000| Untracked |  0
|  68|0x0000000084400000, 0x0000000084500000, 0x0000000084500000|100%| O|  |TAMS 0x0000000084400000| PB 0x0000000084400000| Untracked |  0
|  69|0x0000000084500000, 0x0000000084600000, 0x0000000084600000|100%| O|  |TAMS 0x0000000084500000| PB 0x0000000084500000| Untracked |  0
|  70|0x0000000084600000, 0x0000000084700000, 0x0000000084700000|100%| O|  |TAMS 0x0000000084600000| PB 0x0000000084600000| Untracked |  0
|  71|0x0000000084700000, 0x0000000084800000, 0x0000000084800000|100%|HS|  |TAMS 0x0000000084700000| PB 0x0000000084700000| Complete |  0
|  72|0x0000000084800000, 0x0000000084900000, 0x0000000084900000|100%| O|  |TAMS 0x0000000084800000| PB 0x0000000084800000| Untracked |  0
|  73|0x0000000084900000, 0x0000000084a00000, 0x0000000084a00000|100%|HS|  |TAMS 0x0000000084900000| PB 0x0000000084900000| Complete |  0
|  74|0x0000000084a00000, 0x0000000084b00000, 0x0000000084b00000|100%| O|  |TAMS 0x0000000084a00000| PB 0x0000000084a00000| Untracked |  0
|  75|0x0000000084b00000, 0x0000000084c00000, 0x0000000084c00000|100%| O|  |TAMS 0x0000000084b00000| PB 0x0000000084b00000| Untracked |  0
|  76|0x0000000084c00000, 0x0000000084d00000, 0x0000000084d00000|100%| O|  |TAMS 0x0000000084c00000| PB 0x0000000084c00000| Untracked |  0
|  77|0x0000000084d00000, 0x0000000084dffff0, 0x0000000084e00000| 99%| O|  |TAMS 0x0000000084d00000| PB 0x0000000084d00000| Untracked |  0
|  78|0x0000000084e00000, 0x0000000084effff8, 0x0000000084f00000| 99%| O|  |TAMS 0x0000000084e00000| PB 0x0000000084e00000| Untracked |  0
|  79|0x0000000084f00000, 0x0000000085000000, 0x0000000085000000|100%| O|  |TAMS 0x0000000084f00000| PB 0x0000000084f00000| Untracked |  0
|  80|0x0000000085000000, 0x00000000850fffe0, 0x0000000085100000| 99%| O|  |TAMS 0x0000000085000000| PB 0x0000000085000000| Untracked |  0
|  81|0x0000000085100000, 0x0000000085200000, 0x0000000085200000|100%| O|  |TAMS 0x0000000085100000| PB 0x0000000085100000| Untracked |  0
|  82|0x0000000085200000, 0x00000000852ffff0, 0x0000000085300000| 99%| O|  |TAMS 0x0000000085200000| PB 0x0000000085200000| Untracked |  0
|  83|0x0000000085300000, 0x0000000085400000, 0x0000000085400000|100%| O|  |TAMS 0x0000000085300000| PB 0x0000000085300000| Untracked |  0
|  84|0x0000000085400000, 0x0000000085500000, 0x0000000085500000|100%| O|  |TAMS 0x0000000085400000| PB 0x0000000085400000| Untracked |  0
|  85|0x0000000085500000, 0x0000000085600000, 0x0000000085600000|100%| O|  |TAMS 0x0000000085500000| PB 0x0000000085500000| Untracked |  0
|  86|0x0000000085600000, 0x0000000085700000, 0x0000000085700000|100%| O|  |TAMS 0x0000000085600000| PB 0x0000000085600000| Untracked |  0
|  87|0x0000000085700000, 0x0000000085800000, 0x0000000085800000|100%| O|  |TAMS 0x0000000085700000| PB 0x0000000085700000| Untracked |  0
|  88|0x0000000085800000, 0x0000000085900000, 0x0000000085900000|100%| O|  |TAMS 0x0000000085800000| PB 0x0000000085800000| Untracked |  0
|  89|0x0000000085900000, 0x00000000859fffe0, 0x0000000085a00000| 99%| O|  |TAMS 0x0000000085900000| PB 0x0000000085900000| Untracked |  0
|  90|0x0000000085a00000, 0x0000000085b00000, 0x0000000085b00000|100%| O|  |TAMS 0x0000000085a00000| PB 0x0000000085a00000| Untracked |  0
|  91|0x0000000085b00000, 0x0000000085c00000, 0x0000000085c00000|100%| O|  |TAMS 0x0000000085b00000| PB 0x0000000085b00000| Untracked |  0
|  92|0x0000000085c00000, 0x0000000085d00000, 0x0000000085d00000|100%| O|  |TAMS 0x0000000085c00000| PB 0x0000000085c00000| Untracked |  0
|  93|0x0000000085d00000, 0x0000000085dfff90, 0x0000000085e00000| 99%| O|  |TAMS 0x0000000085d00000| PB 0x0000000085d00000| Untracked |  0
|  94|0x0000000085e00000, 0x0000000085f00000, 0x0000000085f00000|100%| O|  |TAMS 0x0000000085e00000| PB 0x0000000085e00000| Untracked |  0
|  95|0x0000000085f00000, 0x0000000085fffff0, 0x0000000086000000| 99%| O|  |TAMS 0x0000000085f00000| PB 0x0000000085f00000| Untracked |  0
|  96|0x0000000086000000, 0x0000000086100000, 0x0000000086100000|100%| O|  |TAMS 0x0000000086000000| PB 0x0000000086000000| Untracked |  0
|  97|0x0000000086100000, 0x0000000086200000, 0x0000000086200000|100%| O|  |TAMS 0x0000000086100000| PB 0x0000000086100000| Untracked |  0
|  98|0x0000000086200000, 0x0000000086300000, 0x0000000086300000|100%| O|  |TAMS 0x0000000086200000| PB 0x0000000086200000| Untracked |  0
|  99|0x0000000086300000, 0x0000000086400000, 0x0000000086400000|100%| O|  |TAMS 0x0000000086300000| PB 0x0000000086300000| Untracked |  0
| 100|0x0000000086400000, 0x0000000086500000, 0x0000000086500000|100%| O|  |TAMS 0x0000000086400000| PB 0x0000000086400000| Untracked |  0
| 101|0x0000000086500000, 0x0000000086600000, 0x0000000086600000|100%| O|  |TAMS 0x0000000086500000| PB 0x0000000086500000| Untracked |  0
| 102|0x0000000086600000, 0x00000000866e4bb0, 0x0000000086700000| 89%| O|  |TAMS 0x0000000086600000| PB 0x0000000086600000| Untracked |  0
| 103|0x0000000086700000, 0x0000000086800000, 0x0000000086800000|100%| O|  |TAMS 0x0000000086700000| PB 0x0000000086700000| Untracked |  0
| 104|0x0000000086800000, 0x0000000086900000, 0x0000000086900000|100%| O|  |TAMS 0x0000000086800000| PB 0x0000000086800000| Untracked |  0
| 105|0x0000000086900000, 0x0000000086a00000, 0x0000000086a00000|100%| O|  |TAMS 0x0000000086900000| PB 0x0000000086900000| Untracked |  0
| 106|0x0000000086a00000, 0x0000000086b00000, 0x0000000086b00000|100%| O|  |TAMS 0x0000000086a00000| PB 0x0000000086a00000| Untracked |  0
| 107|0x0000000086b00000, 0x0000000086c00000, 0x0000000086c00000|100%| O|  |TAMS 0x0000000086b00000| PB 0x0000000086b00000| Untracked |  0
| 108|0x0000000086c00000, 0x0000000086d00000, 0x0000000086d00000|100%|HS|  |TAMS 0x0000000086c00000| PB 0x0000000086c00000| Complete |  0
| 109|0x0000000086d00000, 0x0000000086e00000, 0x0000000086e00000|100%| O|  |TAMS 0x0000000086d00000| PB 0x0000000086d00000| Untracked |  0
| 110|0x0000000086e00000, 0x0000000086f00000, 0x0000000086f00000|100%| O|  |TAMS 0x0000000086e00000| PB 0x0000000086e00000| Untracked |  0
| 111|0x0000000086f00000, 0x0000000086ffffc8, 0x0000000087000000| 99%| O|  |TAMS 0x0000000086f00000| PB 0x0000000086f00000| Untracked |  0
| 112|0x0000000087000000, 0x0000000087100000, 0x0000000087100000|100%| O|  |TAMS 0x0000000087000000| PB 0x0000000087000000| Untracked |  0
| 113|0x0000000087100000, 0x0000000087200000, 0x0000000087200000|100%| O|  |TAMS 0x0000000087100000| PB 0x0000000087100000| Untracked |  0
| 114|0x0000000087200000, 0x00000000872fff70, 0x0000000087300000| 99%| O|  |TAMS 0x0000000087200000| PB 0x0000000087200000| Untracked |  0
| 115|0x0000000087300000, 0x0000000087400000, 0x0000000087400000|100%| O|  |TAMS 0x0000000087300000| PB 0x0000000087300000| Untracked |  0
| 116|0x0000000087400000, 0x0000000087500000, 0x0000000087500000|100%| O|  |TAMS 0x0000000087400000| PB 0x0000000087400000| Untracked |  0
| 117|0x0000000087500000, 0x0000000087600000, 0x0000000087600000|100%| O|Cm|TAMS 0x0000000087500000| PB 0x0000000087500000| Complete |  0
| 118|0x0000000087600000, 0x00000000876ffff0, 0x0000000087700000| 99%| O|  |TAMS 0x0000000087600000| PB 0x0000000087600000| Untracked |  0
| 119|0x0000000087700000, 0x0000000087800000, 0x0000000087800000|100%| O|Cm|TAMS 0x0000000087700000| PB 0x0000000087700000| Complete |  0
| 120|0x0000000087800000, 0x0000000087900000, 0x0000000087900000|100%| O|Cm|TAMS 0x0000000087800000| PB 0x0000000087800000| Complete |  0
| 121|0x0000000087900000, 0x0000000087a00000, 0x0000000087a00000|100%| O|Cm|TAMS 0x0000000087900000| PB 0x0000000087900000| Complete |  0
| 122|0x0000000087a00000, 0x0000000087b00000, 0x0000000087b00000|100%| O|  |TAMS 0x0000000087a00000| PB 0x0000000087a00000| Untracked |  0
| 123|0x0000000087b00000, 0x0000000087c00000, 0x0000000087c00000|100%| O|  |TAMS 0x0000000087b00000| PB 0x0000000087b00000| Untracked |  0
| 124|0x0000000087c00000, 0x0000000087d00000, 0x0000000087d00000|100%| O|Cm|TAMS 0x0000000087c00000| PB 0x0000000087c00000| Complete |  0
| 125|0x0000000087d00000, 0x0000000087e00000, 0x0000000087e00000|100%| O|  |TAMS 0x0000000087d00000| PB 0x0000000087d00000| Untracked |  0
| 126|0x0000000087e00000, 0x0000000087f00000, 0x0000000087f00000|100%| O|  |TAMS 0x0000000087e00000| PB 0x0000000087e00000| Untracked |  0
| 127|0x0000000087f00000, 0x0000000087ffffd8, 0x0000000088000000| 99%| O|  |TAMS 0x0000000087f00000| PB 0x0000000087f00000| Untracked |  0
| 128|0x0000000088000000, 0x00000000880ffff0, 0x0000000088100000| 99%| O|  |TAMS 0x0000000088000000| PB 0x0000000088000000| Untracked |  0
| 129|0x0000000088100000, 0x0000000088200000, 0x0000000088200000|100%| O|  |TAMS 0x0000000088100000| PB 0x0000000088100000| Untracked |  0
| 130|0x0000000088200000, 0x0000000088300000, 0x0000000088300000|100%| O|  |TAMS 0x0000000088200000| PB 0x0000000088200000| Untracked |  0
| 131|0x0000000088300000, 0x0000000088400000, 0x0000000088400000|100%| O|  |TAMS 0x0000000088300000| PB 0x0000000088300000| Untracked |  0
| 132|0x0000000088400000, 0x0000000088500000, 0x0000000088500000|100%| O|  |TAMS 0x0000000088400000| PB 0x0000000088400000| Untracked |  0
| 133|0x0000000088500000, 0x0000000088600000, 0x0000000088600000|100%| O|  |TAMS 0x0000000088500000| PB 0x0000000088500000| Untracked |  0
| 134|0x0000000088600000, 0x0000000088700000, 0x0000000088700000|100%| O|  |TAMS 0x0000000088600000| PB 0x0000000088600000| Untracked |  0
| 135|0x0000000088700000, 0x0000000088800000, 0x0000000088800000|100%| O|  |TAMS 0x0000000088700000| PB 0x0000000088700000| Untracked |  0
| 136|0x0000000088800000, 0x0000000088900000, 0x0000000088900000|100%| O|  |TAMS 0x0000000088800000| PB 0x0000000088800000| Untracked |  0
| 137|0x0000000088900000, 0x0000000088a00000, 0x0000000088a00000|100%| O|  |TAMS 0x0000000088900000| PB 0x0000000088900000| Untracked |  0
| 138|0x0000000088a00000, 0x0000000088b00000, 0x0000000088b00000|100%| O|Cm|TAMS 0x0000000088a00000| PB 0x0000000088a00000| Complete |  0
| 139|0x0000000088b00000, 0x0000000088c00000, 0x0000000088c00000|100%| O|  |TAMS 0x0000000088b00000| PB 0x0000000088b00000| Untracked |  0
| 140|0x0000000088c00000, 0x0000000088d00000, 0x0000000088d00000|100%| O|Cm|TAMS 0x0000000088c00000| PB 0x0000000088c00000| Complete |  0
| 141|0x0000000088d00000, 0x0000000088e00000, 0x0000000088e00000|100%| O|  |TAMS 0x0000000088d00000| PB 0x0000000088d00000| Untracked |  0
| 142|0x0000000088e00000, 0x0000000088e79180, 0x0000000088f00000| 47%| O|  |TAMS 0x0000000088e00000| PB 0x0000000088e00000| Untracked |  0
| 143|0x0000000088f00000, 0x0000000089000000, 0x0000000089000000|100%| O|  |TAMS 0x0000000088f00000| PB 0x0000000088f00000| Untracked |  0
| 144|0x0000000089000000, 0x0000000089100000, 0x0000000089100000|100%|HS|  |TAMS 0x0000000089000000| PB 0x0000000089000000| Complete |  0
| 145|0x0000000089100000, 0x0000000089200000, 0x0000000089200000|100%|HC|  |TAMS 0x0000000089100000| PB 0x0000000089100000| Complete |  0
| 146|0x0000000089200000, 0x0000000089300000, 0x0000000089300000|100%|HC|  |TAMS 0x0000000089200000| PB 0x0000000089200000| Complete |  0
| 147|0x0000000089300000, 0x0000000089400000, 0x0000000089400000|100%|HC|  |TAMS 0x0000000089300000| PB 0x0000000089300000| Complete |  0
| 148|0x0000000089400000, 0x0000000089500000, 0x0000000089500000|100%|HC|  |TAMS 0x0000000089400000| PB 0x0000000089400000| Complete |  0
| 149|0x0000000089500000, 0x0000000089600000, 0x0000000089600000|100%| O|  |TAMS 0x0000000089500000| PB 0x0000000089500000| Untracked |  0
| 150|0x0000000089600000, 0x0000000089700000, 0x0000000089700000|100%| O|  |TAMS 0x0000000089600000| PB 0x0000000089600000| Untracked |  0
| 151|0x0000000089700000, 0x0000000089800000, 0x0000000089800000|100%| O|  |TAMS 0x0000000089700000| PB 0x0000000089700000| Untracked |  0
| 152|0x0000000089800000, 0x0000000089900000, 0x0000000089900000|100%| O|  |TAMS 0x0000000089800000| PB 0x0000000089800000| Untracked |  0
| 153|0x0000000089900000, 0x0000000089a00000, 0x0000000089a00000|100%| O|Cm|TAMS 0x0000000089900000| PB 0x0000000089900000| Complete |  0
| 154|0x0000000089a00000, 0x0000000089b00000, 0x0000000089b00000|100%| O|  |TAMS 0x0000000089a00000| PB 0x0000000089a00000| Untracked |  0
| 155|0x0000000089b00000, 0x0000000089c00000, 0x0000000089c00000|100%| O|  |TAMS 0x0000000089b00000| PB 0x0000000089b00000| Untracked |  0
| 156|0x0000000089c00000, 0x0000000089d00000, 0x0000000089d00000|100%| O|  |TAMS 0x0000000089c00000| PB 0x0000000089c00000| Untracked |  0
| 157|0x0000000089d00000, 0x0000000089e00000, 0x0000000089e00000|100%| O|Cm|TAMS 0x0000000089d00000| PB 0x0000000089d00000| Complete |  0
| 158|0x0000000089e00000, 0x0000000089f00000, 0x0000000089f00000|100%| O|  |TAMS 0x0000000089e00000| PB 0x0000000089e00000| Untracked |  0
| 159|0x0000000089f00000, 0x000000008a000000, 0x000000008a000000|100%| O|  |TAMS 0x0000000089f00000| PB 0x0000000089f00000| Untracked |  0
| 160|0x000000008a000000, 0x000000008a100000, 0x000000008a100000|100%| O|  |TAMS 0x000000008a000000| PB 0x000000008a000000| Untracked |  0
| 161|0x000000008a100000, 0x000000008a200000, 0x000000008a200000|100%| O|  |TAMS 0x000000008a100000| PB 0x000000008a100000| Untracked |  0
| 162|0x000000008a200000, 0x000000008a300000, 0x000000008a300000|100%| O|Cm|TAMS 0x000000008a200000| PB 0x000000008a200000| Complete |  0
| 163|0x000000008a300000, 0x000000008a400000, 0x000000008a400000|100%| O|  |TAMS 0x000000008a300000| PB 0x000000008a300000| Untracked |  0
| 164|0x000000008a400000, 0x000000008a500000, 0x000000008a500000|100%| O|  |TAMS 0x000000008a400000| PB 0x000000008a400000| Untracked |  0
| 165|0x000000008a500000, 0x000000008a600000, 0x000000008a600000|100%|HS|  |TAMS 0x000000008a500000| PB 0x000000008a500000| Complete |  0
| 166|0x000000008a600000, 0x000000008a700000, 0x000000008a700000|100%| O|  |TAMS 0x000000008a600000| PB 0x000000008a600000| Untracked |  0
| 167|0x000000008a700000, 0x000000008a800000, 0x000000008a800000|100%| O|  |TAMS 0x000000008a700000| PB 0x000000008a700000| Untracked |  0
| 168|0x000000008a800000, 0x000000008a900000, 0x000000008a900000|100%| O|Cm|TAMS 0x000000008a800000| PB 0x000000008a800000| Complete |  0
| 169|0x000000008a900000, 0x000000008aa00000, 0x000000008aa00000|100%| O|Cm|TAMS 0x000000008a900000| PB 0x000000008a900000| Complete |  0
| 170|0x000000008aa00000, 0x000000008ab00000, 0x000000008ab00000|100%| O|Cm|TAMS 0x000000008aa00000| PB 0x000000008aa00000| Complete |  0
| 171|0x000000008ab00000, 0x000000008ac00000, 0x000000008ac00000|100%| O|  |TAMS 0x000000008ab00000| PB 0x000000008ab00000| Untracked |  0
| 172|0x000000008ac00000, 0x000000008ad00000, 0x000000008ad00000|100%| O|  |TAMS 0x000000008ac00000| PB 0x000000008ac00000| Untracked |  0
| 173|0x000000008ad00000, 0x000000008ae00000, 0x000000008ae00000|100%| O|  |TAMS 0x000000008ad00000| PB 0x000000008ad00000| Untracked |  0
| 174|0x000000008ae00000, 0x000000008af00000, 0x000000008af00000|100%| O|  |TAMS 0x000000008ae00000| PB 0x000000008ae00000| Untracked |  0
| 175|0x000000008af00000, 0x000000008b000000, 0x000000008b000000|100%| O|  |TAMS 0x000000008af00000| PB 0x000000008af00000| Untracked |  0
| 176|0x000000008b000000, 0x000000008b100000, 0x000000008b100000|100%|HS|  |TAMS 0x000000008b000000| PB 0x000000008b000000| Complete |  0
| 177|0x000000008b100000, 0x000000008b200000, 0x000000008b200000|100%| O|  |TAMS 0x000000008b100000| PB 0x000000008b100000| Untracked |  0
| 178|0x000000008b200000, 0x000000008b300000, 0x000000008b300000|100%| O|  |TAMS 0x000000008b200000| PB 0x000000008b200000| Untracked |  0
| 179|0x000000008b300000, 0x000000008b400000, 0x000000008b400000|100%| O|  |TAMS 0x000000008b300000| PB 0x000000008b300000| Untracked |  0
| 180|0x000000008b400000, 0x000000008b500000, 0x000000008b500000|100%| O|  |TAMS 0x000000008b400000| PB 0x000000008b400000| Untracked |  0
| 181|0x000000008b500000, 0x000000008b600000, 0x000000008b600000|100%|HS|  |TAMS 0x000000008b500000| PB 0x000000008b500000| Complete |  0
| 182|0x000000008b600000, 0x000000008b700000, 0x000000008b700000|100%| O|  |TAMS 0x000000008b600000| PB 0x000000008b600000| Untracked |  0
| 183|0x000000008b700000, 0x000000008b800000, 0x000000008b800000|100%| O|  |TAMS 0x000000008b700000| PB 0x000000008b700000| Untracked |  0
| 184|0x000000008b800000, 0x000000008b900000, 0x000000008b900000|100%| O|Cm|TAMS 0x000000008b800000| PB 0x000000008b800000| Complete |  0
| 185|0x000000008b900000, 0x000000008ba00000, 0x000000008ba00000|100%| O|  |TAMS 0x000000008b900000| PB 0x000000008b900000| Untracked |  0
| 186|0x000000008ba00000, 0x000000008bb00000, 0x000000008bb00000|100%|HS|  |TAMS 0x000000008ba00000| PB 0x000000008ba00000| Complete |  0
| 187|0x000000008bb00000, 0x000000008bc00000, 0x000000008bc00000|100%| O|Cm|TAMS 0x000000008bb00000| PB 0x000000008bb00000| Complete |  0
| 188|0x000000008bc00000, 0x000000008bd00000, 0x000000008bd00000|100%| O|Cm|TAMS 0x000000008bc00000| PB 0x000000008bc00000| Complete |  0
| 189|0x000000008bd00000, 0x000000008be00000, 0x000000008be00000|100%| O|  |TAMS 0x000000008bd00000| PB 0x000000008bd00000| Untracked |  0
| 190|0x000000008be00000, 0x000000008bf00000, 0x000000008bf00000|100%| O|  |TAMS 0x000000008be00000| PB 0x000000008be00000| Untracked |  0
| 191|0x000000008bf00000, 0x000000008c000000, 0x000000008c000000|100%| O|  |TAMS 0x000000008bf00000| PB 0x000000008bf00000| Untracked |  0
| 192|0x000000008c000000, 0x000000008c100000, 0x000000008c100000|100%| O|Cm|TAMS 0x000000008c000000| PB 0x000000008c000000| Complete |  0
| 193|0x000000008c100000, 0x000000008c200000, 0x000000008c200000|100%| O|  |TAMS 0x000000008c100000| PB 0x000000008c100000| Untracked |  0
| 194|0x000000008c200000, 0x000000008c300000, 0x000000008c300000|100%| O|Cm|TAMS 0x000000008c200000| PB 0x000000008c200000| Complete |  0
| 195|0x000000008c300000, 0x000000008c400000, 0x000000008c400000|100%| O|  |TAMS 0x000000008c300000| PB 0x000000008c300000| Untracked |  0
| 196|0x000000008c400000, 0x000000008c500000, 0x000000008c500000|100%|HS|  |TAMS 0x000000008c400000| PB 0x000000008c400000| Complete |  0
| 197|0x000000008c500000, 0x000000008c600000, 0x000000008c600000|100%| O|  |TAMS 0x000000008c500000| PB 0x000000008c500000| Untracked |  0
| 198|0x000000008c600000, 0x000000008c700000, 0x000000008c700000|100%| O|Cm|TAMS 0x000000008c600000| PB 0x000000008c600000| Complete |  0
| 199|0x000000008c700000, 0x000000008c800000, 0x000000008c800000|100%| O|Cm|TAMS 0x000000008c700000| PB 0x000000008c700000| Complete |  0
| 200|0x000000008c800000, 0x000000008c900000, 0x000000008c900000|100%|HS|  |TAMS 0x000000008c800000| PB 0x000000008c800000| Complete |  0
| 201|0x000000008c900000, 0x000000008ca00000, 0x000000008ca00000|100%| O|  |TAMS 0x000000008c900000| PB 0x000000008c900000| Untracked |  0
| 202|0x000000008ca00000, 0x000000008cb00000, 0x000000008cb00000|100%| O|  |TAMS 0x000000008ca00000| PB 0x000000008ca00000| Untracked |  0
| 203|0x000000008cb00000, 0x000000008cc00000, 0x000000008cc00000|100%| O|  |TAMS 0x000000008cb00000| PB 0x000000008cb00000| Untracked |  0
| 204|0x000000008cc00000, 0x000000008cd00000, 0x000000008cd00000|100%| O|  |TAMS 0x000000008cc00000| PB 0x000000008cc00000| Untracked |  0
| 205|0x000000008cd00000, 0x000000008ce00000, 0x000000008ce00000|100%| O|  |TAMS 0x000000008cd00000| PB 0x000000008cd00000| Untracked |  0
| 206|0x000000008ce00000, 0x000000008cf00000, 0x000000008cf00000|100%|HS|  |TAMS 0x000000008ce00000| PB 0x000000008ce00000| Complete |  0
| 207|0x000000008cf00000, 0x000000008d000000, 0x000000008d000000|100%| O|Cm|TAMS 0x000000008cf00000| PB 0x000000008cf00000| Complete |  0
| 208|0x000000008d000000, 0x000000008d100000, 0x000000008d100000|100%| O|  |TAMS 0x000000008d000000| PB 0x000000008d000000| Untracked |  0
| 209|0x000000008d100000, 0x000000008d200000, 0x000000008d200000|100%| O|  |TAMS 0x000000008d100000| PB 0x000000008d100000| Untracked |  0
| 210|0x000000008d200000, 0x000000008d300000, 0x000000008d300000|100%| O|  |TAMS 0x000000008d200000| PB 0x000000008d200000| Untracked |  0
| 211|0x000000008d300000, 0x000000008d400000, 0x000000008d400000|100%| O|  |TAMS 0x000000008d300000| PB 0x000000008d300000| Untracked |  0
| 212|0x000000008d400000, 0x000000008d500000, 0x000000008d500000|100%| O|  |TAMS 0x000000008d400000| PB 0x000000008d400000| Untracked |  0
| 213|0x000000008d500000, 0x000000008d600000, 0x000000008d600000|100%| O|Cm|TAMS 0x000000008d500000| PB 0x000000008d500000| Complete |  0
| 214|0x000000008d600000, 0x000000008d700000, 0x000000008d700000|100%| O|  |TAMS 0x000000008d600000| PB 0x000000008d600000| Untracked |  0
| 215|0x000000008d700000, 0x000000008d800000, 0x000000008d800000|100%| O|  |TAMS 0x000000008d700000| PB 0x000000008d700000| Untracked |  0
| 216|0x000000008d800000, 0x000000008d900000, 0x000000008d900000|100%| O|Cm|TAMS 0x000000008d800000| PB 0x000000008d800000| Complete |  0
| 217|0x000000008d900000, 0x000000008da00000, 0x000000008da00000|100%| O|Cm|TAMS 0x000000008d900000| PB 0x000000008d900000| Complete |  0
| 218|0x000000008da00000, 0x000000008db00000, 0x000000008db00000|100%| O|  |TAMS 0x000000008da00000| PB 0x000000008da00000| Untracked |  0
| 219|0x000000008db00000, 0x000000008dc00000, 0x000000008dc00000|100%| O|  |TAMS 0x000000008db00000| PB 0x000000008db00000| Untracked |  0
| 220|0x000000008dc00000, 0x000000008dd00000, 0x000000008dd00000|100%| O|Cm|TAMS 0x000000008dc00000| PB 0x000000008dc00000| Complete |  0
| 221|0x000000008dd00000, 0x000000008de00000, 0x000000008de00000|100%|HS|  |TAMS 0x000000008dd00000| PB 0x000000008dd00000| Complete |  0
| 222|0x000000008de00000, 0x000000008df00000, 0x000000008df00000|100%| O|Cm|TAMS 0x000000008de00000| PB 0x000000008de00000| Complete |  0
| 223|0x000000008df00000, 0x000000008e000000, 0x000000008e000000|100%| O|Cm|TAMS 0x000000008df00000| PB 0x000000008df00000| Complete |  0
| 224|0x000000008e000000, 0x000000008e100000, 0x000000008e100000|100%| O|  |TAMS 0x000000008e000000| PB 0x000000008e000000| Untracked |  0
| 225|0x000000008e100000, 0x000000008e200000, 0x000000008e200000|100%| O|  |TAMS 0x000000008e100000| PB 0x000000008e100000| Untracked |  0
| 226|0x000000008e200000, 0x000000008e300000, 0x000000008e300000|100%| O|Cm|TAMS 0x000000008e200000| PB 0x000000008e200000| Complete |  0
| 227|0x000000008e300000, 0x000000008e400000, 0x000000008e400000|100%|HS|  |TAMS 0x000000008e300000| PB 0x000000008e300000| Complete |  0
| 228|0x000000008e400000, 0x000000008e500000, 0x000000008e500000|100%|HC|  |TAMS 0x000000008e400000| PB 0x000000008e400000| Complete |  0
| 229|0x000000008e500000, 0x000000008e600000, 0x000000008e600000|100%| O|  |TAMS 0x000000008e500000| PB 0x000000008e500000| Untracked |  0
| 230|0x000000008e600000, 0x000000008e700000, 0x000000008e700000|100%|HS|  |TAMS 0x000000008e600000| PB 0x000000008e600000| Complete |  0
| 231|0x000000008e700000, 0x000000008e800000, 0x000000008e800000|100%| O|  |TAMS 0x000000008e700000| PB 0x000000008e700000| Untracked |  0
| 232|0x000000008e800000, 0x000000008e900000, 0x000000008e900000|100%| O|  |TAMS 0x000000008e800000| PB 0x000000008e800000| Untracked |  0
| 233|0x000000008e900000, 0x000000008ea00000, 0x000000008ea00000|100%|HS|  |TAMS 0x000000008e900000| PB 0x000000008e900000| Complete |  0
| 234|0x000000008ea00000, 0x000000008eb00000, 0x000000008eb00000|100%|HC|  |TAMS 0x000000008ea00000| PB 0x000000008ea00000| Complete |  0
| 235|0x000000008eb00000, 0x000000008ec00000, 0x000000008ec00000|100%|HS|  |TAMS 0x000000008eb00000| PB 0x000000008eb00000| Complete |  0
| 236|0x000000008ec00000, 0x000000008ed00000, 0x000000008ed00000|100%|HC|  |TAMS 0x000000008ec00000| PB 0x000000008ec00000| Complete |  0
| 237|0x000000008ed00000, 0x000000008ee00000, 0x000000008ee00000|100%| O|  |TAMS 0x000000008ed00000| PB 0x000000008ed00000| Untracked |  0
| 238|0x000000008ee00000, 0x000000008ef00000, 0x000000008ef00000|100%|HS|  |TAMS 0x000000008ee00000| PB 0x000000008ee00000| Complete |  0
| 239|0x000000008ef00000, 0x000000008f000000, 0x000000008f000000|100%|HC|  |TAMS 0x000000008ef00000| PB 0x000000008ef00000| Complete |  0
| 240|0x000000008f000000, 0x000000008f100000, 0x000000008f100000|100%|HS|  |TAMS 0x000000008f000000| PB 0x000000008f000000| Complete |  0
| 241|0x000000008f100000, 0x000000008f200000, 0x000000008f200000|100%|HC|  |TAMS 0x000000008f100000| PB 0x000000008f100000| Complete |  0
| 242|0x000000008f200000, 0x000000008f300000, 0x000000008f300000|100%| O|  |TAMS 0x000000008f200000| PB 0x000000008f200000| Untracked |  0
| 243|0x000000008f300000, 0x000000008f400000, 0x000000008f400000|100%| O|Cm|TAMS 0x000000008f300000| PB 0x000000008f300000| Complete |  0
| 244|0x000000008f400000, 0x000000008f500000, 0x000000008f500000|100%|HS|  |TAMS 0x000000008f400000| PB 0x000000008f400000| Complete |  0
| 245|0x000000008f500000, 0x000000008f600000, 0x000000008f600000|100%|HC|  |TAMS 0x000000008f500000| PB 0x000000008f500000| Complete |  0
| 246|0x000000008f600000, 0x000000008f700000, 0x000000008f700000|100%|HS|  |TAMS 0x000000008f600000| PB 0x000000008f600000| Complete |  0
| 247|0x000000008f700000, 0x000000008f800000, 0x000000008f800000|100%|HC|  |TAMS 0x000000008f700000| PB 0x000000008f700000| Complete |  0
| 248|0x000000008f800000, 0x000000008f900000, 0x000000008f900000|100%|HS|  |TAMS 0x000000008f800000| PB 0x000000008f800000| Complete |  0
| 249|0x000000008f900000, 0x000000008fa00000, 0x000000008fa00000|100%| O|  |TAMS 0x000000008f900000| PB 0x000000008f900000| Untracked |  0
| 250|0x000000008fa00000, 0x000000008fb00000, 0x000000008fb00000|100%|HS|  |TAMS 0x000000008fa00000| PB 0x000000008fa00000| Complete |  0
| 251|0x000000008fb00000, 0x000000008fc00000, 0x000000008fc00000|100%|HC|  |TAMS 0x000000008fb00000| PB 0x000000008fb00000| Complete |  0
| 252|0x000000008fc00000, 0x000000008fd00000, 0x000000008fd00000|100%|HS|  |TAMS 0x000000008fc00000| PB 0x000000008fc00000| Complete |  0
| 253|0x000000008fd00000, 0x000000008fe00000, 0x000000008fe00000|100%|HC|  |TAMS 0x000000008fd00000| PB 0x000000008fd00000| Complete |  0
| 254|0x000000008fe00000, 0x000000008ff00000, 0x000000008ff00000|100%|HS|  |TAMS 0x000000008fe00000| PB 0x000000008fe00000| Complete |  0
| 255|0x000000008ff00000, 0x0000000090000000, 0x0000000090000000|100%|HC|  |TAMS 0x000000008ff00000| PB 0x000000008ff00000| Complete |  0
| 256|0x0000000090000000, 0x0000000090100000, 0x0000000090100000|100%| O|  |TAMS 0x0000000090000000| PB 0x0000000090000000| Untracked |  0
| 257|0x0000000090100000, 0x0000000090200000, 0x0000000090200000|100%| O|  |TAMS 0x0000000090100000| PB 0x0000000090100000| Untracked |  0
| 258|0x0000000090200000, 0x0000000090300000, 0x0000000090300000|100%|HS|  |TAMS 0x0000000090200000| PB 0x0000000090200000| Complete |  0
| 259|0x0000000090300000, 0x0000000090400000, 0x0000000090400000|100%|HC|  |TAMS 0x0000000090300000| PB 0x0000000090300000| Complete |  0
| 260|0x0000000090400000, 0x0000000090500000, 0x0000000090500000|100%|HS|  |TAMS 0x0000000090400000| PB 0x0000000090400000| Complete |  0
| 261|0x0000000090500000, 0x0000000090600000, 0x0000000090600000|100%| O|Cm|TAMS 0x0000000090500000| PB 0x0000000090500000| Complete |  0
| 262|0x0000000090600000, 0x0000000090700000, 0x0000000090700000|100%| O|  |TAMS 0x0000000090600000| PB 0x0000000090600000| Untracked |  0
| 263|0x0000000090700000, 0x0000000090800000, 0x0000000090800000|100%| O|Cm|TAMS 0x0000000090700000| PB 0x0000000090700000| Complete |  0
| 264|0x0000000090800000, 0x0000000090900000, 0x0000000090900000|100%| O|  |TAMS 0x0000000090800000| PB 0x0000000090800000| Untracked |  0
| 265|0x0000000090900000, 0x0000000090a00000, 0x0000000090a00000|100%| O|  |TAMS 0x0000000090900000| PB 0x0000000090900000| Untracked |  0
| 266|0x0000000090a00000, 0x0000000090b00000, 0x0000000090b00000|100%| O|  |TAMS 0x0000000090a00000| PB 0x0000000090a00000| Untracked |  0
| 267|0x0000000090b00000, 0x0000000090c00000, 0x0000000090c00000|100%| O|  |TAMS 0x0000000090b00000| PB 0x0000000090b00000| Untracked |  0
| 268|0x0000000090c00000, 0x0000000090d00000, 0x0000000090d00000|100%| O|  |TAMS 0x0000000090c00000| PB 0x0000000090c00000| Untracked |  0
| 269|0x0000000090d00000, 0x0000000090e00000, 0x0000000090e00000|100%| O|  |TAMS 0x0000000090d00000| PB 0x0000000090d00000| Untracked |  0
| 270|0x0000000090e00000, 0x0000000090e00000, 0x0000000090f00000|  0%| F|  |TAMS 0x0000000090e00000| PB 0x0000000090e00000| Untracked |  0
| 271|0x0000000090f00000, 0x0000000091000000, 0x0000000091000000|100%| O|  |TAMS 0x0000000090f00000| PB 0x0000000090f00000| Untracked |  0
| 272|0x0000000091000000, 0x0000000091100000, 0x0000000091100000|100%| O|  |TAMS 0x0000000091000000| PB 0x0000000091000000| Untracked |  0
| 273|0x0000000091100000, 0x0000000091200000, 0x0000000091200000|100%|HS|  |TAMS 0x0000000091100000| PB 0x0000000091100000| Complete |  0
| 274|0x0000000091200000, 0x0000000091300000, 0x0000000091300000|100%|HC|  |TAMS 0x0000000091200000| PB 0x0000000091200000| Complete |  0
| 275|0x0000000091300000, 0x0000000091400000, 0x0000000091400000|100%| O|  |TAMS 0x0000000091300000| PB 0x0000000091300000| Untracked |  0
| 276|0x0000000091400000, 0x0000000091500000, 0x0000000091500000|100%|HS|  |TAMS 0x0000000091400000| PB 0x0000000091400000| Complete |  0
| 277|0x0000000091500000, 0x0000000091600000, 0x0000000091600000|100%|HC|  |TAMS 0x0000000091500000| PB 0x0000000091500000| Complete |  0
| 278|0x0000000091600000, 0x0000000091700000, 0x0000000091700000|100%| O|  |TAMS 0x0000000091600000| PB 0x0000000091600000| Untracked |  0
| 279|0x0000000091700000, 0x0000000091800000, 0x0000000091800000|100%| O|  |TAMS 0x0000000091700000| PB 0x0000000091700000| Untracked |  0
| 280|0x0000000091800000, 0x0000000091900000, 0x0000000091900000|100%| O|  |TAMS 0x0000000091800000| PB 0x0000000091800000| Untracked |  0
| 281|0x0000000091900000, 0x0000000091a00000, 0x0000000091a00000|100%|HS|  |TAMS 0x0000000091900000| PB 0x0000000091900000| Complete |  0
| 282|0x0000000091a00000, 0x0000000091b00000, 0x0000000091b00000|100%|HC|  |TAMS 0x0000000091a00000| PB 0x0000000091a00000| Complete |  0
| 283|0x0000000091b00000, 0x0000000091c00000, 0x0000000091c00000|100%|HS|  |TAMS 0x0000000091b00000| PB 0x0000000091b00000| Complete |  0
| 284|0x0000000091c00000, 0x0000000091d00000, 0x0000000091d00000|100%|HC|  |TAMS 0x0000000091c00000| PB 0x0000000091c00000| Complete |  0
| 285|0x0000000091d00000, 0x0000000091e00000, 0x0000000091e00000|100%| O|  |TAMS 0x0000000091d00000| PB 0x0000000091d00000| Untracked |  0
| 286|0x0000000091e00000, 0x0000000091f00000, 0x0000000091f00000|100%| O|  |TAMS 0x0000000091e00000| PB 0x0000000091e00000| Untracked |  0
| 287|0x0000000091f00000, 0x0000000092000000, 0x0000000092000000|100%| O|  |TAMS 0x0000000091f00000| PB 0x0000000091f00000| Untracked |  0
| 288|0x0000000092000000, 0x0000000092000000, 0x0000000092100000|  0%| F|  |TAMS 0x0000000092000000| PB 0x0000000092000000| Untracked |  0
| 289|0x0000000092100000, 0x0000000092200000, 0x0000000092200000|100%| O|  |TAMS 0x0000000092100000| PB 0x0000000092100000| Untracked |  0
| 290|0x0000000092200000, 0x0000000092300000, 0x0000000092300000|100%| O|  |TAMS 0x0000000092200000| PB 0x0000000092200000| Untracked |  0
| 291|0x0000000092300000, 0x0000000092400000, 0x0000000092400000|100%|HS|  |TAMS 0x0000000092300000| PB 0x0000000092300000| Complete |  0
| 292|0x0000000092400000, 0x0000000092500000, 0x0000000092500000|100%|HC|  |TAMS 0x0000000092400000| PB 0x0000000092400000| Complete |  0
| 293|0x0000000092500000, 0x0000000092600000, 0x0000000092600000|100%|HS|  |TAMS 0x0000000092500000| PB 0x0000000092500000| Complete |  0
| 294|0x0000000092600000, 0x0000000092700000, 0x0000000092700000|100%|HC|  |TAMS 0x0000000092600000| PB 0x0000000092600000| Complete |  0
| 295|0x0000000092700000, 0x0000000092800000, 0x0000000092800000|100%| O|Cm|TAMS 0x0000000092700000| PB 0x0000000092700000| Complete |  0
| 296|0x0000000092800000, 0x0000000092800000, 0x0000000092900000|  0%| F|  |TAMS 0x0000000092800000| PB 0x0000000092800000| Untracked |  0
| 297|0x0000000092900000, 0x0000000092a00000, 0x0000000092a00000|100%| O|Cm|TAMS 0x0000000092900000| PB 0x0000000092900000| Complete |  0
| 298|0x0000000092a00000, 0x0000000092b00000, 0x0000000092b00000|100%| O|  |TAMS 0x0000000092a00000| PB 0x0000000092a00000| Untracked |  0
| 299|0x0000000092b00000, 0x0000000092c00000, 0x0000000092c00000|100%|HS|  |TAMS 0x0000000092b00000| PB 0x0000000092b00000| Complete |  0
| 300|0x0000000092c00000, 0x0000000092d00000, 0x0000000092d00000|100%|HC|  |TAMS 0x0000000092c00000| PB 0x0000000092c00000| Complete |  0
| 301|0x0000000092d00000, 0x0000000092e00000, 0x0000000092e00000|100%| O|  |TAMS 0x0000000092d00000| PB 0x0000000092d00000| Untracked |  0
| 302|0x0000000092e00000, 0x0000000092f00000, 0x0000000092f00000|100%|HS|  |TAMS 0x0000000092e00000| PB 0x0000000092e00000| Complete |  0
| 303|0x0000000092f00000, 0x0000000093000000, 0x0000000093000000|100%|HC|  |TAMS 0x0000000092f00000| PB 0x0000000092f00000| Complete |  0
| 304|0x0000000093000000, 0x0000000093100000, 0x0000000093100000|100%| O|  |TAMS 0x0000000093000000| PB 0x0000000093000000| Untracked |  0
| 305|0x0000000093100000, 0x0000000093200000, 0x0000000093200000|100%| O|  |TAMS 0x0000000093100000| PB 0x0000000093100000| Untracked |  0
| 306|0x0000000093200000, 0x0000000093200000, 0x0000000093300000|  0%| F|  |TAMS 0x0000000093200000| PB 0x0000000093200000| Untracked |  0
| 307|0x0000000093300000, 0x0000000093400000, 0x0000000093400000|100%| O|  |TAMS 0x0000000093300000| PB 0x0000000093300000| Untracked |  0
| 308|0x0000000093400000, 0x0000000093400000, 0x0000000093500000|  0%| F|  |TAMS 0x0000000093400000| PB 0x0000000093400000| Untracked |  0
| 309|0x0000000093500000, 0x0000000093600000, 0x0000000093600000|100%| O|  |TAMS 0x0000000093500000| PB 0x0000000093500000| Untracked |  0
| 310|0x0000000093600000, 0x0000000093700000, 0x0000000093700000|100%| O|  |TAMS 0x0000000093600000| PB 0x0000000093600000| Untracked |  0
| 311|0x0000000093700000, 0x0000000093800000, 0x0000000093800000|100%| O|  |TAMS 0x0000000093700000| PB 0x0000000093700000| Untracked |  0
| 312|0x0000000093800000, 0x0000000093900000, 0x0000000093900000|100%|HS|  |TAMS 0x0000000093800000| PB 0x0000000093800000| Complete |  0
| 313|0x0000000093900000, 0x0000000093a00000, 0x0000000093a00000|100%|HC|  |TAMS 0x0000000093900000| PB 0x0000000093900000| Complete |  0
| 314|0x0000000093a00000, 0x0000000093a00000, 0x0000000093b00000|  0%| F|  |TAMS 0x0000000093a00000| PB 0x0000000093a00000| Untracked |  0
| 315|0x0000000093b00000, 0x0000000093c00000, 0x0000000093c00000|100%| O|  |TAMS 0x0000000093b00000| PB 0x0000000093b00000| Untracked |  0
| 316|0x0000000093c00000, 0x0000000093d00000, 0x0000000093d00000|100%| O|  |TAMS 0x0000000093c00000| PB 0x0000000093c00000| Untracked |  0
| 317|0x0000000093d00000, 0x0000000093e00000, 0x0000000093e00000|100%|HS|  |TAMS 0x0000000093d00000| PB 0x0000000093d00000| Complete |  0
| 318|0x0000000093e00000, 0x0000000093f00000, 0x0000000093f00000|100%|HC|  |TAMS 0x0000000093e00000| PB 0x0000000093e00000| Complete |  0
| 319|0x0000000093f00000, 0x0000000094000000, 0x0000000094000000|100%| O|  |TAMS 0x0000000093f00000| PB 0x0000000093f00000| Untracked |  0
| 320|0x0000000094000000, 0x0000000094000000, 0x0000000094100000|  0%| F|  |TAMS 0x0000000094000000| PB 0x0000000094000000| Untracked |  0
| 321|0x0000000094100000, 0x0000000094200000, 0x0000000094200000|100%| O|  |TAMS 0x0000000094100000| PB 0x0000000094100000| Untracked |  0
| 322|0x0000000094200000, 0x0000000094300000, 0x0000000094300000|100%| O|  |TAMS 0x0000000094200000| PB 0x0000000094200000| Untracked |  0
| 323|0x0000000094300000, 0x0000000094400000, 0x0000000094400000|100%| O|  |TAMS 0x0000000094300000| PB 0x0000000094300000| Untracked |  0
| 324|0x0000000094400000, 0x0000000094500000, 0x0000000094500000|100%| O|  |TAMS 0x0000000094400000| PB 0x0000000094400000| Untracked |  0
| 325|0x0000000094500000, 0x0000000094600000, 0x0000000094600000|100%|HS|  |TAMS 0x0000000094500000| PB 0x0000000094500000| Complete |  0
| 326|0x0000000094600000, 0x0000000094700000, 0x0000000094700000|100%|HC|  |TAMS 0x0000000094600000| PB 0x0000000094600000| Complete |  0
| 327|0x0000000094700000, 0x0000000094800000, 0x0000000094800000|100%| O|  |TAMS 0x0000000094700000| PB 0x0000000094700000| Untracked |  0
| 328|0x0000000094800000, 0x0000000094900000, 0x0000000094900000|100%| O|  |TAMS 0x0000000094800000| PB 0x0000000094800000| Untracked |  0
| 329|0x0000000094900000, 0x0000000094a00000, 0x0000000094a00000|100%|HS|  |TAMS 0x0000000094900000| PB 0x0000000094900000| Complete |  0
| 330|0x0000000094a00000, 0x0000000094b00000, 0x0000000094b00000|100%|HC|  |TAMS 0x0000000094a00000| PB 0x0000000094a00000| Complete |  0
| 331|0x0000000094b00000, 0x0000000094b00000, 0x0000000094c00000|  0%| F|  |TAMS 0x0000000094b00000| PB 0x0000000094b00000| Untracked |  0
| 332|0x0000000094c00000, 0x0000000094d00000, 0x0000000094d00000|100%| O|  |TAMS 0x0000000094c00000| PB 0x0000000094c00000| Untracked |  0
| 333|0x0000000094d00000, 0x0000000094e00000, 0x0000000094e00000|100%| O|  |TAMS 0x0000000094d00000| PB 0x0000000094d00000| Untracked |  0
| 334|0x0000000094e00000, 0x0000000094f00000, 0x0000000094f00000|100%| O|  |TAMS 0x0000000094e00000| PB 0x0000000094e00000| Untracked |  0
| 335|0x0000000094f00000, 0x0000000095000000, 0x0000000095000000|100%|HS|  |TAMS 0x0000000094f00000| PB 0x0000000094f00000| Complete |  0
| 336|0x0000000095000000, 0x0000000095100000, 0x0000000095100000|100%|HC|  |TAMS 0x0000000095000000| PB 0x0000000095000000| Complete |  0
| 337|0x0000000095100000, 0x0000000095200000, 0x0000000095200000|100%|HC|  |TAMS 0x0000000095100000| PB 0x0000000095100000| Complete |  0
| 338|0x0000000095200000, 0x0000000095300000, 0x0000000095300000|100%|HC|  |TAMS 0x0000000095200000| PB 0x0000000095200000| Complete |  0
| 339|0x0000000095300000, 0x0000000095400000, 0x0000000095400000|100%|HC|  |TAMS 0x0000000095300000| PB 0x0000000095300000| Complete |  0
| 340|0x0000000095400000, 0x0000000095500000, 0x0000000095500000|100%|HC|  |TAMS 0x0000000095400000| PB 0x0000000095400000| Complete |  0
| 341|0x0000000095500000, 0x0000000095600000, 0x0000000095600000|100%|HC|  |TAMS 0x0000000095500000| PB 0x0000000095500000| Complete |  0
| 342|0x0000000095600000, 0x0000000095700000, 0x0000000095700000|100%|HC|  |TAMS 0x0000000095600000| PB 0x0000000095600000| Complete |  0
| 343|0x0000000095700000, 0x0000000095800000, 0x0000000095800000|100%| O|  |TAMS 0x0000000095700000| PB 0x0000000095700000| Untracked |  0
| 344|0x0000000095800000, 0x0000000095900000, 0x0000000095900000|100%| O|  |TAMS 0x0000000095800000| PB 0x0000000095800000| Untracked |  0
| 345|0x0000000095900000, 0x0000000095900000, 0x0000000095a00000|  0%| F|  |TAMS 0x0000000095900000| PB 0x0000000095900000| Untracked |  0
| 346|0x0000000095a00000, 0x0000000095b00000, 0x0000000095b00000|100%| O|  |TAMS 0x0000000095a00000| PB 0x0000000095a00000| Untracked |  0
| 347|0x0000000095b00000, 0x0000000095c00000, 0x0000000095c00000|100%| O|  |TAMS 0x0000000095b00000| PB 0x0000000095b00000| Untracked |  0
| 348|0x0000000095c00000, 0x0000000095c00000, 0x0000000095d00000|  0%| F|  |TAMS 0x0000000095c00000| PB 0x0000000095c00000| Untracked |  0
| 349|0x0000000095d00000, 0x0000000095e00000, 0x0000000095e00000|100%|HS|  |TAMS 0x0000000095d00000| PB 0x0000000095d00000| Complete |  0
| 350|0x0000000095e00000, 0x0000000095f00000, 0x0000000095f00000|100%|HC|  |TAMS 0x0000000095e00000| PB 0x0000000095e00000| Complete |  0
| 351|0x0000000095f00000, 0x0000000096000000, 0x0000000096000000|100%|HC|  |TAMS 0x0000000095f00000| PB 0x0000000095f00000| Complete |  0
| 352|0x0000000096000000, 0x0000000096100000, 0x0000000096100000|100%|HC|  |TAMS 0x0000000096000000| PB 0x0000000096000000| Complete |  0
| 353|0x0000000096100000, 0x0000000096100000, 0x0000000096200000|  0%| F|  |TAMS 0x0000000096100000| PB 0x0000000096100000| Untracked |  0
| 354|0x0000000096200000, 0x0000000096300000, 0x0000000096300000|100%| O|  |TAMS 0x0000000096200000| PB 0x0000000096200000| Untracked |  0
| 355|0x0000000096300000, 0x0000000096300000, 0x0000000096400000|  0%| F|  |TAMS 0x0000000096300000| PB 0x0000000096300000| Untracked |  0
| 356|0x0000000096400000, 0x0000000096500000, 0x0000000096500000|100%| O|  |TAMS 0x0000000096400000| PB 0x0000000096400000| Untracked |  0
| 357|0x0000000096500000, 0x0000000096600000, 0x0000000096600000|100%| O|  |TAMS 0x0000000096500000| PB 0x0000000096500000| Untracked |  0
| 358|0x0000000096600000, 0x0000000096700000, 0x0000000096700000|100%| O|  |TAMS 0x0000000096600000| PB 0x0000000096600000| Untracked |  0
| 359|0x0000000096700000, 0x0000000096800000, 0x0000000096800000|100%| O|  |TAMS 0x0000000096700000| PB 0x0000000096700000| Untracked |  0
| 360|0x0000000096800000, 0x0000000096800000, 0x0000000096900000|  0%| F|  |TAMS 0x0000000096800000| PB 0x0000000096800000| Untracked |  0
| 361|0x0000000096900000, 0x0000000096a00000, 0x0000000096a00000|100%| O|  |TAMS 0x0000000096900000| PB 0x0000000096900000| Untracked |  0
| 362|0x0000000096a00000, 0x0000000096b00000, 0x0000000096b00000|100%| O|  |TAMS 0x0000000096a00000| PB 0x0000000096a00000| Untracked |  0
| 363|0x0000000096b00000, 0x0000000096c00000, 0x0000000096c00000|100%|HS|  |TAMS 0x0000000096b00000| PB 0x0000000096b00000| Complete |  0
| 364|0x0000000096c00000, 0x0000000096d00000, 0x0000000096d00000|100%|HC|  |TAMS 0x0000000096c00000| PB 0x0000000096c00000| Complete |  0
| 365|0x0000000096d00000, 0x0000000096e00000, 0x0000000096e00000|100%| O|  |TAMS 0x0000000096d00000| PB 0x0000000096d00000| Untracked |  0
| 366|0x0000000096e00000, 0x0000000096f00000, 0x0000000096f00000|100%| O|  |TAMS 0x0000000096e00000| PB 0x0000000096e00000| Untracked |  0
| 367|0x0000000096f00000, 0x0000000097000000, 0x0000000097000000|100%| O|  |TAMS 0x0000000096f00000| PB 0x0000000096f00000| Untracked |  0
| 368|0x0000000097000000, 0x0000000097100000, 0x0000000097100000|100%|HS|  |TAMS 0x0000000097000000| PB 0x0000000097000000| Complete |  0
| 369|0x0000000097100000, 0x0000000097200000, 0x0000000097200000|100%|HC|  |TAMS 0x0000000097100000| PB 0x0000000097100000| Complete |  0
| 370|0x0000000097200000, 0x0000000097300000, 0x0000000097300000|100%| O|  |TAMS 0x0000000097200000| PB 0x0000000097200000| Untracked |  0
| 371|0x0000000097300000, 0x0000000097400000, 0x0000000097400000|100%| O|  |TAMS 0x0000000097300000| PB 0x0000000097300000| Untracked |  0
| 372|0x0000000097400000, 0x0000000097500000, 0x0000000097500000|100%| O|  |TAMS 0x0000000097400000| PB 0x0000000097400000| Untracked |  0
| 373|0x0000000097500000, 0x0000000097600000, 0x0000000097600000|100%|HS|  |TAMS 0x0000000097500000| PB 0x0000000097500000| Complete |  0
| 374|0x0000000097600000, 0x0000000097700000, 0x0000000097700000|100%|HC|  |TAMS 0x0000000097600000| PB 0x0000000097600000| Complete |  0
| 375|0x0000000097700000, 0x0000000097800000, 0x0000000097800000|100%|HC|  |TAMS 0x0000000097700000| PB 0x0000000097700000| Complete |  0
| 376|0x0000000097800000, 0x0000000097900000, 0x0000000097900000|100%|HC|  |TAMS 0x0000000097800000| PB 0x0000000097800000| Complete |  0
| 377|0x0000000097900000, 0x0000000097a00000, 0x0000000097a00000|100%|HC|  |TAMS 0x0000000097900000| PB 0x0000000097900000| Complete |  0
| 378|0x0000000097a00000, 0x0000000097a00000, 0x0000000097b00000|  0%| F|  |TAMS 0x0000000097a00000| PB 0x0000000097a00000| Untracked |  0
| 379|0x0000000097b00000, 0x0000000097c00000, 0x0000000097c00000|100%| O|  |TAMS 0x0000000097b00000| PB 0x0000000097b00000| Untracked |  0
| 380|0x0000000097c00000, 0x0000000097d00000, 0x0000000097d00000|100%| O|  |TAMS 0x0000000097c00000| PB 0x0000000097c00000| Untracked |  0
| 381|0x0000000097d00000, 0x0000000097e00000, 0x0000000097e00000|100%| O|  |TAMS 0x0000000097d00000| PB 0x0000000097d00000| Untracked |  0
| 382|0x0000000097e00000, 0x0000000097f00000, 0x0000000097f00000|100%| O|  |TAMS 0x0000000097e00000| PB 0x0000000097e00000| Untracked |  0
| 383|0x0000000097f00000, 0x0000000097f00000, 0x0000000098000000|  0%| F|  |TAMS 0x0000000097f00000| PB 0x0000000097f00000| Untracked |  0
| 384|0x0000000098000000, 0x0000000098100000, 0x0000000098100000|100%| O|Cm|TAMS 0x0000000098000000| PB 0x0000000098000000| Complete |  0
| 385|0x0000000098100000, 0x0000000098200000, 0x0000000098200000|100%| O|Cm|TAMS 0x0000000098100000| PB 0x0000000098100000| Complete |  0
| 386|0x0000000098200000, 0x0000000098200000, 0x0000000098300000|  0%| F|  |TAMS 0x0000000098200000| PB 0x0000000098200000| Untracked |  0
| 387|0x0000000098300000, 0x0000000098400000, 0x0000000098400000|100%| O|  |TAMS 0x0000000098300000| PB 0x0000000098300000| Untracked |  0
| 388|0x0000000098400000, 0x0000000098400000, 0x0000000098500000|  0%| F|  |TAMS 0x0000000098400000| PB 0x0000000098400000| Untracked |  0
| 389|0x0000000098500000, 0x0000000098600000, 0x0000000098600000|100%| O|  |TAMS 0x0000000098500000| PB 0x0000000098500000| Untracked |  0
| 390|0x0000000098600000, 0x0000000098700000, 0x0000000098700000|100%|HS|  |TAMS 0x0000000098600000| PB 0x0000000098600000| Complete |  0
| 391|0x0000000098700000, 0x0000000098800000, 0x0000000098800000|100%|HC|  |TAMS 0x0000000098700000| PB 0x0000000098700000| Complete |  0
| 392|0x0000000098800000, 0x0000000098900000, 0x0000000098900000|100%| O|  |TAMS 0x0000000098800000| PB 0x0000000098800000| Untracked |  0
| 393|0x0000000098900000, 0x0000000098900000, 0x0000000098a00000|  0%| F|  |TAMS 0x0000000098900000| PB 0x0000000098900000| Untracked |  0
| 394|0x0000000098a00000, 0x0000000098b00000, 0x0000000098b00000|100%| O|  |TAMS 0x0000000098a00000| PB 0x0000000098a00000| Untracked |  0
| 395|0x0000000098b00000, 0x0000000098b00000, 0x0000000098c00000|  0%| F|  |TAMS 0x0000000098b00000| PB 0x0000000098b00000| Untracked |  0
| 396|0x0000000098c00000, 0x0000000098d00000, 0x0000000098d00000|100%| O|  |TAMS 0x0000000098c00000| PB 0x0000000098c00000| Untracked |  0
| 397|0x0000000098d00000, 0x0000000098d00000, 0x0000000098e00000|  0%| F|  |TAMS 0x0000000098d00000| PB 0x0000000098d00000| Untracked |  0
| 398|0x0000000098e00000, 0x0000000098f00000, 0x0000000098f00000|100%| O|  |TAMS 0x0000000098e00000| PB 0x0000000098e00000| Untracked |  0
| 399|0x0000000098f00000, 0x0000000099000000, 0x0000000099000000|100%| O|  |TAMS 0x0000000098f00000| PB 0x0000000098f00000| Untracked |  0
| 400|0x0000000099000000, 0x0000000099100000, 0x0000000099100000|100%| O|  |TAMS 0x0000000099000000| PB 0x0000000099000000| Untracked |  0
| 401|0x0000000099100000, 0x0000000099100000, 0x0000000099200000|  0%| F|  |TAMS 0x0000000099100000| PB 0x0000000099100000| Untracked |  0
| 402|0x0000000099200000, 0x0000000099300000, 0x0000000099300000|100%| O|  |TAMS 0x0000000099200000| PB 0x0000000099200000| Untracked |  0
| 403|0x0000000099300000, 0x0000000099400000, 0x0000000099400000|100%| O|  |TAMS 0x0000000099300000| PB 0x0000000099300000| Untracked |  0
| 404|0x0000000099400000, 0x0000000099500000, 0x0000000099500000|100%|HS|  |TAMS 0x0000000099400000| PB 0x0000000099400000| Complete |  0
| 405|0x0000000099500000, 0x0000000099600000, 0x0000000099600000|100%|HC|  |TAMS 0x0000000099500000| PB 0x0000000099500000| Complete |  0
| 406|0x0000000099600000, 0x0000000099700000, 0x0000000099700000|100%|HS|  |TAMS 0x0000000099600000| PB 0x0000000099600000| Complete |  0
| 407|0x0000000099700000, 0x0000000099800000, 0x0000000099800000|100%|HC|  |TAMS 0x0000000099700000| PB 0x0000000099700000| Complete |  0
| 408|0x0000000099800000, 0x0000000099900000, 0x0000000099900000|100%| O|  |TAMS 0x0000000099800000| PB 0x0000000099800000| Untracked |  0
| 409|0x0000000099900000, 0x0000000099a00000, 0x0000000099a00000|100%|HS|  |TAMS 0x0000000099900000| PB 0x0000000099900000| Complete |  0
| 410|0x0000000099a00000, 0x0000000099b00000, 0x0000000099b00000|100%|HC|  |TAMS 0x0000000099a00000| PB 0x0000000099a00000| Complete |  0
| 411|0x0000000099b00000, 0x0000000099c00000, 0x0000000099c00000|100%|HS|  |TAMS 0x0000000099b00000| PB 0x0000000099b00000| Complete |  0
| 412|0x0000000099c00000, 0x0000000099d00000, 0x0000000099d00000|100%|HC|  |TAMS 0x0000000099c00000| PB 0x0000000099c00000| Complete |  0
| 413|0x0000000099d00000, 0x0000000099e00000, 0x0000000099e00000|100%| O|  |TAMS 0x0000000099d00000| PB 0x0000000099d00000| Untracked |  0
| 414|0x0000000099e00000, 0x0000000099f00000, 0x0000000099f00000|100%|HS|  |TAMS 0x0000000099e00000| PB 0x0000000099e00000| Complete |  0
| 415|0x0000000099f00000, 0x000000009a000000, 0x000000009a000000|100%|HC|  |TAMS 0x0000000099f00000| PB 0x0000000099f00000| Complete |  0
| 416|0x000000009a000000, 0x000000009a100000, 0x000000009a100000|100%|HC|  |TAMS 0x000000009a000000| PB 0x000000009a000000| Complete |  0
| 417|0x000000009a100000, 0x000000009a200000, 0x000000009a200000|100%|HC|  |TAMS 0x000000009a100000| PB 0x000000009a100000| Complete |  0
| 418|0x000000009a200000, 0x000000009a300000, 0x000000009a300000|100%|HC|  |TAMS 0x000000009a200000| PB 0x000000009a200000| Complete |  0
| 419|0x000000009a300000, 0x000000009a400000, 0x000000009a400000|100%|HC|  |TAMS 0x000000009a300000| PB 0x000000009a300000| Complete |  0
| 420|0x000000009a400000, 0x000000009a500000, 0x000000009a500000|100%|HC|  |TAMS 0x000000009a400000| PB 0x000000009a400000| Complete |  0
| 421|0x000000009a500000, 0x000000009a600000, 0x000000009a600000|100%|HC|  |TAMS 0x000000009a500000| PB 0x000000009a500000| Complete |  0
| 422|0x000000009a600000, 0x000000009a700000, 0x000000009a700000|100%|HC|  |TAMS 0x000000009a600000| PB 0x000000009a600000| Complete |  0
| 423|0x000000009a700000, 0x000000009a700000, 0x000000009a800000|  0%| F|  |TAMS 0x000000009a700000| PB 0x000000009a700000| Untracked |  0
| 424|0x000000009a800000, 0x000000009a900000, 0x000000009a900000|100%| O|  |TAMS 0x000000009a800000| PB 0x000000009a800000| Untracked |  0
| 425|0x000000009a900000, 0x000000009a900000, 0x000000009aa00000|  0%| F|  |TAMS 0x000000009a900000| PB 0x000000009a900000| Untracked |  0
| 426|0x000000009aa00000, 0x000000009ab00000, 0x000000009ab00000|100%| O|Cm|TAMS 0x000000009aa00000| PB 0x000000009aa00000| Complete |  0
| 427|0x000000009ab00000, 0x000000009ac00000, 0x000000009ac00000|100%|HS|  |TAMS 0x000000009ab00000| PB 0x000000009ab00000| Complete |  0
| 428|0x000000009ac00000, 0x000000009ad00000, 0x000000009ad00000|100%|HC|  |TAMS 0x000000009ac00000| PB 0x000000009ac00000| Complete |  0
| 429|0x000000009ad00000, 0x000000009ad00000, 0x000000009ae00000|  0%| F|  |TAMS 0x000000009ad00000| PB 0x000000009ad00000| Untracked |  0
| 430|0x000000009ae00000, 0x000000009af00000, 0x000000009af00000|100%| O|  |TAMS 0x000000009ae00000| PB 0x000000009ae00000| Untracked |  0
| 431|0x000000009af00000, 0x000000009b000000, 0x000000009b000000|100%| O|  |TAMS 0x000000009af00000| PB 0x000000009af00000| Untracked |  0
| 432|0x000000009b000000, 0x000000009b100000, 0x000000009b100000|100%| O|Cm|TAMS 0x000000009b000000| PB 0x000000009b000000| Complete |  0
| 433|0x000000009b100000, 0x000000009b200000, 0x000000009b200000|100%| O|  |TAMS 0x000000009b100000| PB 0x000000009b100000| Untracked |  0
| 434|0x000000009b200000, 0x000000009b300000, 0x000000009b300000|100%|HS|  |TAMS 0x000000009b200000| PB 0x000000009b200000| Complete |  0
| 435|0x000000009b300000, 0x000000009b400000, 0x000000009b400000|100%|HC|  |TAMS 0x000000009b300000| PB 0x000000009b300000| Complete |  0
| 436|0x000000009b400000, 0x000000009b400000, 0x000000009b500000|  0%| F|  |TAMS 0x000000009b400000| PB 0x000000009b400000| Untracked |  0
| 437|0x000000009b500000, 0x000000009b600000, 0x000000009b600000|100%| O|  |TAMS 0x000000009b500000| PB 0x000000009b500000| Untracked |  0
| 438|0x000000009b600000, 0x000000009b700000, 0x000000009b700000|100%| O|  |TAMS 0x000000009b600000| PB 0x000000009b600000| Untracked |  0
| 439|0x000000009b700000, 0x000000009b800000, 0x000000009b800000|100%| O|  |TAMS 0x000000009b700000| PB 0x000000009b700000| Untracked |  0
| 440|0x000000009b800000, 0x000000009b900000, 0x000000009b900000|100%| O|  |TAMS 0x000000009b800000| PB 0x000000009b800000| Untracked |  0
| 441|0x000000009b900000, 0x000000009ba00000, 0x000000009ba00000|100%| O|  |TAMS 0x000000009b900000| PB 0x000000009b900000| Untracked |  0
| 442|0x000000009ba00000, 0x000000009ba00000, 0x000000009bb00000|  0%| F|  |TAMS 0x000000009ba00000| PB 0x000000009ba00000| Untracked |  0
| 443|0x000000009bb00000, 0x000000009bc00000, 0x000000009bc00000|100%| O|Cm|TAMS 0x000000009bb00000| PB 0x000000009bb00000| Complete |  0
| 444|0x000000009bc00000, 0x000000009bd00000, 0x000000009bd00000|100%|HS|  |TAMS 0x000000009bc00000| PB 0x000000009bc00000| Complete |  0
| 445|0x000000009bd00000, 0x000000009be00000, 0x000000009be00000|100%|HC|  |TAMS 0x000000009bd00000| PB 0x000000009bd00000| Complete |  0
| 446|0x000000009be00000, 0x000000009bf00000, 0x000000009bf00000|100%| O|Cm|TAMS 0x000000009be00000| PB 0x000000009be00000| Complete |  0
| 447|0x000000009bf00000, 0x000000009bf00000, 0x000000009c000000|  0%| F|  |TAMS 0x000000009bf00000| PB 0x000000009bf00000| Untracked |  0
| 448|0x000000009c000000, 0x000000009c100000, 0x000000009c100000|100%| O|  |TAMS 0x000000009c000000| PB 0x000000009c000000| Untracked |  0
| 449|0x000000009c100000, 0x000000009c100000, 0x000000009c200000|  0%| F|  |TAMS 0x000000009c100000| PB 0x000000009c100000| Untracked |  0
| 450|0x000000009c200000, 0x000000009c300000, 0x000000009c300000|100%| O|  |TAMS 0x000000009c200000| PB 0x000000009c200000| Untracked |  0
| 451|0x000000009c300000, 0x000000009c300000, 0x000000009c400000|  0%| F|  |TAMS 0x000000009c300000| PB 0x000000009c300000| Untracked |  0
| 452|0x000000009c400000, 0x000000009c500000, 0x000000009c500000|100%| O|  |TAMS 0x000000009c400000| PB 0x000000009c400000| Untracked |  0
| 453|0x000000009c500000, 0x000000009c600000, 0x000000009c600000|100%| O|  |TAMS 0x000000009c500000| PB 0x000000009c500000| Untracked |  0
| 454|0x000000009c600000, 0x000000009c700000, 0x000000009c700000|100%| O|Cm|TAMS 0x000000009c600000| PB 0x000000009c600000| Complete |  0
| 455|0x000000009c700000, 0x000000009c800000, 0x000000009c800000|100%| O|  |TAMS 0x000000009c700000| PB 0x000000009c700000| Untracked |  0
| 456|0x000000009c800000, 0x000000009c900000, 0x000000009c900000|100%|HS|  |TAMS 0x000000009c800000| PB 0x000000009c800000| Complete |  0
| 457|0x000000009c900000, 0x000000009ca00000, 0x000000009ca00000|100%|HC|  |TAMS 0x000000009c900000| PB 0x000000009c900000| Complete |  0
| 458|0x000000009ca00000, 0x000000009cb00000, 0x000000009cb00000|100%| O|  |TAMS 0x000000009ca00000| PB 0x000000009ca00000| Untracked |  0
| 459|0x000000009cb00000, 0x000000009cc00000, 0x000000009cc00000|100%|HS|  |TAMS 0x000000009cb00000| PB 0x000000009cb00000| Complete |  0
| 460|0x000000009cc00000, 0x000000009cd00000, 0x000000009cd00000|100%|HC|  |TAMS 0x000000009cc00000| PB 0x000000009cc00000| Complete |  0
| 461|0x000000009cd00000, 0x000000009ce00000, 0x000000009ce00000|100%| O|  |TAMS 0x000000009cd00000| PB 0x000000009cd00000| Untracked |  0
| 462|0x000000009ce00000, 0x000000009cf00000, 0x000000009cf00000|100%| O|Cm|TAMS 0x000000009ce00000| PB 0x000000009ce00000| Complete |  0
| 463|0x000000009cf00000, 0x000000009d000000, 0x000000009d000000|100%| O|  |TAMS 0x000000009cf00000| PB 0x000000009cf00000| Untracked |  0
| 464|0x000000009d000000, 0x000000009d000000, 0x000000009d100000|  0%| F|  |TAMS 0x000000009d000000| PB 0x000000009d000000| Untracked |  0
| 465|0x000000009d100000, 0x000000009d200000, 0x000000009d200000|100%| O|  |TAMS 0x000000009d100000| PB 0x000000009d100000| Untracked |  0
| 466|0x000000009d200000, 0x000000009d200000, 0x000000009d300000|  0%| F|  |TAMS 0x000000009d200000| PB 0x000000009d200000| Untracked |  0
| 467|0x000000009d300000, 0x000000009d400000, 0x000000009d400000|100%| O|Cm|TAMS 0x000000009d300000| PB 0x000000009d300000| Complete |  0
| 468|0x000000009d400000, 0x000000009d500000, 0x000000009d500000|100%|HS|  |TAMS 0x000000009d400000| PB 0x000000009d400000| Complete |  0
| 469|0x000000009d500000, 0x000000009d600000, 0x000000009d600000|100%|HC|  |TAMS 0x000000009d500000| PB 0x000000009d500000| Complete |  0
| 470|0x000000009d600000, 0x000000009d600000, 0x000000009d700000|  0%| F|  |TAMS 0x000000009d600000| PB 0x000000009d600000| Untracked |  0
| 471|0x000000009d700000, 0x000000009d800000, 0x000000009d800000|100%| O|  |TAMS 0x000000009d700000| PB 0x000000009d700000| Untracked |  0
| 472|0x000000009d800000, 0x000000009d900000, 0x000000009d900000|100%| O|  |TAMS 0x000000009d800000| PB 0x000000009d800000| Untracked |  0
| 473|0x000000009d900000, 0x000000009da00000, 0x000000009da00000|100%| O|Cm|TAMS 0x000000009d900000| PB 0x000000009d900000| Complete |  0
| 474|0x000000009da00000, 0x000000009db00000, 0x000000009db00000|100%| O|  |TAMS 0x000000009da00000| PB 0x000000009da00000| Untracked |  0
| 475|0x000000009db00000, 0x000000009dc00000, 0x000000009dc00000|100%| O|  |TAMS 0x000000009db00000| PB 0x000000009db00000| Untracked |  0
| 476|0x000000009dc00000, 0x000000009dd00000, 0x000000009dd00000|100%| O|  |TAMS 0x000000009dc00000| PB 0x000000009dc00000| Untracked |  0
| 477|0x000000009dd00000, 0x000000009de00000, 0x000000009de00000|100%| O|Cm|TAMS 0x000000009dd00000| PB 0x000000009dd00000| Complete |  0
| 478|0x000000009de00000, 0x000000009df00000, 0x000000009df00000|100%| O|  |TAMS 0x000000009de00000| PB 0x000000009de00000| Untracked |  0
| 479|0x000000009df00000, 0x000000009e000000, 0x000000009e000000|100%| O|  |TAMS 0x000000009df00000| PB 0x000000009df00000| Untracked |  0
| 480|0x000000009e000000, 0x000000009e100000, 0x000000009e100000|100%| O|  |TAMS 0x000000009e000000| PB 0x000000009e000000| Untracked |  0
| 481|0x000000009e100000, 0x000000009e200000, 0x000000009e200000|100%| O|  |TAMS 0x000000009e100000| PB 0x000000009e100000| Untracked |  0
| 482|0x000000009e200000, 0x000000009e300000, 0x000000009e300000|100%|HS|  |TAMS 0x000000009e200000| PB 0x000000009e200000| Complete |  0
| 483|0x000000009e300000, 0x000000009e400000, 0x000000009e400000|100%|HC|  |TAMS 0x000000009e300000| PB 0x000000009e300000| Complete |  0
| 484|0x000000009e400000, 0x000000009e500000, 0x000000009e500000|100%|HC|  |TAMS 0x000000009e400000| PB 0x000000009e400000| Complete |  0
| 485|0x000000009e500000, 0x000000009e600000, 0x000000009e600000|100%|HC|  |TAMS 0x000000009e500000| PB 0x000000009e500000| Complete |  0
| 486|0x000000009e600000, 0x000000009e700000, 0x000000009e700000|100%|HC|  |TAMS 0x000000009e600000| PB 0x000000009e600000| Complete |  0
| 487|0x000000009e700000, 0x000000009e800000, 0x000000009e800000|100%|HC|  |TAMS 0x000000009e700000| PB 0x000000009e700000| Complete |  0
| 488|0x000000009e800000, 0x000000009e900000, 0x000000009e900000|100%|HC|  |TAMS 0x000000009e800000| PB 0x000000009e800000| Complete |  0
| 489|0x000000009e900000, 0x000000009ea00000, 0x000000009ea00000|100%|HS|  |TAMS 0x000000009e900000| PB 0x000000009e900000| Complete |  0
| 490|0x000000009ea00000, 0x000000009eb00000, 0x000000009eb00000|100%|HC|  |TAMS 0x000000009ea00000| PB 0x000000009ea00000| Complete |  0
| 491|0x000000009eb00000, 0x000000009eb00000, 0x000000009ec00000|  0%| F|  |TAMS 0x000000009eb00000| PB 0x000000009eb00000| Untracked |  0
| 492|0x000000009ec00000, 0x000000009ed00000, 0x000000009ed00000|100%| O|  |TAMS 0x000000009ec00000| PB 0x000000009ec00000| Untracked |  0
| 493|0x000000009ed00000, 0x000000009ee00000, 0x000000009ee00000|100%|HS|  |TAMS 0x000000009ed00000| PB 0x000000009ed00000| Complete |  0
| 494|0x000000009ee00000, 0x000000009ef00000, 0x000000009ef00000|100%|HC|  |TAMS 0x000000009ee00000| PB 0x000000009ee00000| Complete |  0
| 495|0x000000009ef00000, 0x000000009f000000, 0x000000009f000000|100%|HS|  |TAMS 0x000000009ef00000| PB 0x000000009ef00000| Complete |  0
| 496|0x000000009f000000, 0x000000009f100000, 0x000000009f100000|100%|HC|  |TAMS 0x000000009f000000| PB 0x000000009f000000| Complete |  0
| 497|0x000000009f100000, 0x000000009f100000, 0x000000009f200000|  0%| F|  |TAMS 0x000000009f100000| PB 0x000000009f100000| Untracked |  0
| 498|0x000000009f200000, 0x000000009f300000, 0x000000009f300000|100%| O|  |TAMS 0x000000009f200000| PB 0x000000009f200000| Untracked |  0
| 499|0x000000009f300000, 0x000000009f400000, 0x000000009f400000|100%| O|  |TAMS 0x000000009f300000| PB 0x000000009f300000| Untracked |  0
| 500|0x000000009f400000, 0x000000009f400000, 0x000000009f500000|  0%| F|  |TAMS 0x000000009f400000| PB 0x000000009f400000| Untracked |  0
| 501|0x000000009f500000, 0x000000009f600000, 0x000000009f600000|100%| O|  |TAMS 0x000000009f500000| PB 0x000000009f500000| Untracked |  0
| 502|0x000000009f600000, 0x000000009f700000, 0x000000009f700000|100%| O|  |TAMS 0x000000009f600000| PB 0x000000009f600000| Untracked |  0
| 503|0x000000009f700000, 0x000000009f800000, 0x000000009f800000|100%| O|  |TAMS 0x000000009f700000| PB 0x000000009f700000| Untracked |  0
| 504|0x000000009f800000, 0x000000009f900000, 0x000000009f900000|100%| O|  |TAMS 0x000000009f800000| PB 0x000000009f800000| Untracked |  0
| 505|0x000000009f900000, 0x000000009fa00000, 0x000000009fa00000|100%| O|  |TAMS 0x000000009f900000| PB 0x000000009f900000| Untracked |  0
| 506|0x000000009fa00000, 0x000000009fb00000, 0x000000009fb00000|100%| O|  |TAMS 0x000000009fa00000| PB 0x000000009fa00000| Untracked |  0
| 507|0x000000009fb00000, 0x000000009fc00000, 0x000000009fc00000|100%| O|  |TAMS 0x000000009fb00000| PB 0x000000009fb00000| Untracked |  0
| 508|0x000000009fc00000, 0x000000009fd00000, 0x000000009fd00000|100%| O|  |TAMS 0x000000009fc00000| PB 0x000000009fc00000| Untracked |  0
| 509|0x000000009fd00000, 0x000000009fe00000, 0x000000009fe00000|100%| O|  |TAMS 0x000000009fd00000| PB 0x000000009fd00000| Untracked |  0
| 510|0x000000009fe00000, 0x000000009ff00000, 0x000000009ff00000|100%|HS|  |TAMS 0x000000009fe00000| PB 0x000000009fe00000| Complete |  0
| 511|0x000000009ff00000, 0x00000000a0000000, 0x00000000a0000000|100%|HC|  |TAMS 0x000000009ff00000| PB 0x000000009ff00000| Complete |  0
| 512|0x00000000a0000000, 0x00000000a0100000, 0x00000000a0100000|100%| O|  |TAMS 0x00000000a0000000| PB 0x00000000a0000000| Untracked |  0
| 513|0x00000000a0100000, 0x00000000a0200000, 0x00000000a0200000|100%| O|  |TAMS 0x00000000a0100000| PB 0x00000000a0100000| Untracked |  0
| 514|0x00000000a0200000, 0x00000000a0300000, 0x00000000a0300000|100%| O|  |TAMS 0x00000000a0200000| PB 0x00000000a0200000| Untracked |  0
| 515|0x00000000a0300000, 0x00000000a0400000, 0x00000000a0400000|100%|HS|  |TAMS 0x00000000a0300000| PB 0x00000000a0300000| Complete |  0
| 516|0x00000000a0400000, 0x00000000a0500000, 0x00000000a0500000|100%|HC|  |TAMS 0x00000000a0400000| PB 0x00000000a0400000| Complete |  0
| 517|0x00000000a0500000, 0x00000000a0600000, 0x00000000a0600000|100%|HS|  |TAMS 0x00000000a0500000| PB 0x00000000a0500000| Complete |  0
| 518|0x00000000a0600000, 0x00000000a0700000, 0x00000000a0700000|100%|HC|  |TAMS 0x00000000a0600000| PB 0x00000000a0600000| Complete |  0
| 519|0x00000000a0700000, 0x00000000a0800000, 0x00000000a0800000|100%|HS|  |TAMS 0x00000000a0700000| PB 0x00000000a0700000| Complete |  0
| 520|0x00000000a0800000, 0x00000000a0900000, 0x00000000a0900000|100%|HC|  |TAMS 0x00000000a0800000| PB 0x00000000a0800000| Complete |  0
| 521|0x00000000a0900000, 0x00000000a0a00000, 0x00000000a0a00000|100%|HS|  |TAMS 0x00000000a0900000| PB 0x00000000a0900000| Complete |  0
| 522|0x00000000a0a00000, 0x00000000a0b00000, 0x00000000a0b00000|100%|HC|  |TAMS 0x00000000a0a00000| PB 0x00000000a0a00000| Complete |  0
| 523|0x00000000a0b00000, 0x00000000a0c00000, 0x00000000a0c00000|100%|HS|  |TAMS 0x00000000a0b00000| PB 0x00000000a0b00000| Complete |  0
| 524|0x00000000a0c00000, 0x00000000a0d00000, 0x00000000a0d00000|100%|HC|  |TAMS 0x00000000a0c00000| PB 0x00000000a0c00000| Complete |  0
| 525|0x00000000a0d00000, 0x00000000a0e00000, 0x00000000a0e00000|100%|HS|  |TAMS 0x00000000a0d00000| PB 0x00000000a0d00000| Complete |  0
| 526|0x00000000a0e00000, 0x00000000a0f00000, 0x00000000a0f00000|100%|HC|  |TAMS 0x00000000a0e00000| PB 0x00000000a0e00000| Complete |  0
| 527|0x00000000a0f00000, 0x00000000a1000000, 0x00000000a1000000|100%|HS|  |TAMS 0x00000000a0f00000| PB 0x00000000a0f00000| Complete |  0
| 528|0x00000000a1000000, 0x00000000a1100000, 0x00000000a1100000|100%|HC|  |TAMS 0x00000000a1000000| PB 0x00000000a1000000| Complete |  0
| 529|0x00000000a1100000, 0x00000000a1100000, 0x00000000a1200000|  0%| F|  |TAMS 0x00000000a1100000| PB 0x00000000a1100000| Untracked |  0
| 530|0x00000000a1200000, 0x00000000a1300000, 0x00000000a1300000|100%| O|  |TAMS 0x00000000a1200000| PB 0x00000000a1200000| Untracked |  0
| 531|0x00000000a1300000, 0x00000000a1400000, 0x00000000a1400000|100%| O|  |TAMS 0x00000000a1300000| PB 0x00000000a1300000| Untracked |  0
| 532|0x00000000a1400000, 0x00000000a1500000, 0x00000000a1500000|100%| O|  |TAMS 0x00000000a1400000| PB 0x00000000a1400000| Untracked |  0
| 533|0x00000000a1500000, 0x00000000a1600000, 0x00000000a1600000|100%| O|Cm|TAMS 0x00000000a1500000| PB 0x00000000a1500000| Complete |  0
| 534|0x00000000a1600000, 0x00000000a1700000, 0x00000000a1700000|100%| O|  |TAMS 0x00000000a1600000| PB 0x00000000a1600000| Untracked |  0
| 535|0x00000000a1700000, 0x00000000a1700000, 0x00000000a1800000|  0%| F|  |TAMS 0x00000000a1700000| PB 0x00000000a1700000| Untracked |  0
| 536|0x00000000a1800000, 0x00000000a1900000, 0x00000000a1900000|100%| O|  |TAMS 0x00000000a1800000| PB 0x00000000a1800000| Untracked |  0
| 537|0x00000000a1900000, 0x00000000a1a00000, 0x00000000a1a00000|100%| O|  |TAMS 0x00000000a1900000| PB 0x00000000a1900000| Untracked |  0
| 538|0x00000000a1a00000, 0x00000000a1b00000, 0x00000000a1b00000|100%| O|  |TAMS 0x00000000a1a00000| PB 0x00000000a1a00000| Untracked |  0
| 539|0x00000000a1b00000, 0x00000000a1c00000, 0x00000000a1c00000|100%| O|  |TAMS 0x00000000a1b00000| PB 0x00000000a1b00000| Untracked |  0
| 540|0x00000000a1c00000, 0x00000000a1d00000, 0x00000000a1d00000|100%| O|  |TAMS 0x00000000a1c00000| PB 0x00000000a1c00000| Untracked |  0
| 541|0x00000000a1d00000, 0x00000000a1e00000, 0x00000000a1e00000|100%| O|  |TAMS 0x00000000a1d00000| PB 0x00000000a1d00000| Untracked |  0
| 542|0x00000000a1e00000, 0x00000000a1e00000, 0x00000000a1f00000|  0%| F|  |TAMS 0x00000000a1e00000| PB 0x00000000a1e00000| Untracked |  0
| 543|0x00000000a1f00000, 0x00000000a2000000, 0x00000000a2000000|100%| O|  |TAMS 0x00000000a1f00000| PB 0x00000000a1f00000| Untracked |  0
| 544|0x00000000a2000000, 0x00000000a2000000, 0x00000000a2100000|  0%| F|  |TAMS 0x00000000a2000000| PB 0x00000000a2000000| Untracked |  0
| 545|0x00000000a2100000, 0x00000000a2200000, 0x00000000a2200000|100%| O|  |TAMS 0x00000000a2100000| PB 0x00000000a2100000| Untracked |  0
| 546|0x00000000a2200000, 0x00000000a2300000, 0x00000000a2300000|100%| O|  |TAMS 0x00000000a2200000| PB 0x00000000a2200000| Untracked |  0
| 547|0x00000000a2300000, 0x00000000a2400000, 0x00000000a2400000|100%| O|  |TAMS 0x00000000a2300000| PB 0x00000000a2300000| Untracked |  0
| 548|0x00000000a2400000, 0x00000000a2400000, 0x00000000a2500000|  0%| F|  |TAMS 0x00000000a2400000| PB 0x00000000a2400000| Untracked |  0
| 549|0x00000000a2500000, 0x00000000a2600000, 0x00000000a2600000|100%| O|  |TAMS 0x00000000a2500000| PB 0x00000000a2500000| Untracked |  0
| 550|0x00000000a2600000, 0x00000000a2700000, 0x00000000a2700000|100%| O|  |TAMS 0x00000000a2600000| PB 0x00000000a2600000| Untracked |  0
| 551|0x00000000a2700000, 0x00000000a2800000, 0x00000000a2800000|100%|HS|  |TAMS 0x00000000a2700000| PB 0x00000000a2700000| Complete |  0
| 552|0x00000000a2800000, 0x00000000a2900000, 0x00000000a2900000|100%|HC|  |TAMS 0x00000000a2800000| PB 0x00000000a2800000| Complete |  0
| 553|0x00000000a2900000, 0x00000000a2a00000, 0x00000000a2a00000|100%|HS|  |TAMS 0x00000000a2900000| PB 0x00000000a2900000| Complete |  0
| 554|0x00000000a2a00000, 0x00000000a2b00000, 0x00000000a2b00000|100%|HC|  |TAMS 0x00000000a2a00000| PB 0x00000000a2a00000| Complete |  0
| 555|0x00000000a2b00000, 0x00000000a2c00000, 0x00000000a2c00000|100%| O|  |TAMS 0x00000000a2b00000| PB 0x00000000a2b00000| Untracked |  0
| 556|0x00000000a2c00000, 0x00000000a2d00000, 0x00000000a2d00000|100%| O|  |TAMS 0x00000000a2c00000| PB 0x00000000a2c00000| Untracked |  0
| 557|0x00000000a2d00000, 0x00000000a2d00000, 0x00000000a2e00000|  0%| F|  |TAMS 0x00000000a2d00000| PB 0x00000000a2d00000| Untracked |  0
| 558|0x00000000a2e00000, 0x00000000a2f00000, 0x00000000a2f00000|100%| O|Cm|TAMS 0x00000000a2e00000| PB 0x00000000a2e00000| Complete |  0
| 559|0x00000000a2f00000, 0x00000000a3000000, 0x00000000a3000000|100%|HS|  |TAMS 0x00000000a2f00000| PB 0x00000000a2f00000| Complete |  0
| 560|0x00000000a3000000, 0x00000000a3100000, 0x00000000a3100000|100%|HC|  |TAMS 0x00000000a3000000| PB 0x00000000a3000000| Complete |  0
| 561|0x00000000a3100000, 0x00000000a3200000, 0x00000000a3200000|100%| O|  |TAMS 0x00000000a3100000| PB 0x00000000a3100000| Untracked |  0
| 562|0x00000000a3200000, 0x00000000a3200000, 0x00000000a3300000|  0%| F|  |TAMS 0x00000000a3200000| PB 0x00000000a3200000| Untracked |  0
| 563|0x00000000a3300000, 0x00000000a3400000, 0x00000000a3400000|100%| O|  |TAMS 0x00000000a3300000| PB 0x00000000a3300000| Untracked |  0
| 564|0x00000000a3400000, 0x00000000a3500000, 0x00000000a3500000|100%|HS|  |TAMS 0x00000000a3400000| PB 0x00000000a3400000| Complete |  0
| 565|0x00000000a3500000, 0x00000000a3600000, 0x00000000a3600000|100%|HC|  |TAMS 0x00000000a3500000| PB 0x00000000a3500000| Complete |  0
| 566|0x00000000a3600000, 0x00000000a3700000, 0x00000000a3700000|100%|HS|  |TAMS 0x00000000a3600000| PB 0x00000000a3600000| Complete |  0
| 567|0x00000000a3700000, 0x00000000a3800000, 0x00000000a3800000|100%|HC|  |TAMS 0x00000000a3700000| PB 0x00000000a3700000| Complete |  0
| 568|0x00000000a3800000, 0x00000000a3900000, 0x00000000a3900000|100%|HS|  |TAMS 0x00000000a3800000| PB 0x00000000a3800000| Complete |  0
| 569|0x00000000a3900000, 0x00000000a3a00000, 0x00000000a3a00000|100%|HC|  |TAMS 0x00000000a3900000| PB 0x00000000a3900000| Complete |  0
| 570|0x00000000a3a00000, 0x00000000a3b00000, 0x00000000a3b00000|100%|HS|  |TAMS 0x00000000a3a00000| PB 0x00000000a3a00000| Complete |  0
| 571|0x00000000a3b00000, 0x00000000a3c00000, 0x00000000a3c00000|100%|HC|  |TAMS 0x00000000a3b00000| PB 0x00000000a3b00000| Complete |  0
| 572|0x00000000a3c00000, 0x00000000a3d00000, 0x00000000a3d00000|100%| O|  |TAMS 0x00000000a3c00000| PB 0x00000000a3c00000| Untracked |  0
| 573|0x00000000a3d00000, 0x00000000a3e00000, 0x00000000a3e00000|100%|HS|  |TAMS 0x00000000a3d00000| PB 0x00000000a3d00000| Complete |  0
| 574|0x00000000a3e00000, 0x00000000a3f00000, 0x00000000a3f00000|100%|HC|  |TAMS 0x00000000a3e00000| PB 0x00000000a3e00000| Complete |  0
| 575|0x00000000a3f00000, 0x00000000a4000000, 0x00000000a4000000|100%| O|  |TAMS 0x00000000a3f00000| PB 0x00000000a3f00000| Untracked |  0
| 576|0x00000000a4000000, 0x00000000a4100000, 0x00000000a4100000|100%|HS|  |TAMS 0x00000000a4000000| PB 0x00000000a4000000| Complete |  0
| 577|0x00000000a4100000, 0x00000000a4200000, 0x00000000a4200000|100%|HC|  |TAMS 0x00000000a4100000| PB 0x00000000a4100000| Complete |  0
| 578|0x00000000a4200000, 0x00000000a4200000, 0x00000000a4300000|  0%| F|  |TAMS 0x00000000a4200000| PB 0x00000000a4200000| Untracked |  0
| 579|0x00000000a4300000, 0x00000000a4400000, 0x00000000a4400000|100%| O|  |TAMS 0x00000000a4300000| PB 0x00000000a4300000| Untracked |  0
| 580|0x00000000a4400000, 0x00000000a4500000, 0x00000000a4500000|100%| O|  |TAMS 0x00000000a4400000| PB 0x00000000a4400000| Untracked |  0
| 581|0x00000000a4500000, 0x00000000a4600000, 0x00000000a4600000|100%| O|Cm|TAMS 0x00000000a4500000| PB 0x00000000a4500000| Complete |  0
| 582|0x00000000a4600000, 0x00000000a4700000, 0x00000000a4700000|100%| O|  |TAMS 0x00000000a4600000| PB 0x00000000a4600000| Untracked |  0
| 583|0x00000000a4700000, 0x00000000a4800000, 0x00000000a4800000|100%| O|  |TAMS 0x00000000a4700000| PB 0x00000000a4700000| Untracked |  0
| 584|0x00000000a4800000, 0x00000000a4800000, 0x00000000a4900000|  0%| F|  |TAMS 0x00000000a4800000| PB 0x00000000a4800000| Untracked |  0
| 585|0x00000000a4900000, 0x00000000a4a00000, 0x00000000a4a00000|100%| O|Cm|TAMS 0x00000000a4900000| PB 0x00000000a4900000| Complete |  0
| 586|0x00000000a4a00000, 0x00000000a4b00000, 0x00000000a4b00000|100%| O|  |TAMS 0x00000000a4a00000| PB 0x00000000a4a00000| Untracked |  0
| 587|0x00000000a4b00000, 0x00000000a4c00000, 0x00000000a4c00000|100%| O|  |TAMS 0x00000000a4b00000| PB 0x00000000a4b00000| Untracked |  0
| 588|0x00000000a4c00000, 0x00000000a4c00000, 0x00000000a4d00000|  0%| F|  |TAMS 0x00000000a4c00000| PB 0x00000000a4c00000| Untracked |  0
| 589|0x00000000a4d00000, 0x00000000a4d80000, 0x00000000a4e00000| 50%| S|CS|TAMS 0x00000000a4d00000| PB 0x00000000a4d00000| Complete |  0
| 590|0x00000000a4e00000, 0x00000000a4f00000, 0x00000000a4f00000|100%| O|  |TAMS 0x00000000a4e00000| PB 0x00000000a4e00000| Untracked |  0
| 591|0x00000000a4f00000, 0x00000000a5000000, 0x00000000a5000000|100%| S|CS|TAMS 0x00000000a4f00000| PB 0x00000000a4f00000| Complete |  0
| 592|0x00000000a5000000, 0x00000000a5100000, 0x00000000a5100000|100%| S|CS|TAMS 0x00000000a5000000| PB 0x00000000a5000000| Complete |  0
| 593|0x00000000a5100000, 0x00000000a5200000, 0x00000000a5200000|100%| O|Cm|TAMS 0x00000000a5100000| PB 0x00000000a5100000| Complete |  0
| 594|0x00000000a5200000, 0x00000000a5300000, 0x00000000a5300000|100%| O|  |TAMS 0x00000000a5200000| PB 0x00000000a5200000| Untracked |  0
| 595|0x00000000a5300000, 0x00000000a5400000, 0x00000000a5400000|100%| S|CS|TAMS 0x00000000a5300000| PB 0x00000000a5300000| Complete |  0
| 596|0x00000000a5400000, 0x00000000a5500000, 0x00000000a5500000|100%| S|CS|TAMS 0x00000000a5400000| PB 0x00000000a5400000| Complete |  0
| 597|0x00000000a5500000, 0x00000000a5600000, 0x00000000a5600000|100%| S|CS|TAMS 0x00000000a5500000| PB 0x00000000a5500000| Complete |  0
| 598|0x00000000a5600000, 0x00000000a5700000, 0x00000000a5700000|100%| S|CS|TAMS 0x00000000a5600000| PB 0x00000000a5600000| Complete |  0
| 599|0x00000000a5700000, 0x00000000a5800000, 0x00000000a5800000|100%| O|Cm|TAMS 0x00000000a5700000| PB 0x00000000a5700000| Complete |  0
| 600|0x00000000a5800000, 0x00000000a5900000, 0x00000000a5900000|100%| O|  |TAMS 0x00000000a5800000| PB 0x00000000a5800000| Untracked |  0
| 601|0x00000000a5900000, 0x00000000a5a00000, 0x00000000a5a00000|100%| S|CS|TAMS 0x00000000a5900000| PB 0x00000000a5900000| Complete |  0
| 602|0x00000000a5a00000, 0x00000000a5b00000, 0x00000000a5b00000|100%| S|CS|TAMS 0x00000000a5a00000| PB 0x00000000a5a00000| Complete |  0
| 603|0x00000000a5b00000, 0x00000000a5c00000, 0x00000000a5c00000|100%| S|CS|TAMS 0x00000000a5b00000| PB 0x00000000a5b00000| Complete |  0
| 604|0x00000000a5c00000, 0x00000000a5d00000, 0x00000000a5d00000|100%| S|CS|TAMS 0x00000000a5c00000| PB 0x00000000a5c00000| Complete |  0
| 605|0x00000000a5d00000, 0x00000000a5e00000, 0x00000000a5e00000|100%| S|CS|TAMS 0x00000000a5d00000| PB 0x00000000a5d00000| Complete |  0
| 606|0x00000000a5e00000, 0x00000000a5f00000, 0x00000000a5f00000|100%| S|CS|TAMS 0x00000000a5e00000| PB 0x00000000a5e00000| Complete |  0
| 607|0x00000000a5f00000, 0x00000000a6000000, 0x00000000a6000000|100%| S|CS|TAMS 0x00000000a5f00000| PB 0x00000000a5f00000| Complete |  0
| 608|0x00000000a6000000, 0x00000000a6100000, 0x00000000a6100000|100%| S|CS|TAMS 0x00000000a6000000| PB 0x00000000a6000000| Complete |  0
| 609|0x00000000a6100000, 0x00000000a6200000, 0x00000000a6200000|100%| S|CS|TAMS 0x00000000a6100000| PB 0x00000000a6100000| Complete |  0
| 610|0x00000000a6200000, 0x00000000a6300000, 0x00000000a6300000|100%| O|Cm|TAMS 0x00000000a6200000| PB 0x00000000a6200000| Complete |  0
| 611|0x00000000a6300000, 0x00000000a6400000, 0x00000000a6400000|100%| S|CS|TAMS 0x00000000a6300000| PB 0x00000000a6300000| Complete |  0
| 612|0x00000000a6400000, 0x00000000a6500000, 0x00000000a6500000|100%| O|  |TAMS 0x00000000a6400000| PB 0x00000000a6400000| Untracked |  0
| 613|0x00000000a6500000, 0x00000000a6600000, 0x00000000a6600000|100%| O|Cm|TAMS 0x00000000a6500000| PB 0x00000000a6500000| Complete |  0
| 614|0x00000000a6600000, 0x00000000a6700000, 0x00000000a6700000|100%| S|CS|TAMS 0x00000000a6600000| PB 0x00000000a6600000| Complete |  0
| 615|0x00000000a6700000, 0x00000000a6800000, 0x00000000a6800000|100%| O|Cm|TAMS 0x00000000a6700000| PB 0x00000000a6700000| Complete |  0
| 616|0x00000000a6800000, 0x00000000a6900000, 0x00000000a6900000|100%| S|CS|TAMS 0x00000000a6800000| PB 0x00000000a6800000| Complete |  0
| 617|0x00000000a6900000, 0x00000000a6a00000, 0x00000000a6a00000|100%| S|CS|TAMS 0x00000000a6900000| PB 0x00000000a6900000| Complete |  0
| 618|0x00000000a6a00000, 0x00000000a6b00000, 0x00000000a6b00000|100%| S|CS|TAMS 0x00000000a6a00000| PB 0x00000000a6a00000| Complete |  0
| 619|0x00000000a6b00000, 0x00000000a6c00000, 0x00000000a6c00000|100%| S|CS|TAMS 0x00000000a6b00000| PB 0x00000000a6b00000| Complete |  0
| 620|0x00000000a6c00000, 0x00000000a6d00000, 0x00000000a6d00000|100%| S|CS|TAMS 0x00000000a6c00000| PB 0x00000000a6c00000| Complete |  0
| 621|0x00000000a6d00000, 0x00000000a6e00000, 0x00000000a6e00000|100%| S|CS|TAMS 0x00000000a6d00000| PB 0x00000000a6d00000| Complete |  0
| 622|0x00000000a6e00000, 0x00000000a6f00000, 0x00000000a6f00000|100%| S|CS|TAMS 0x00000000a6e00000| PB 0x00000000a6e00000| Complete |  0
| 623|0x00000000a6f00000, 0x00000000a7000000, 0x00000000a7000000|100%| S|CS|TAMS 0x00000000a6f00000| PB 0x00000000a6f00000| Complete |  0
| 624|0x00000000a7000000, 0x00000000a7100000, 0x00000000a7100000|100%| S|CS|TAMS 0x00000000a7000000| PB 0x00000000a7000000| Complete |  0
| 625|0x00000000a7100000, 0x00000000a7200000, 0x00000000a7200000|100%| S|CS|TAMS 0x00000000a7100000| PB 0x00000000a7100000| Complete |  0
| 626|0x00000000a7200000, 0x00000000a7300000, 0x00000000a7300000|100%| S|CS|TAMS 0x00000000a7200000| PB 0x00000000a7200000| Complete |  0
| 627|0x00000000a7300000, 0x00000000a7400000, 0x00000000a7400000|100%| S|CS|TAMS 0x00000000a7300000| PB 0x00000000a7300000| Complete |  0
| 628|0x00000000a7400000, 0x00000000a7500000, 0x00000000a7500000|100%| S|CS|TAMS 0x00000000a7400000| PB 0x00000000a7400000| Complete |  0
| 629|0x00000000a7500000, 0x00000000a7600000, 0x00000000a7600000|100%| S|CS|TAMS 0x00000000a7500000| PB 0x00000000a7500000| Complete |  0
| 630|0x00000000a7600000, 0x00000000a7700000, 0x00000000a7700000|100%| S|CS|TAMS 0x00000000a7600000| PB 0x00000000a7600000| Complete |  0
| 631|0x00000000a7700000, 0x00000000a7800000, 0x00000000a7800000|100%| S|CS|TAMS 0x00000000a7700000| PB 0x00000000a7700000| Complete |  0
| 632|0x00000000a7800000, 0x00000000a7900000, 0x00000000a7900000|100%| S|CS|TAMS 0x00000000a7800000| PB 0x00000000a7800000| Complete |  0
| 633|0x00000000a7900000, 0x00000000a7a00000, 0x00000000a7a00000|100%| S|CS|TAMS 0x00000000a7900000| PB 0x00000000a7900000| Complete |  0
| 634|0x00000000a7a00000, 0x00000000a7b00000, 0x00000000a7b00000|100%| S|CS|TAMS 0x00000000a7a00000| PB 0x00000000a7a00000| Complete |  0
| 635|0x00000000a7b00000, 0x00000000a7c00000, 0x00000000a7c00000|100%| S|CS|TAMS 0x00000000a7b00000| PB 0x00000000a7b00000| Complete |  0
| 636|0x00000000a7c00000, 0x00000000a7d00000, 0x00000000a7d00000|100%| S|CS|TAMS 0x00000000a7c00000| PB 0x00000000a7c00000| Complete |  0
| 637|0x00000000a7d00000, 0x00000000a7e00000, 0x00000000a7e00000|100%| S|CS|TAMS 0x00000000a7d00000| PB 0x00000000a7d00000| Complete |  0
| 638|0x00000000a7e00000, 0x00000000a7f00000, 0x00000000a7f00000|100%| S|CS|TAMS 0x00000000a7e00000| PB 0x00000000a7e00000| Complete |  0
| 639|0x00000000a7f00000, 0x00000000a8000000, 0x00000000a8000000|100%| S|CS|TAMS 0x00000000a7f00000| PB 0x00000000a7f00000| Complete |  0
| 640|0x00000000a8000000, 0x00000000a8100000, 0x00000000a8100000|100%|HS|  |TAMS 0x00000000a8000000| PB 0x00000000a8000000| Complete |  0
| 641|0x00000000a8100000, 0x00000000a8200000, 0x00000000a8200000|100%|HC|  |TAMS 0x00000000a8100000| PB 0x00000000a8100000| Complete |  0
| 642|0x00000000a8200000, 0x00000000a8300000, 0x00000000a8300000|100%|HS|  |TAMS 0x00000000a8200000| PB 0x00000000a8200000| Complete |  0
| 643|0x00000000a8300000, 0x00000000a8400000, 0x00000000a8400000|100%|HC|  |TAMS 0x00000000a8300000| PB 0x00000000a8300000| Complete |  0
| 644|0x00000000a8400000, 0x00000000a8500000, 0x00000000a8500000|100%|HS|  |TAMS 0x00000000a8400000| PB 0x00000000a8400000| Complete |  0
| 645|0x00000000a8500000, 0x00000000a8600000, 0x00000000a8600000|100%|HC|  |TAMS 0x00000000a8500000| PB 0x00000000a8500000| Complete |  0
| 646|0x00000000a8600000, 0x00000000a8700000, 0x00000000a8700000|100%|HS|  |TAMS 0x00000000a8600000| PB 0x00000000a8600000| Complete |  0
| 647|0x00000000a8700000, 0x00000000a8800000, 0x00000000a8800000|100%|HC|  |TAMS 0x00000000a8700000| PB 0x00000000a8700000| Complete |  0
| 648|0x00000000a8800000, 0x00000000a8800000, 0x00000000a8900000|  0%| F|  |TAMS 0x00000000a8800000| PB 0x00000000a8800000| Untracked |  0
| 649|0x00000000a8900000, 0x00000000a8a00000, 0x00000000a8a00000|100%| S|CS|TAMS 0x00000000a8900000| PB 0x00000000a8900000| Complete |  0
| 650|0x00000000a8a00000, 0x00000000a8b00000, 0x00000000a8b00000|100%| S|CS|TAMS 0x00000000a8a00000| PB 0x00000000a8a00000| Complete |  0
| 651|0x00000000a8b00000, 0x00000000a8c00000, 0x00000000a8c00000|100%|HS|  |TAMS 0x00000000a8b00000| PB 0x00000000a8b00000| Complete |  0
| 652|0x00000000a8c00000, 0x00000000a8d00000, 0x00000000a8d00000|100%|HC|  |TAMS 0x00000000a8c00000| PB 0x00000000a8c00000| Complete |  0
| 653|0x00000000a8d00000, 0x00000000a8e00000, 0x00000000a8e00000|100%|HS|  |TAMS 0x00000000a8d00000| PB 0x00000000a8d00000| Complete |  0
| 654|0x00000000a8e00000, 0x00000000a8f00000, 0x00000000a8f00000|100%|HC|  |TAMS 0x00000000a8e00000| PB 0x00000000a8e00000| Complete |  0
| 655|0x00000000a8f00000, 0x00000000a8f00000, 0x00000000a9000000|  0%| F|  |TAMS 0x00000000a8f00000| PB 0x00000000a8f00000| Untracked |  0
| 656|0x00000000a9000000, 0x00000000a9100000, 0x00000000a9100000|100%| S|CS|TAMS 0x00000000a9000000| PB 0x00000000a9000000| Complete |  0
| 657|0x00000000a9100000, 0x00000000a9100000, 0x00000000a9200000|  0%| F|  |TAMS 0x00000000a9100000| PB 0x00000000a9100000| Untracked |  0
| 658|0x00000000a9200000, 0x00000000a9300000, 0x00000000a9300000|100%| S|CS|TAMS 0x00000000a9200000| PB 0x00000000a9200000| Complete |  0
| 659|0x00000000a9300000, 0x00000000a9400000, 0x00000000a9400000|100%| O|  |TAMS 0x00000000a9300000| PB 0x00000000a9300000| Untracked |  0
| 660|0x00000000a9400000, 0x00000000a9500000, 0x00000000a9500000|100%|HS|  |TAMS 0x00000000a9400000| PB 0x00000000a9400000| Complete |  0
| 661|0x00000000a9500000, 0x00000000a9600000, 0x00000000a9600000|100%|HC|  |TAMS 0x00000000a9500000| PB 0x00000000a9500000| Complete |  0
| 662|0x00000000a9600000, 0x00000000a9700000, 0x00000000a9700000|100%|HS|  |TAMS 0x00000000a9600000| PB 0x00000000a9600000| Complete |  0
| 663|0x00000000a9700000, 0x00000000a9800000, 0x00000000a9800000|100%|HC|  |TAMS 0x00000000a9700000| PB 0x00000000a9700000| Complete |  0
| 664|0x00000000a9800000, 0x00000000a9900000, 0x00000000a9900000|100%|HS|  |TAMS 0x00000000a9800000| PB 0x00000000a9800000| Complete |  0
| 665|0x00000000a9900000, 0x00000000a9a00000, 0x00000000a9a00000|100%|HC|  |TAMS 0x00000000a9900000| PB 0x00000000a9900000| Complete |  0
| 666|0x00000000a9a00000, 0x00000000a9b00000, 0x00000000a9b00000|100%|HS|  |TAMS 0x00000000a9a00000| PB 0x00000000a9a00000| Complete |  0
| 667|0x00000000a9b00000, 0x00000000a9c00000, 0x00000000a9c00000|100%|HC|  |TAMS 0x00000000a9b00000| PB 0x00000000a9b00000| Complete |  0
| 668|0x00000000a9c00000, 0x00000000a9d00000, 0x00000000a9d00000|100%|HS|  |TAMS 0x00000000a9c00000| PB 0x00000000a9c00000| Complete |  0
| 669|0x00000000a9d00000, 0x00000000a9e00000, 0x00000000a9e00000|100%|HC|  |TAMS 0x00000000a9d00000| PB 0x00000000a9d00000| Complete |  0
| 670|0x00000000a9e00000, 0x00000000a9f00000, 0x00000000a9f00000|100%|HS|  |TAMS 0x00000000a9e00000| PB 0x00000000a9e00000| Complete |  0
| 671|0x00000000a9f00000, 0x00000000aa000000, 0x00000000aa000000|100%|HC|  |TAMS 0x00000000a9f00000| PB 0x00000000a9f00000| Complete |  0
| 672|0x00000000aa000000, 0x00000000aa100000, 0x00000000aa100000|100%|HS|  |TAMS 0x00000000aa000000| PB 0x00000000aa000000| Complete |  0
| 673|0x00000000aa100000, 0x00000000aa200000, 0x00000000aa200000|100%|HC|  |TAMS 0x00000000aa100000| PB 0x00000000aa100000| Complete |  0
| 674|0x00000000aa200000, 0x00000000aa300000, 0x00000000aa300000|100%| O|  |TAMS 0x00000000aa200000| PB 0x00000000aa200000| Untracked |  0
| 675|0x00000000aa300000, 0x00000000aa400000, 0x00000000aa400000|100%|HS|  |TAMS 0x00000000aa300000| PB 0x00000000aa300000| Complete |  0
| 676|0x00000000aa400000, 0x00000000aa500000, 0x00000000aa500000|100%|HC|  |TAMS 0x00000000aa400000| PB 0x00000000aa400000| Complete |  0
| 677|0x00000000aa500000, 0x00000000aa600000, 0x00000000aa600000|100%| O|Cm|TAMS 0x00000000aa500000| PB 0x00000000aa500000| Complete |  0
| 678|0x00000000aa600000, 0x00000000aa600000, 0x00000000aa700000|  0%| F|  |TAMS 0x00000000aa600000| PB 0x00000000aa600000| Untracked |  0
| 679|0x00000000aa700000, 0x00000000aa800000, 0x00000000aa800000|100%| O|  |TAMS 0x00000000aa700000| PB 0x00000000aa700000| Untracked |  0
| 680|0x00000000aa800000, 0x00000000aa900000, 0x00000000aa900000|100%|HS|  |TAMS 0x00000000aa800000| PB 0x00000000aa800000| Complete |  0
| 681|0x00000000aa900000, 0x00000000aaa00000, 0x00000000aaa00000|100%|HC|  |TAMS 0x00000000aa900000| PB 0x00000000aa900000| Complete |  0
| 682|0x00000000aaa00000, 0x00000000aaa00000, 0x00000000aab00000|  0%| F|  |TAMS 0x00000000aaa00000| PB 0x00000000aaa00000| Untracked |  0
| 683|0x00000000aab00000, 0x00000000aac00000, 0x00000000aac00000|100%| O|  |TAMS 0x00000000aab00000| PB 0x00000000aab00000| Untracked |  0
| 684|0x00000000aac00000, 0x00000000aad00000, 0x00000000aad00000|100%|HS|  |TAMS 0x00000000aac00000| PB 0x00000000aac00000| Complete |  0
| 685|0x00000000aad00000, 0x00000000aae00000, 0x00000000aae00000|100%|HC|  |TAMS 0x00000000aad00000| PB 0x00000000aad00000| Complete |  0
| 686|0x00000000aae00000, 0x00000000aae00000, 0x00000000aaf00000|  0%| F|  |TAMS 0x00000000aae00000| PB 0x00000000aae00000| Untracked |  0
| 687|0x00000000aaf00000, 0x00000000ab000000, 0x00000000ab000000|100%| O|  |TAMS 0x00000000aaf00000| PB 0x00000000aaf00000| Untracked |  0
| 688|0x00000000ab000000, 0x00000000ab100000, 0x00000000ab100000|100%|HS|  |TAMS 0x00000000ab000000| PB 0x00000000ab000000| Complete |  0
| 689|0x00000000ab100000, 0x00000000ab200000, 0x00000000ab200000|100%|HC|  |TAMS 0x00000000ab100000| PB 0x00000000ab100000| Complete |  0
| 690|0x00000000ab200000, 0x00000000ab300000, 0x00000000ab300000|100%|HS|  |TAMS 0x00000000ab200000| PB 0x00000000ab200000| Complete |  0
| 691|0x00000000ab300000, 0x00000000ab400000, 0x00000000ab400000|100%|HC|  |TAMS 0x00000000ab300000| PB 0x00000000ab300000| Complete |  0
| 692|0x00000000ab400000, 0x00000000ab400000, 0x00000000ab500000|  0%| F|  |TAMS 0x00000000ab400000| PB 0x00000000ab400000| Untracked |  0
| 693|0x00000000ab500000, 0x00000000ab600000, 0x00000000ab600000|100%| O|Cm|TAMS 0x00000000ab500000| PB 0x00000000ab500000| Complete |  0
| 694|0x00000000ab600000, 0x00000000ab600000, 0x00000000ab700000|  0%| F|  |TAMS 0x00000000ab600000| PB 0x00000000ab600000| Untracked |  0
| 695|0x00000000ab700000, 0x00000000ab800000, 0x00000000ab800000|100%| O|Cm|TAMS 0x00000000ab700000| PB 0x00000000ab700000| Complete |  0
| 696|0x00000000ab800000, 0x00000000ab900000, 0x00000000ab900000|100%|HS|  |TAMS 0x00000000ab800000| PB 0x00000000ab800000| Complete |  0
| 697|0x00000000ab900000, 0x00000000aba00000, 0x00000000aba00000|100%|HC|  |TAMS 0x00000000ab900000| PB 0x00000000ab900000| Complete |  0
| 698|0x00000000aba00000, 0x00000000abb00000, 0x00000000abb00000|100%|HS|  |TAMS 0x00000000aba00000| PB 0x00000000aba00000| Complete |  0
| 699|0x00000000abb00000, 0x00000000abc00000, 0x00000000abc00000|100%|HC|  |TAMS 0x00000000abb00000| PB 0x00000000abb00000| Complete |  0
| 700|0x00000000abc00000, 0x00000000abd00000, 0x00000000abd00000|100%| O|Cm|TAMS 0x00000000abc00000| PB 0x00000000abc00000| Complete |  0
| 701|0x00000000abd00000, 0x00000000abd00000, 0x00000000abe00000|  0%| F|  |TAMS 0x00000000abd00000| PB 0x00000000abd00000| Untracked |  0
| 702|0x00000000abe00000, 0x00000000abf00000, 0x00000000abf00000|100%| O|Cm|TAMS 0x00000000abe00000| PB 0x00000000abe00000| Complete |  0
| 703|0x00000000abf00000, 0x00000000abf00000, 0x00000000ac000000|  0%| F|  |TAMS 0x00000000abf00000| PB 0x00000000abf00000| Untracked |  0
| 704|0x00000000ac000000, 0x00000000ac100000, 0x00000000ac100000|100%| S|CS|TAMS 0x00000000ac000000| PB 0x00000000ac000000| Complete |  0
| 705|0x00000000ac100000, 0x00000000ac200000, 0x00000000ac200000|100%|HS|  |TAMS 0x00000000ac100000| PB 0x00000000ac100000| Complete |  0
| 706|0x00000000ac200000, 0x00000000ac300000, 0x00000000ac300000|100%|HC|  |TAMS 0x00000000ac200000| PB 0x00000000ac200000| Complete |  0
| 707|0x00000000ac300000, 0x00000000ac300000, 0x00000000ac400000|  0%| F|  |TAMS 0x00000000ac300000| PB 0x00000000ac300000| Untracked |  0
| 708|0x00000000ac400000, 0x00000000ac500000, 0x00000000ac500000|100%| S|CS|TAMS 0x00000000ac400000| PB 0x00000000ac400000| Complete |  0
| 709|0x00000000ac500000, 0x00000000ac600000, 0x00000000ac600000|100%| S|CS|TAMS 0x00000000ac500000| PB 0x00000000ac500000| Complete |  0
| 710|0x00000000ac600000, 0x00000000ac700000, 0x00000000ac700000|100%| S|CS|TAMS 0x00000000ac600000| PB 0x00000000ac600000| Complete |  0
| 711|0x00000000ac700000, 0x00000000ac800000, 0x00000000ac800000|100%| O|  |TAMS 0x00000000ac700000| PB 0x00000000ac700000| Untracked |  0
| 712|0x00000000ac800000, 0x00000000ac900000, 0x00000000ac900000|100%| S|CS|TAMS 0x00000000ac800000| PB 0x00000000ac800000| Complete |  0
| 713|0x00000000ac900000, 0x00000000aca00000, 0x00000000aca00000|100%| O|Cm|TAMS 0x00000000ac900000| PB 0x00000000ac900000| Complete |  0
| 714|0x00000000aca00000, 0x00000000aca00000, 0x00000000acb00000|  0%| F|  |TAMS 0x00000000aca00000| PB 0x00000000aca00000| Untracked |  0
| 715|0x00000000acb00000, 0x00000000acc00000, 0x00000000acc00000|100%| O|Cm|TAMS 0x00000000acb00000| PB 0x00000000acb00000| Complete |  0
| 716|0x00000000acc00000, 0x00000000acd00000, 0x00000000acd00000|100%|HS|  |TAMS 0x00000000acc00000| PB 0x00000000acc00000| Complete |  0
| 717|0x00000000acd00000, 0x00000000ace00000, 0x00000000ace00000|100%|HC|  |TAMS 0x00000000acd00000| PB 0x00000000acd00000| Complete |  0
| 718|0x00000000ace00000, 0x00000000ace00000, 0x00000000acf00000|  0%| F|  |TAMS 0x00000000ace00000| PB 0x00000000ace00000| Untracked |  0
| 719|0x00000000acf00000, 0x00000000ad000000, 0x00000000ad000000|100%| O|Cm|TAMS 0x00000000acf00000| PB 0x00000000acf00000| Complete |  0
| 720|0x00000000ad000000, 0x00000000ad100000, 0x00000000ad100000|100%|HS|  |TAMS 0x00000000ad000000| PB 0x00000000ad000000| Complete |  0
| 721|0x00000000ad100000, 0x00000000ad200000, 0x00000000ad200000|100%|HC|  |TAMS 0x00000000ad100000| PB 0x00000000ad100000| Complete |  0
| 722|0x00000000ad200000, 0x00000000ad300000, 0x00000000ad300000|100%|HS|  |TAMS 0x00000000ad200000| PB 0x00000000ad200000| Complete |  0
| 723|0x00000000ad300000, 0x00000000ad400000, 0x00000000ad400000|100%|HC|  |TAMS 0x00000000ad300000| PB 0x00000000ad300000| Complete |  0
| 724|0x00000000ad400000, 0x00000000ad400000, 0x00000000ad500000|  0%| F|  |TAMS 0x00000000ad400000| PB 0x00000000ad400000| Untracked |  0
| 725|0x00000000ad500000, 0x00000000ad600000, 0x00000000ad600000|100%| O|  |TAMS 0x00000000ad500000| PB 0x00000000ad500000| Untracked |  0
| 726|0x00000000ad600000, 0x00000000ad700000, 0x00000000ad700000|100%|HS|  |TAMS 0x00000000ad600000| PB 0x00000000ad600000| Complete |  0
| 727|0x00000000ad700000, 0x00000000ad800000, 0x00000000ad800000|100%|HC|  |TAMS 0x00000000ad700000| PB 0x00000000ad700000| Complete |  0
| 728|0x00000000ad800000, 0x00000000ad800000, 0x00000000ad900000|  0%| F|  |TAMS 0x00000000ad800000| PB 0x00000000ad800000| Untracked |  0
| 729|0x00000000ad900000, 0x00000000ada00000, 0x00000000ada00000|100%| O|Cm|TAMS 0x00000000ad900000| PB 0x00000000ad900000| Complete |  0
| 730|0x00000000ada00000, 0x00000000adb00000, 0x00000000adb00000|100%|HS|  |TAMS 0x00000000ada00000| PB 0x00000000ada00000| Complete |  0
| 731|0x00000000adb00000, 0x00000000adc00000, 0x00000000adc00000|100%|HC|  |TAMS 0x00000000adb00000| PB 0x00000000adb00000| Complete |  0
| 732|0x00000000adc00000, 0x00000000add00000, 0x00000000add00000|100%|HS|  |TAMS 0x00000000adc00000| PB 0x00000000adc00000| Complete |  0
| 733|0x00000000add00000, 0x00000000ade00000, 0x00000000ade00000|100%|HC|  |TAMS 0x00000000add00000| PB 0x00000000add00000| Complete |  0
| 734|0x00000000ade00000, 0x00000000ade00000, 0x00000000adf00000|  0%| F|  |TAMS 0x00000000ade00000| PB 0x00000000ade00000| Untracked |  0
| 735|0x00000000adf00000, 0x00000000ae000000, 0x00000000ae000000|100%| O|Cm|TAMS 0x00000000adf00000| PB 0x00000000adf00000| Complete |  0
| 736|0x00000000ae000000, 0x00000000ae100000, 0x00000000ae100000|100%|HS|  |TAMS 0x00000000ae000000| PB 0x00000000ae000000| Complete |  0
| 737|0x00000000ae100000, 0x00000000ae200000, 0x00000000ae200000|100%|HC|  |TAMS 0x00000000ae100000| PB 0x00000000ae100000| Complete |  0
| 738|0x00000000ae200000, 0x00000000ae200000, 0x00000000ae300000|  0%| F|  |TAMS 0x00000000ae200000| PB 0x00000000ae200000| Untracked |  0
| 739|0x00000000ae300000, 0x00000000ae400000, 0x00000000ae400000|100%| O|  |TAMS 0x00000000ae300000| PB 0x00000000ae300000| Untracked |  0
| 740|0x00000000ae400000, 0x00000000ae500000, 0x00000000ae500000|100%|HS|  |TAMS 0x00000000ae400000| PB 0x00000000ae400000| Complete |  0
| 741|0x00000000ae500000, 0x00000000ae600000, 0x00000000ae600000|100%|HC|  |TAMS 0x00000000ae500000| PB 0x00000000ae500000| Complete |  0
| 742|0x00000000ae600000, 0x00000000ae700000, 0x00000000ae700000|100%|HS|  |TAMS 0x00000000ae600000| PB 0x00000000ae600000| Complete |  0
| 743|0x00000000ae700000, 0x00000000ae800000, 0x00000000ae800000|100%|HC|  |TAMS 0x00000000ae700000| PB 0x00000000ae700000| Complete |  0
| 744|0x00000000ae800000, 0x00000000ae900000, 0x00000000ae900000|100%|HS|  |TAMS 0x00000000ae800000| PB 0x00000000ae800000| Complete |  0
| 745|0x00000000ae900000, 0x00000000aea00000, 0x00000000aea00000|100%|HC|  |TAMS 0x00000000ae900000| PB 0x00000000ae900000| Complete |  0
| 746|0x00000000aea00000, 0x00000000aeb00000, 0x00000000aeb00000|100%|HS|  |TAMS 0x00000000aea00000| PB 0x00000000aea00000| Complete |  0
| 747|0x00000000aeb00000, 0x00000000aec00000, 0x00000000aec00000|100%|HC|  |TAMS 0x00000000aeb00000| PB 0x00000000aeb00000| Complete |  0
| 748|0x00000000aec00000, 0x00000000aed00000, 0x00000000aed00000|100%|HS|  |TAMS 0x00000000aec00000| PB 0x00000000aec00000| Complete |  0
| 749|0x00000000aed00000, 0x00000000aee00000, 0x00000000aee00000|100%|HC|  |TAMS 0x00000000aed00000| PB 0x00000000aed00000| Complete |  0
| 750|0x00000000aee00000, 0x00000000aef00000, 0x00000000aef00000|100%|HS|  |TAMS 0x00000000aee00000| PB 0x00000000aee00000| Complete |  0
| 751|0x00000000aef00000, 0x00000000af000000, 0x00000000af000000|100%|HC|  |TAMS 0x00000000aef00000| PB 0x00000000aef00000| Complete |  0
| 752|0x00000000af000000, 0x00000000af100000, 0x00000000af100000|100%|HS|  |TAMS 0x00000000af000000| PB 0x00000000af000000| Complete |  0
| 753|0x00000000af100000, 0x00000000af200000, 0x00000000af200000|100%|HC|  |TAMS 0x00000000af100000| PB 0x00000000af100000| Complete |  0
| 754|0x00000000af200000, 0x00000000af200000, 0x00000000af300000|  0%| F|  |TAMS 0x00000000af200000| PB 0x00000000af200000| Untracked |  0
| 755|0x00000000af300000, 0x00000000af400000, 0x00000000af400000|100%| O|Cm|TAMS 0x00000000af300000| PB 0x00000000af300000| Complete |  0
| 756|0x00000000af400000, 0x00000000af500000, 0x00000000af500000|100%|HS|  |TAMS 0x00000000af400000| PB 0x00000000af400000| Complete |  0
| 757|0x00000000af500000, 0x00000000af600000, 0x00000000af600000|100%|HC|  |TAMS 0x00000000af500000| PB 0x00000000af500000| Complete |  0
| 758|0x00000000af600000, 0x00000000af700000, 0x00000000af700000|100%| O|  |TAMS 0x00000000af600000| PB 0x00000000af600000| Untracked |  0
| 759|0x00000000af700000, 0x00000000af800000, 0x00000000af800000|100%|HS|  |TAMS 0x00000000af700000| PB 0x00000000af700000| Complete |  0
| 760|0x00000000af800000, 0x00000000af900000, 0x00000000af900000|100%|HC|  |TAMS 0x00000000af800000| PB 0x00000000af800000| Complete |  0
| 761|0x00000000af900000, 0x00000000afa00000, 0x00000000afa00000|100%|HS|  |TAMS 0x00000000af900000| PB 0x00000000af900000| Complete |  0
| 762|0x00000000afa00000, 0x00000000afb00000, 0x00000000afb00000|100%|HC|  |TAMS 0x00000000afa00000| PB 0x00000000afa00000| Complete |  0
| 763|0x00000000afb00000, 0x00000000afb00000, 0x00000000afc00000|  0%| F|  |TAMS 0x00000000afb00000| PB 0x00000000afb00000| Untracked |  0
| 764|0x00000000afc00000, 0x00000000afd00000, 0x00000000afd00000|100%| O|Cm|TAMS 0x00000000afc00000| PB 0x00000000afc00000| Complete |  0
| 765|0x00000000afd00000, 0x00000000afe00000, 0x00000000afe00000|100%| O|Cm|TAMS 0x00000000afd00000| PB 0x00000000afd00000| Complete |  0
| 766|0x00000000afe00000, 0x00000000aff00000, 0x00000000aff00000|100%|HS|  |TAMS 0x00000000afe00000| PB 0x00000000afe00000| Complete |  0
| 767|0x00000000aff00000, 0x00000000b0000000, 0x00000000b0000000|100%|HC|  |TAMS 0x00000000aff00000| PB 0x00000000aff00000| Complete |  0
| 768|0x00000000b0000000, 0x00000000b0000000, 0x00000000b0100000|  0%| F|  |TAMS 0x00000000b0000000| PB 0x00000000b0000000| Untracked |  0
| 769|0x00000000b0100000, 0x00000000b0200000, 0x00000000b0200000|100%| O|Cm|TAMS 0x00000000b0100000| PB 0x00000000b0100000| Complete |  0
| 770|0x00000000b0200000, 0x00000000b0200000, 0x00000000b0300000|  0%| F|  |TAMS 0x00000000b0200000| PB 0x00000000b0200000| Untracked |  0
| 771|0x00000000b0300000, 0x00000000b0400000, 0x00000000b0400000|100%| O|  |TAMS 0x00000000b0300000| PB 0x00000000b0300000| Untracked |  0
| 772|0x00000000b0400000, 0x00000000b0500000, 0x00000000b0500000|100%| O|Cm|TAMS 0x00000000b0400000| PB 0x00000000b0400000| Complete |  0
| 773|0x00000000b0500000, 0x00000000b0600000, 0x00000000b0600000|100%| O|  |TAMS 0x00000000b0500000| PB 0x00000000b0500000| Untracked |  0
| 774|0x00000000b0600000, 0x00000000b0600000, 0x00000000b0700000|  0%| F|  |TAMS 0x00000000b0600000| PB 0x00000000b0600000| Untracked |  0
| 775|0x00000000b0700000, 0x00000000b0800000, 0x00000000b0800000|100%| O|  |TAMS 0x00000000b0700000| PB 0x00000000b0700000| Untracked |  0
| 776|0x00000000b0800000, 0x00000000b0900000, 0x00000000b0900000|100%| O|  |TAMS 0x00000000b0800000| PB 0x00000000b0800000| Untracked |  0
| 777|0x00000000b0900000, 0x00000000b0a00000, 0x00000000b0a00000|100%| O|  |TAMS 0x00000000b0900000| PB 0x00000000b0900000| Untracked |  0
| 778|0x00000000b0a00000, 0x00000000b0b00000, 0x00000000b0b00000|100%| O|  |TAMS 0x00000000b0a00000| PB 0x00000000b0a00000| Untracked |  0
| 779|0x00000000b0b00000, 0x00000000b0c00000, 0x00000000b0c00000|100%| O|  |TAMS 0x00000000b0b00000| PB 0x00000000b0b00000| Untracked |  0
| 780|0x00000000b0c00000, 0x00000000b0d00000, 0x00000000b0d00000|100%| O|  |TAMS 0x00000000b0c00000| PB 0x00000000b0c00000| Untracked |  0
| 781|0x00000000b0d00000, 0x00000000b0e00000, 0x00000000b0e00000|100%|HS|  |TAMS 0x00000000b0d00000| PB 0x00000000b0d00000| Complete |  0
| 782|0x00000000b0e00000, 0x00000000b0f00000, 0x00000000b0f00000|100%|HC|  |TAMS 0x00000000b0e00000| PB 0x00000000b0e00000| Complete |  0
| 783|0x00000000b0f00000, 0x00000000b1000000, 0x00000000b1000000|100%|HS|  |TAMS 0x00000000b0f00000| PB 0x00000000b0f00000| Complete |  0
| 784|0x00000000b1000000, 0x00000000b1100000, 0x00000000b1100000|100%|HC|  |TAMS 0x00000000b1000000| PB 0x00000000b1000000| Complete |  0
| 785|0x00000000b1100000, 0x00000000b1100000, 0x00000000b1200000|  0%| F|  |TAMS 0x00000000b1100000| PB 0x00000000b1100000| Untracked |  0
| 786|0x00000000b1200000, 0x00000000b1300000, 0x00000000b1300000|100%| O|  |TAMS 0x00000000b1200000| PB 0x00000000b1200000| Untracked |  0
| 787|0x00000000b1300000, 0x00000000b1400000, 0x00000000b1400000|100%|HS|  |TAMS 0x00000000b1300000| PB 0x00000000b1300000| Complete |  0
| 788|0x00000000b1400000, 0x00000000b1500000, 0x00000000b1500000|100%|HC|  |TAMS 0x00000000b1400000| PB 0x00000000b1400000| Complete |  0
| 789|0x00000000b1500000, 0x00000000b1600000, 0x00000000b1600000|100%| O|  |TAMS 0x00000000b1500000| PB 0x00000000b1500000| Untracked |  0
| 790|0x00000000b1600000, 0x00000000b1700000, 0x00000000b1700000|100%| O|  |TAMS 0x00000000b1600000| PB 0x00000000b1600000| Untracked |  0
| 791|0x00000000b1700000, 0x00000000b1800000, 0x00000000b1800000|100%| O|  |TAMS 0x00000000b1700000| PB 0x00000000b1700000| Untracked |  0
| 792|0x00000000b1800000, 0x00000000b1900000, 0x00000000b1900000|100%| O|  |TAMS 0x00000000b1800000| PB 0x00000000b1800000| Untracked |  0
| 793|0x00000000b1900000, 0x00000000b1a00000, 0x00000000b1a00000|100%| O|  |TAMS 0x00000000b1900000| PB 0x00000000b1900000| Untracked |  0
| 794|0x00000000b1a00000, 0x00000000b1b00000, 0x00000000b1b00000|100%| O|Cm|TAMS 0x00000000b1a00000| PB 0x00000000b1a00000| Complete |  0
| 795|0x00000000b1b00000, 0x00000000b1c00000, 0x00000000b1c00000|100%|HS|  |TAMS 0x00000000b1b00000| PB 0x00000000b1b00000| Complete |  0
| 796|0x00000000b1c00000, 0x00000000b1d00000, 0x00000000b1d00000|100%|HC|  |TAMS 0x00000000b1c00000| PB 0x00000000b1c00000| Complete |  0
| 797|0x00000000b1d00000, 0x00000000b1e00000, 0x00000000b1e00000|100%| O|Cm|TAMS 0x00000000b1d00000| PB 0x00000000b1d00000| Complete |  0
| 798|0x00000000b1e00000, 0x00000000b1f00000, 0x00000000b1f00000|100%| O|  |TAMS 0x00000000b1e00000| PB 0x00000000b1e00000| Untracked |  0
| 799|0x00000000b1f00000, 0x00000000b2000000, 0x00000000b2000000|100%|HS|  |TAMS 0x00000000b1f00000| PB 0x00000000b1f00000| Complete |  0
| 800|0x00000000b2000000, 0x00000000b2100000, 0x00000000b2100000|100%|HC|  |TAMS 0x00000000b2000000| PB 0x00000000b2000000| Complete |  0
| 801|0x00000000b2100000, 0x00000000b2200000, 0x00000000b2200000|100%| O|  |TAMS 0x00000000b2100000| PB 0x00000000b2100000| Untracked |  0
| 802|0x00000000b2200000, 0x00000000b2300000, 0x00000000b2300000|100%| O|  |TAMS 0x00000000b2200000| PB 0x00000000b2200000| Untracked |  0
| 803|0x00000000b2300000, 0x00000000b2400000, 0x00000000b2400000|100%| O|  |TAMS 0x00000000b2300000| PB 0x00000000b2300000| Untracked |  0
| 804|0x00000000b2400000, 0x00000000b2500000, 0x00000000b2500000|100%| O|Cm|TAMS 0x00000000b2400000| PB 0x00000000b2400000| Complete |  0
| 805|0x00000000b2500000, 0x00000000b2600000, 0x00000000b2600000|100%| O|  |TAMS 0x00000000b2500000| PB 0x00000000b2500000| Untracked |  0
| 806|0x00000000b2600000, 0x00000000b2700000, 0x00000000b2700000|100%| O|Cm|TAMS 0x00000000b2600000| PB 0x00000000b2600000| Complete |  0
| 807|0x00000000b2700000, 0x00000000b2800000, 0x00000000b2800000|100%| O|  |TAMS 0x00000000b2700000| PB 0x00000000b2700000| Untracked |  0
| 808|0x00000000b2800000, 0x00000000b2900000, 0x00000000b2900000|100%| O|Cm|TAMS 0x00000000b2800000| PB 0x00000000b2800000| Complete |  0
| 809|0x00000000b2900000, 0x00000000b2a00000, 0x00000000b2a00000|100%| O|Cm|TAMS 0x00000000b2900000| PB 0x00000000b2900000| Complete |  0
| 810|0x00000000b2a00000, 0x00000000b2b00000, 0x00000000b2b00000|100%| O|Cm|TAMS 0x00000000b2a00000| PB 0x00000000b2a00000| Complete |  0
| 811|0x00000000b2b00000, 0x00000000b2c00000, 0x00000000b2c00000|100%| O|Cm|TAMS 0x00000000b2b00000| PB 0x00000000b2b00000| Complete |  0
| 812|0x00000000b2c00000, 0x00000000b2c00000, 0x00000000b2d00000|  0%| F|  |TAMS 0x00000000b2c00000| PB 0x00000000b2c00000| Untracked |  0
| 813|0x00000000b2d00000, 0x00000000b2e00000, 0x00000000b2e00000|100%| O|Cm|TAMS 0x00000000b2d00000| PB 0x00000000b2d00000| Complete |  0
| 814|0x00000000b2e00000, 0x00000000b2f00000, 0x00000000b2f00000|100%|HS|  |TAMS 0x00000000b2e00000| PB 0x00000000b2e00000| Complete |  0
| 815|0x00000000b2f00000, 0x00000000b3000000, 0x00000000b3000000|100%|HC|  |TAMS 0x00000000b2f00000| PB 0x00000000b2f00000| Complete |  0
| 816|0x00000000b3000000, 0x00000000b3100000, 0x00000000b3100000|100%|HC|  |TAMS 0x00000000b3000000| PB 0x00000000b3000000| Complete |  0
| 817|0x00000000b3100000, 0x00000000b3200000, 0x00000000b3200000|100%|HC|  |TAMS 0x00000000b3100000| PB 0x00000000b3100000| Complete |  0
| 818|0x00000000b3200000, 0x00000000b3300000, 0x00000000b3300000|100%|HC|  |TAMS 0x00000000b3200000| PB 0x00000000b3200000| Complete |  0
| 819|0x00000000b3300000, 0x00000000b3400000, 0x00000000b3400000|100%|HC|  |TAMS 0x00000000b3300000| PB 0x00000000b3300000| Complete |  0
| 820|0x00000000b3400000, 0x00000000b3500000, 0x00000000b3500000|100%|HC|  |TAMS 0x00000000b3400000| PB 0x00000000b3400000| Complete |  0
| 821|0x00000000b3500000, 0x00000000b3600000, 0x00000000b3600000|100%|HC|  |TAMS 0x00000000b3500000| PB 0x00000000b3500000| Complete |  0
| 822|0x00000000b3600000, 0x00000000b3700000, 0x00000000b3700000|100%|HC|  |TAMS 0x00000000b3600000| PB 0x00000000b3600000| Complete |  0
| 823|0x00000000b3700000, 0x00000000b3800000, 0x00000000b3800000|100%|HC|  |TAMS 0x00000000b3700000| PB 0x00000000b3700000| Complete |  0
| 824|0x00000000b3800000, 0x00000000b3900000, 0x00000000b3900000|100%|HC|  |TAMS 0x00000000b3800000| PB 0x00000000b3800000| Complete |  0
| 825|0x00000000b3900000, 0x00000000b3a00000, 0x00000000b3a00000|100%|HC|  |TAMS 0x00000000b3900000| PB 0x00000000b3900000| Complete |  0
| 826|0x00000000b3a00000, 0x00000000b3b00000, 0x00000000b3b00000|100%|HC|  |TAMS 0x00000000b3a00000| PB 0x00000000b3a00000| Complete |  0
| 827|0x00000000b3b00000, 0x00000000b3c00000, 0x00000000b3c00000|100%|HC|  |TAMS 0x00000000b3b00000| PB 0x00000000b3b00000| Complete |  0
| 828|0x00000000b3c00000, 0x00000000b3d00000, 0x00000000b3d00000|100%|HC|  |TAMS 0x00000000b3c00000| PB 0x00000000b3c00000| Complete |  0
| 829|0x00000000b3d00000, 0x00000000b3e00000, 0x00000000b3e00000|100%|HC|  |TAMS 0x00000000b3d00000| PB 0x00000000b3d00000| Complete |  0
| 830|0x00000000b3e00000, 0x00000000b3f00000, 0x00000000b3f00000|100%|HS|  |TAMS 0x00000000b3e00000| PB 0x00000000b3e00000| Complete |  0
| 831|0x00000000b3f00000, 0x00000000b4000000, 0x00000000b4000000|100%|HC|  |TAMS 0x00000000b3f00000| PB 0x00000000b3f00000| Complete |  0
| 832|0x00000000b4000000, 0x00000000b4100000, 0x00000000b4100000|100%|HS|  |TAMS 0x00000000b4000000| PB 0x00000000b4000000| Complete |  0
| 833|0x00000000b4100000, 0x00000000b4200000, 0x00000000b4200000|100%|HC|  |TAMS 0x00000000b4100000| PB 0x00000000b4100000| Complete |  0
| 834|0x00000000b4200000, 0x00000000b4300000, 0x00000000b4300000|100%|HS|  |TAMS 0x00000000b4200000| PB 0x00000000b4200000| Complete |  0
| 835|0x00000000b4300000, 0x00000000b4400000, 0x00000000b4400000|100%|HC|  |TAMS 0x00000000b4300000| PB 0x00000000b4300000| Complete |  0
| 836|0x00000000b4400000, 0x00000000b4500000, 0x00000000b4500000|100%|HS|  |TAMS 0x00000000b4400000| PB 0x00000000b4400000| Complete |  0
| 837|0x00000000b4500000, 0x00000000b4600000, 0x00000000b4600000|100%|HC|  |TAMS 0x00000000b4500000| PB 0x00000000b4500000| Complete |  0
| 838|0x00000000b4600000, 0x00000000b4700000, 0x00000000b4700000|100%|HS|  |TAMS 0x00000000b4600000| PB 0x00000000b4600000| Complete |  0
| 839|0x00000000b4700000, 0x00000000b4800000, 0x00000000b4800000|100%|HC|  |TAMS 0x00000000b4700000| PB 0x00000000b4700000| Complete |  0
| 840|0x00000000b4800000, 0x00000000b4900000, 0x00000000b4900000|100%|HS|  |TAMS 0x00000000b4800000| PB 0x00000000b4800000| Complete |  0
| 841|0x00000000b4900000, 0x00000000b4a00000, 0x00000000b4a00000|100%|HC|  |TAMS 0x00000000b4900000| PB 0x00000000b4900000| Complete |  0
| 842|0x00000000b4a00000, 0x00000000b4a00000, 0x00000000b4b00000|  0%| F|  |TAMS 0x00000000b4a00000| PB 0x00000000b4a00000| Untracked |  0
| 843|0x00000000b4b00000, 0x00000000b4c00000, 0x00000000b4c00000|100%| O|  |TAMS 0x00000000b4b00000| PB 0x00000000b4b00000| Untracked |  0
| 844|0x00000000b4c00000, 0x00000000b4c00000, 0x00000000b4d00000|  0%| F|  |TAMS 0x00000000b4c00000| PB 0x00000000b4c00000| Untracked |  0
| 845|0x00000000b4d00000, 0x00000000b4e00000, 0x00000000b4e00000|100%| O|Cm|TAMS 0x00000000b4d00000| PB 0x00000000b4d00000| Complete |  0
| 846|0x00000000b4e00000, 0x00000000b4f00000, 0x00000000b4f00000|100%|HS|  |TAMS 0x00000000b4e00000| PB 0x00000000b4e00000| Complete |  0
| 847|0x00000000b4f00000, 0x00000000b5000000, 0x00000000b5000000|100%|HC|  |TAMS 0x00000000b4f00000| PB 0x00000000b4f00000| Complete |  0
| 848|0x00000000b5000000, 0x00000000b5100000, 0x00000000b5100000|100%|HS|  |TAMS 0x00000000b5000000| PB 0x00000000b5000000| Complete |  0
| 849|0x00000000b5100000, 0x00000000b5200000, 0x00000000b5200000|100%|HC|  |TAMS 0x00000000b5100000| PB 0x00000000b5100000| Complete |  0
| 850|0x00000000b5200000, 0x00000000b5300000, 0x00000000b5300000|100%|HS|  |TAMS 0x00000000b5200000| PB 0x00000000b5200000| Complete |  0
| 851|0x00000000b5300000, 0x00000000b5400000, 0x00000000b5400000|100%|HC|  |TAMS 0x00000000b5300000| PB 0x00000000b5300000| Complete |  0
| 852|0x00000000b5400000, 0x00000000b5500000, 0x00000000b5500000|100%|HS|  |TAMS 0x00000000b5400000| PB 0x00000000b5400000| Complete |  0
| 853|0x00000000b5500000, 0x00000000b5600000, 0x00000000b5600000|100%|HC|  |TAMS 0x00000000b5500000| PB 0x00000000b5500000| Complete |  0
| 854|0x00000000b5600000, 0x00000000b5700000, 0x00000000b5700000|100%|HS|  |TAMS 0x00000000b5600000| PB 0x00000000b5600000| Complete |  0
| 855|0x00000000b5700000, 0x00000000b5800000, 0x00000000b5800000|100%|HC|  |TAMS 0x00000000b5700000| PB 0x00000000b5700000| Complete |  0
| 856|0x00000000b5800000, 0x00000000b5800000, 0x00000000b5900000|  0%| F|  |TAMS 0x00000000b5800000| PB 0x00000000b5800000| Untracked |  0
| 857|0x00000000b5900000, 0x00000000b5a00000, 0x00000000b5a00000|100%| O|Cm|TAMS 0x00000000b5900000| PB 0x00000000b5900000| Complete |  0
| 858|0x00000000b5a00000, 0x00000000b5b00000, 0x00000000b5b00000|100%|HS|  |TAMS 0x00000000b5a00000| PB 0x00000000b5a00000| Complete |  0
| 859|0x00000000b5b00000, 0x00000000b5c00000, 0x00000000b5c00000|100%|HC|  |TAMS 0x00000000b5b00000| PB 0x00000000b5b00000| Complete |  0
| 860|0x00000000b5c00000, 0x00000000b5d00000, 0x00000000b5d00000|100%|HS|  |TAMS 0x00000000b5c00000| PB 0x00000000b5c00000| Complete |  0
| 861|0x00000000b5d00000, 0x00000000b5e00000, 0x00000000b5e00000|100%|HC|  |TAMS 0x00000000b5d00000| PB 0x00000000b5d00000| Complete |  0
| 862|0x00000000b5e00000, 0x00000000b5f00000, 0x00000000b5f00000|100%|HS|  |TAMS 0x00000000b5e00000| PB 0x00000000b5e00000| Complete |  0
| 863|0x00000000b5f00000, 0x00000000b6000000, 0x00000000b6000000|100%|HC|  |TAMS 0x00000000b5f00000| PB 0x00000000b5f00000| Complete |  0
| 864|0x00000000b6000000, 0x00000000b6000000, 0x00000000b6100000|  0%| F|  |TAMS 0x00000000b6000000| PB 0x00000000b6000000| Untracked |  0
| 865|0x00000000b6100000, 0x00000000b6200000, 0x00000000b6200000|100%| O|Cm|TAMS 0x00000000b6100000| PB 0x00000000b6100000| Complete |  0
| 866|0x00000000b6200000, 0x00000000b6300000, 0x00000000b6300000|100%|HS|  |TAMS 0x00000000b6200000| PB 0x00000000b6200000| Complete |  0
| 867|0x00000000b6300000, 0x00000000b6400000, 0x00000000b6400000|100%|HC|  |TAMS 0x00000000b6300000| PB 0x00000000b6300000| Complete |  0
| 868|0x00000000b6400000, 0x00000000b6500000, 0x00000000b6500000|100%|HS|  |TAMS 0x00000000b6400000| PB 0x00000000b6400000| Complete |  0
| 869|0x00000000b6500000, 0x00000000b6600000, 0x00000000b6600000|100%|HC|  |TAMS 0x00000000b6500000| PB 0x00000000b6500000| Complete |  0
| 870|0x00000000b6600000, 0x00000000b6700000, 0x00000000b6700000|100%|HS|  |TAMS 0x00000000b6600000| PB 0x00000000b6600000| Complete |  0
| 871|0x00000000b6700000, 0x00000000b6800000, 0x00000000b6800000|100%|HC|  |TAMS 0x00000000b6700000| PB 0x00000000b6700000| Complete |  0
| 872|0x00000000b6800000, 0x00000000b6800000, 0x00000000b6900000|  0%| F|  |TAMS 0x00000000b6800000| PB 0x00000000b6800000| Untracked |  0
| 873|0x00000000b6900000, 0x00000000b6a00000, 0x00000000b6a00000|100%| O|Cm|TAMS 0x00000000b6900000| PB 0x00000000b6900000| Complete |  0
| 874|0x00000000b6a00000, 0x00000000b6b00000, 0x00000000b6b00000|100%|HS|  |TAMS 0x00000000b6a00000| PB 0x00000000b6a00000| Complete |  0
| 875|0x00000000b6b00000, 0x00000000b6c00000, 0x00000000b6c00000|100%|HC|  |TAMS 0x00000000b6b00000| PB 0x00000000b6b00000| Complete |  0
| 876|0x00000000b6c00000, 0x00000000b6d00000, 0x00000000b6d00000|100%|HC|  |TAMS 0x00000000b6c00000| PB 0x00000000b6c00000| Complete |  0
| 877|0x00000000b6d00000, 0x00000000b6e00000, 0x00000000b6e00000|100%|HC|  |TAMS 0x00000000b6d00000| PB 0x00000000b6d00000| Complete |  0
| 878|0x00000000b6e00000, 0x00000000b6f00000, 0x00000000b6f00000|100%|HC|  |TAMS 0x00000000b6e00000| PB 0x00000000b6e00000| Complete |  0
| 879|0x00000000b6f00000, 0x00000000b7000000, 0x00000000b7000000|100%|HC|  |TAMS 0x00000000b6f00000| PB 0x00000000b6f00000| Complete |  0
| 880|0x00000000b7000000, 0x00000000b7100000, 0x00000000b7100000|100%|HC|  |TAMS 0x00000000b7000000| PB 0x00000000b7000000| Complete |  0
| 881|0x00000000b7100000, 0x00000000b7200000, 0x00000000b7200000|100%|HC|  |TAMS 0x00000000b7100000| PB 0x00000000b7100000| Complete |  0
| 882|0x00000000b7200000, 0x00000000b7300000, 0x00000000b7300000|100%|HC|  |TAMS 0x00000000b7200000| PB 0x00000000b7200000| Complete |  0
| 883|0x00000000b7300000, 0x00000000b7400000, 0x00000000b7400000|100%|HC|  |TAMS 0x00000000b7300000| PB 0x00000000b7300000| Complete |  0
| 884|0x00000000b7400000, 0x00000000b7500000, 0x00000000b7500000|100%|HC|  |TAMS 0x00000000b7400000| PB 0x00000000b7400000| Complete |  0
| 885|0x00000000b7500000, 0x00000000b7600000, 0x00000000b7600000|100%|HC|  |TAMS 0x00000000b7500000| PB 0x00000000b7500000| Complete |  0
| 886|0x00000000b7600000, 0x00000000b7700000, 0x00000000b7700000|100%|HC|  |TAMS 0x00000000b7600000| PB 0x00000000b7600000| Complete |  0
| 887|0x00000000b7700000, 0x00000000b7800000, 0x00000000b7800000|100%|HC|  |TAMS 0x00000000b7700000| PB 0x00000000b7700000| Complete |  0
| 888|0x00000000b7800000, 0x00000000b7900000, 0x00000000b7900000|100%|HC|  |TAMS 0x00000000b7800000| PB 0x00000000b7800000| Complete |  0
| 889|0x00000000b7900000, 0x00000000b7a00000, 0x00000000b7a00000|100%|HC|  |TAMS 0x00000000b7900000| PB 0x00000000b7900000| Complete |  0
| 890|0x00000000b7a00000, 0x00000000b7b00000, 0x00000000b7b00000|100%|HC|  |TAMS 0x00000000b7a00000| PB 0x00000000b7a00000| Complete |  0
| 891|0x00000000b7b00000, 0x00000000b7c00000, 0x00000000b7c00000|100%|HC|  |TAMS 0x00000000b7b00000| PB 0x00000000b7b00000| Complete |  0
| 892|0x00000000b7c00000, 0x00000000b7d00000, 0x00000000b7d00000|100%|HC|  |TAMS 0x00000000b7c00000| PB 0x00000000b7c00000| Complete |  0
| 893|0x00000000b7d00000, 0x00000000b7e00000, 0x00000000b7e00000|100%|HC|  |TAMS 0x00000000b7d00000| PB 0x00000000b7d00000| Complete |  0
| 894|0x00000000b7e00000, 0x00000000b7f00000, 0x00000000b7f00000|100%|HC|  |TAMS 0x00000000b7e00000| PB 0x00000000b7e00000| Complete |  0
| 895|0x00000000b7f00000, 0x00000000b8000000, 0x00000000b8000000|100%|HC|  |TAMS 0x00000000b7f00000| PB 0x00000000b7f00000| Complete |  0
| 896|0x00000000b8000000, 0x00000000b8100000, 0x00000000b8100000|100%|HC|  |TAMS 0x00000000b8000000| PB 0x00000000b8000000| Complete |  0
| 897|0x00000000b8100000, 0x00000000b8200000, 0x00000000b8200000|100%|HC|  |TAMS 0x00000000b8100000| PB 0x00000000b8100000| Complete |  0
| 898|0x00000000b8200000, 0x00000000b8300000, 0x00000000b8300000|100%|HC|  |TAMS 0x00000000b8200000| PB 0x00000000b8200000| Complete |  0
| 899|0x00000000b8300000, 0x00000000b8400000, 0x00000000b8400000|100%|HC|  |TAMS 0x00000000b8300000| PB 0x00000000b8300000| Complete |  0
| 900|0x00000000b8400000, 0x00000000b8500000, 0x00000000b8500000|100%|HC|  |TAMS 0x00000000b8400000| PB 0x00000000b8400000| Complete |  0
| 901|0x00000000b8500000, 0x00000000b8600000, 0x00000000b8600000|100%|HC|  |TAMS 0x00000000b8500000| PB 0x00000000b8500000| Complete |  0
| 902|0x00000000b8600000, 0x00000000b8700000, 0x00000000b8700000|100%|HC|  |TAMS 0x00000000b8600000| PB 0x00000000b8600000| Complete |  0
| 903|0x00000000b8700000, 0x00000000b8800000, 0x00000000b8800000|100%|HC|  |TAMS 0x00000000b8700000| PB 0x00000000b8700000| Complete |  0
| 904|0x00000000b8800000, 0x00000000b8900000, 0x00000000b8900000|100%|HC|  |TAMS 0x00000000b8800000| PB 0x00000000b8800000| Complete |  0
| 905|0x00000000b8900000, 0x00000000b8a00000, 0x00000000b8a00000|100%|HC|  |TAMS 0x00000000b8900000| PB 0x00000000b8900000| Complete |  0
| 906|0x00000000b8a00000, 0x00000000b8b00000, 0x00000000b8b00000|100%|HC|  |TAMS 0x00000000b8a00000| PB 0x00000000b8a00000| Complete |  0
| 907|0x00000000b8b00000, 0x00000000b8c00000, 0x00000000b8c00000|100%|HC|  |TAMS 0x00000000b8b00000| PB 0x00000000b8b00000| Complete |  0
| 908|0x00000000b8c00000, 0x00000000b8d00000, 0x00000000b8d00000|100%|HC|  |TAMS 0x00000000b8c00000| PB 0x00000000b8c00000| Complete |  0
| 909|0x00000000b8d00000, 0x00000000b8e00000, 0x00000000b8e00000|100%|HC|  |TAMS 0x00000000b8d00000| PB 0x00000000b8d00000| Complete |  0
| 910|0x00000000b8e00000, 0x00000000b8f00000, 0x00000000b8f00000|100%|HC|  |TAMS 0x00000000b8e00000| PB 0x00000000b8e00000| Complete |  0
| 911|0x00000000b8f00000, 0x00000000b9000000, 0x00000000b9000000|100%|HC|  |TAMS 0x00000000b8f00000| PB 0x00000000b8f00000| Complete |  0
| 912|0x00000000b9000000, 0x00000000b9100000, 0x00000000b9100000|100%|HC|  |TAMS 0x00000000b9000000| PB 0x00000000b9000000| Complete |  0
| 913|0x00000000b9100000, 0x00000000b9200000, 0x00000000b9200000|100%|HC|  |TAMS 0x00000000b9100000| PB 0x00000000b9100000| Complete |  0
| 914|0x00000000b9200000, 0x00000000b9300000, 0x00000000b9300000|100%|HC|  |TAMS 0x00000000b9200000| PB 0x00000000b9200000| Complete |  0
| 915|0x00000000b9300000, 0x00000000b9400000, 0x00000000b9400000|100%|HS|  |TAMS 0x00000000b9300000| PB 0x00000000b9300000| Complete |  0
| 916|0x00000000b9400000, 0x00000000b9500000, 0x00000000b9500000|100%|HC|  |TAMS 0x00000000b9400000| PB 0x00000000b9400000| Complete |  0
| 917|0x00000000b9500000, 0x00000000b9600000, 0x00000000b9600000|100%|HS|  |TAMS 0x00000000b9500000| PB 0x00000000b9500000| Complete |  0
| 918|0x00000000b9600000, 0x00000000b9700000, 0x00000000b9700000|100%|HC|  |TAMS 0x00000000b9600000| PB 0x00000000b9600000| Complete |  0
| 919|0x00000000b9700000, 0x00000000b9800000, 0x00000000b9800000|100%|HS|  |TAMS 0x00000000b9700000| PB 0x00000000b9700000| Complete |  0
| 920|0x00000000b9800000, 0x00000000b9900000, 0x00000000b9900000|100%|HC|  |TAMS 0x00000000b9800000| PB 0x00000000b9800000| Complete |  0
| 921|0x00000000b9900000, 0x00000000b9a00000, 0x00000000b9a00000|100%|HS|  |TAMS 0x00000000b9900000| PB 0x00000000b9900000| Complete |  0
| 922|0x00000000b9a00000, 0x00000000b9b00000, 0x00000000b9b00000|100%|HC|  |TAMS 0x00000000b9a00000| PB 0x00000000b9a00000| Complete |  0
| 923|0x00000000b9b00000, 0x00000000b9c00000, 0x00000000b9c00000|100%|HS|  |TAMS 0x00000000b9b00000| PB 0x00000000b9b00000| Complete |  0
| 924|0x00000000b9c00000, 0x00000000b9d00000, 0x00000000b9d00000|100%|HC|  |TAMS 0x00000000b9c00000| PB 0x00000000b9c00000| Complete |  0
| 925|0x00000000b9d00000, 0x00000000b9e00000, 0x00000000b9e00000|100%| O|  |TAMS 0x00000000b9d00000| PB 0x00000000b9d00000| Untracked |  0
| 926|0x00000000b9e00000, 0x00000000b9f00000, 0x00000000b9f00000|100%| O|  |TAMS 0x00000000b9e00000| PB 0x00000000b9e00000| Untracked |  0
| 927|0x00000000b9f00000, 0x00000000ba000000, 0x00000000ba000000|100%| O|  |TAMS 0x00000000b9f00000| PB 0x00000000b9f00000| Untracked |  0
| 928|0x00000000ba000000, 0x00000000ba100000, 0x00000000ba100000|100%| O|  |TAMS 0x00000000ba000000| PB 0x00000000ba000000| Untracked |  0
| 929|0x00000000ba100000, 0x00000000ba200000, 0x00000000ba200000|100%| O|  |TAMS 0x00000000ba100000| PB 0x00000000ba100000| Untracked |  0
| 930|0x00000000ba200000, 0x00000000ba300000, 0x00000000ba300000|100%| O|  |TAMS 0x00000000ba200000| PB 0x00000000ba200000| Untracked |  0
| 931|0x00000000ba300000, 0x00000000ba400000, 0x00000000ba400000|100%| O|  |TAMS 0x00000000ba300000| PB 0x00000000ba300000| Untracked |  0
| 932|0x00000000ba400000, 0x00000000ba500000, 0x00000000ba500000|100%|HS|  |TAMS 0x00000000ba400000| PB 0x00000000ba400000| Complete |  0
| 933|0x00000000ba500000, 0x00000000ba600000, 0x00000000ba600000|100%|HC|  |TAMS 0x00000000ba500000| PB 0x00000000ba500000| Complete |  0
| 934|0x00000000ba600000, 0x00000000ba700000, 0x00000000ba700000|100%| O|  |TAMS 0x00000000ba600000| PB 0x00000000ba600000| Untracked |  0
| 935|0x00000000ba700000, 0x00000000ba800000, 0x00000000ba800000|100%| O|  |TAMS 0x00000000ba700000| PB 0x00000000ba700000| Untracked |  0
| 936|0x00000000ba800000, 0x00000000ba900000, 0x00000000ba900000|100%| O|Cm|TAMS 0x00000000ba800000| PB 0x00000000ba800000| Complete |  0
| 937|0x00000000ba900000, 0x00000000baa00000, 0x00000000baa00000|100%| O|  |TAMS 0x00000000ba900000| PB 0x00000000ba900000| Untracked |  0
| 938|0x00000000baa00000, 0x00000000bab00000, 0x00000000bab00000|100%| O|  |TAMS 0x00000000baa00000| PB 0x00000000baa00000| Untracked |  0
| 939|0x00000000bab00000, 0x00000000bac00000, 0x00000000bac00000|100%| O|  |TAMS 0x00000000bab00000| PB 0x00000000bab00000| Untracked |  0
| 940|0x00000000bac00000, 0x00000000bad00000, 0x00000000bad00000|100%| O|  |TAMS 0x00000000bac00000| PB 0x00000000bac00000| Untracked |  0
| 941|0x00000000bad00000, 0x00000000bae00000, 0x00000000bae00000|100%| O|  |TAMS 0x00000000bad00000| PB 0x00000000bad00000| Untracked |  0
| 942|0x00000000bae00000, 0x00000000baf00000, 0x00000000baf00000|100%| O|  |TAMS 0x00000000bae00000| PB 0x00000000bae00000| Untracked |  0
| 943|0x00000000baf00000, 0x00000000baf00000, 0x00000000bb000000|  0%| F|  |TAMS 0x00000000baf00000| PB 0x00000000baf00000| Untracked |  0
| 944|0x00000000bb000000, 0x00000000bb100000, 0x00000000bb100000|100%| O|  |TAMS 0x00000000bb000000| PB 0x00000000bb000000| Untracked |  0
| 945|0x00000000bb100000, 0x00000000bb200000, 0x00000000bb200000|100%| O|  |TAMS 0x00000000bb100000| PB 0x00000000bb100000| Untracked |  0
| 946|0x00000000bb200000, 0x00000000bb300000, 0x00000000bb300000|100%|HS|  |TAMS 0x00000000bb200000| PB 0x00000000bb200000| Complete |  0
| 947|0x00000000bb300000, 0x00000000bb400000, 0x00000000bb400000|100%|HC|  |TAMS 0x00000000bb300000| PB 0x00000000bb300000| Complete |  0
| 948|0x00000000bb400000, 0x00000000bb500000, 0x00000000bb500000|100%| O|  |TAMS 0x00000000bb400000| PB 0x00000000bb400000| Untracked |  0
| 949|0x00000000bb500000, 0x00000000bb600000, 0x00000000bb600000|100%| O|  |TAMS 0x00000000bb500000| PB 0x00000000bb500000| Untracked |  0
| 950|0x00000000bb600000, 0x00000000bb700000, 0x00000000bb700000|100%| O|Cm|TAMS 0x00000000bb600000| PB 0x00000000bb600000| Complete |  0
| 951|0x00000000bb700000, 0x00000000bb800000, 0x00000000bb800000|100%|HS|  |TAMS 0x00000000bb700000| PB 0x00000000bb700000| Complete |  0
| 952|0x00000000bb800000, 0x00000000bb900000, 0x00000000bb900000|100%|HC|  |TAMS 0x00000000bb800000| PB 0x00000000bb800000| Complete |  0
| 953|0x00000000bb900000, 0x00000000bba00000, 0x00000000bba00000|100%| O|  |TAMS 0x00000000bb900000| PB 0x00000000bb900000| Untracked |  0
| 954|0x00000000bba00000, 0x00000000bba00000, 0x00000000bbb00000|  0%| F|  |TAMS 0x00000000bba00000| PB 0x00000000bba00000| Untracked |  0
| 955|0x00000000bbb00000, 0x00000000bbc00000, 0x00000000bbc00000|100%| O|  |TAMS 0x00000000bbb00000| PB 0x00000000bbb00000| Untracked |  0
| 956|0x00000000bbc00000, 0x00000000bbd00000, 0x00000000bbd00000|100%|HS|  |TAMS 0x00000000bbc00000| PB 0x00000000bbc00000| Complete |  0
| 957|0x00000000bbd00000, 0x00000000bbe00000, 0x00000000bbe00000|100%|HC|  |TAMS 0x00000000bbd00000| PB 0x00000000bbd00000| Complete |  0
| 958|0x00000000bbe00000, 0x00000000bbf00000, 0x00000000bbf00000|100%| O|  |TAMS 0x00000000bbe00000| PB 0x00000000bbe00000| Untracked |  0
| 959|0x00000000bbf00000, 0x00000000bc000000, 0x00000000bc000000|100%| O|  |TAMS 0x00000000bbf00000| PB 0x00000000bbf00000| Untracked |  0
| 960|0x00000000bc000000, 0x00000000bc100000, 0x00000000bc100000|100%|HS|  |TAMS 0x00000000bc000000| PB 0x00000000bc000000| Complete |  0
| 961|0x00000000bc100000, 0x00000000bc200000, 0x00000000bc200000|100%|HC|  |TAMS 0x00000000bc100000| PB 0x00000000bc100000| Complete |  0
| 962|0x00000000bc200000, 0x00000000bc300000, 0x00000000bc300000|100%| O|  |TAMS 0x00000000bc200000| PB 0x00000000bc200000| Untracked |  0
| 963|0x00000000bc300000, 0x00000000bc400000, 0x00000000bc400000|100%|HS|  |TAMS 0x00000000bc300000| PB 0x00000000bc300000| Complete |  0
| 964|0x00000000bc400000, 0x00000000bc500000, 0x00000000bc500000|100%|HC|  |TAMS 0x00000000bc400000| PB 0x00000000bc400000| Complete |  0
| 965|0x00000000bc500000, 0x00000000bc500000, 0x00000000bc600000|  0%| F|  |TAMS 0x00000000bc500000| PB 0x00000000bc500000| Untracked |  0
| 966|0x00000000bc600000, 0x00000000bc700000, 0x00000000bc700000|100%| O|  |TAMS 0x00000000bc600000| PB 0x00000000bc600000| Untracked |  0
| 967|0x00000000bc700000, 0x00000000bc800000, 0x00000000bc800000|100%|HS|  |TAMS 0x00000000bc700000| PB 0x00000000bc700000| Complete |  0
| 968|0x00000000bc800000, 0x00000000bc900000, 0x00000000bc900000|100%|HC|  |TAMS 0x00000000bc800000| PB 0x00000000bc800000| Complete |  0
| 969|0x00000000bc900000, 0x00000000bca00000, 0x00000000bca00000|100%|HS|  |TAMS 0x00000000bc900000| PB 0x00000000bc900000| Complete |  0
| 970|0x00000000bca00000, 0x00000000bcb00000, 0x00000000bcb00000|100%|HC|  |TAMS 0x00000000bca00000| PB 0x00000000bca00000| Complete |  0
| 971|0x00000000bcb00000, 0x00000000bcc00000, 0x00000000bcc00000|100%|HS|  |TAMS 0x00000000bcb00000| PB 0x00000000bcb00000| Complete |  0
| 972|0x00000000bcc00000, 0x00000000bcd00000, 0x00000000bcd00000|100%|HC|  |TAMS 0x00000000bcc00000| PB 0x00000000bcc00000| Complete |  0
| 973|0x00000000bcd00000, 0x00000000bce00000, 0x00000000bce00000|100%|HS|  |TAMS 0x00000000bcd00000| PB 0x00000000bcd00000| Complete |  0
| 974|0x00000000bce00000, 0x00000000bcf00000, 0x00000000bcf00000|100%|HC|  |TAMS 0x00000000bce00000| PB 0x00000000bce00000| Complete |  0
| 975|0x00000000bcf00000, 0x00000000bd000000, 0x00000000bd000000|100%|HS|  |TAMS 0x00000000bcf00000| PB 0x00000000bcf00000| Complete |  0
| 976|0x00000000bd000000, 0x00000000bd100000, 0x00000000bd100000|100%|HC|  |TAMS 0x00000000bd000000| PB 0x00000000bd000000| Complete |  0
| 977|0x00000000bd100000, 0x00000000bd200000, 0x00000000bd200000|100%|HS|  |TAMS 0x00000000bd100000| PB 0x00000000bd100000| Complete |  0
| 978|0x00000000bd200000, 0x00000000bd300000, 0x00000000bd300000|100%|HC|  |TAMS 0x00000000bd200000| PB 0x00000000bd200000| Complete |  0
| 979|0x00000000bd300000, 0x00000000bd400000, 0x00000000bd400000|100%| O|  |TAMS 0x00000000bd300000| PB 0x00000000bd300000| Untracked |  0
| 980|0x00000000bd400000, 0x00000000bd400000, 0x00000000bd500000|  0%| F|  |TAMS 0x00000000bd400000| PB 0x00000000bd400000| Untracked |  0
| 981|0x00000000bd500000, 0x00000000bd600000, 0x00000000bd600000|100%| O|  |TAMS 0x00000000bd500000| PB 0x00000000bd500000| Untracked |  0
| 982|0x00000000bd600000, 0x00000000bd700000, 0x00000000bd700000|100%| O|  |TAMS 0x00000000bd600000| PB 0x00000000bd600000| Untracked |  0
| 983|0x00000000bd700000, 0x00000000bd800000, 0x00000000bd800000|100%|HS|  |TAMS 0x00000000bd700000| PB 0x00000000bd700000| Complete |  0
| 984|0x00000000bd800000, 0x00000000bd900000, 0x00000000bd900000|100%|HC|  |TAMS 0x00000000bd800000| PB 0x00000000bd800000| Complete |  0
| 985|0x00000000bd900000, 0x00000000bda00000, 0x00000000bda00000|100%|HS|  |TAMS 0x00000000bd900000| PB 0x00000000bd900000| Complete |  0
| 986|0x00000000bda00000, 0x00000000bdb00000, 0x00000000bdb00000|100%|HC|  |TAMS 0x00000000bda00000| PB 0x00000000bda00000| Complete |  0
| 987|0x00000000bdb00000, 0x00000000bdc00000, 0x00000000bdc00000|100%|HS|  |TAMS 0x00000000bdb00000| PB 0x00000000bdb00000| Complete |  0
| 988|0x00000000bdc00000, 0x00000000bdd00000, 0x00000000bdd00000|100%|HC|  |TAMS 0x00000000bdc00000| PB 0x00000000bdc00000| Complete |  0
| 989|0x00000000bdd00000, 0x00000000bde00000, 0x00000000bde00000|100%|HS|  |TAMS 0x00000000bdd00000| PB 0x00000000bdd00000| Complete |  0
| 990|0x00000000bde00000, 0x00000000bdf00000, 0x00000000bdf00000|100%|HC|  |TAMS 0x00000000bde00000| PB 0x00000000bde00000| Complete |  0
| 991|0x00000000bdf00000, 0x00000000be000000, 0x00000000be000000|100%| O|Cm|TAMS 0x00000000bdf00000| PB 0x00000000bdf00000| Complete |  0
| 992|0x00000000be000000, 0x00000000be100000, 0x00000000be100000|100%|HS|  |TAMS 0x00000000be000000| PB 0x00000000be000000| Complete |  0
| 993|0x00000000be100000, 0x00000000be200000, 0x00000000be200000|100%|HC|  |TAMS 0x00000000be100000| PB 0x00000000be100000| Complete |  0
| 994|0x00000000be200000, 0x00000000be300000, 0x00000000be300000|100%|HS|  |TAMS 0x00000000be200000| PB 0x00000000be200000| Complete |  0
| 995|0x00000000be300000, 0x00000000be400000, 0x00000000be400000|100%|HC|  |TAMS 0x00000000be300000| PB 0x00000000be300000| Complete |  0
| 996|0x00000000be400000, 0x00000000be500000, 0x00000000be500000|100%|HS|  |TAMS 0x00000000be400000| PB 0x00000000be400000| Complete |  0
| 997|0x00000000be500000, 0x00000000be600000, 0x00000000be600000|100%|HC|  |TAMS 0x00000000be500000| PB 0x00000000be500000| Complete |  0
| 998|0x00000000be600000, 0x00000000be700000, 0x00000000be700000|100%|HS|  |TAMS 0x00000000be600000| PB 0x00000000be600000| Complete |  0
| 999|0x00000000be700000, 0x00000000be800000, 0x00000000be800000|100%|HC|  |TAMS 0x00000000be700000| PB 0x00000000be700000| Complete |  0
|1000|0x00000000be800000, 0x00000000be900000, 0x00000000be900000|100%| O|  |TAMS 0x00000000be800000| PB 0x00000000be800000| Untracked |  0
|1001|0x00000000be900000, 0x00000000bea00000, 0x00000000bea00000|100%|HS|  |TAMS 0x00000000be900000| PB 0x00000000be900000| Complete |  0
|1002|0x00000000bea00000, 0x00000000beb00000, 0x00000000beb00000|100%|HC|  |TAMS 0x00000000bea00000| PB 0x00000000bea00000| Complete |  0
|1003|0x00000000beb00000, 0x00000000bec00000, 0x00000000bec00000|100%|HS|  |TAMS 0x00000000beb00000| PB 0x00000000beb00000| Complete |  0
|1004|0x00000000bec00000, 0x00000000bed00000, 0x00000000bed00000|100%|HC|  |TAMS 0x00000000bec00000| PB 0x00000000bec00000| Complete |  0
|1005|0x00000000bed00000, 0x00000000bee00000, 0x00000000bee00000|100%|HS|  |TAMS 0x00000000bed00000| PB 0x00000000bed00000| Complete |  0
|1006|0x00000000bee00000, 0x00000000bef00000, 0x00000000bef00000|100%|HC|  |TAMS 0x00000000bee00000| PB 0x00000000bee00000| Complete |  0
|1007|0x00000000bef00000, 0x00000000bf000000, 0x00000000bf000000|100%|HS|  |TAMS 0x00000000bef00000| PB 0x00000000bef00000| Complete |  0
|1008|0x00000000bf000000, 0x00000000bf100000, 0x00000000bf100000|100%|HC|  |TAMS 0x00000000bf000000| PB 0x00000000bf000000| Complete |  0
|1009|0x00000000bf100000, 0x00000000bf200000, 0x00000000bf200000|100%|HS|  |TAMS 0x00000000bf100000| PB 0x00000000bf100000| Complete |  0
|1010|0x00000000bf200000, 0x00000000bf300000, 0x00000000bf300000|100%|HC|  |TAMS 0x00000000bf200000| PB 0x00000000bf200000| Complete |  0
|1011|0x00000000bf300000, 0x00000000bf400000, 0x00000000bf400000|100%|HS|  |TAMS 0x00000000bf300000| PB 0x00000000bf300000| Complete |  0
|1012|0x00000000bf400000, 0x00000000bf500000, 0x00000000bf500000|100%|HC|  |TAMS 0x00000000bf400000| PB 0x00000000bf400000| Complete |  0
|1013|0x00000000bf500000, 0x00000000bf600000, 0x00000000bf600000|100%|HS|  |TAMS 0x00000000bf500000| PB 0x00000000bf500000| Complete |  0
|1014|0x00000000bf600000, 0x00000000bf700000, 0x00000000bf700000|100%|HC|  |TAMS 0x00000000bf600000| PB 0x00000000bf600000| Complete |  0
|1015|0x00000000bf700000, 0x00000000bf800000, 0x00000000bf800000|100%|HS|  |TAMS 0x00000000bf700000| PB 0x00000000bf700000| Complete |  0
|1016|0x00000000bf800000, 0x00000000bf900000, 0x00000000bf900000|100%|HC|  |TAMS 0x00000000bf800000| PB 0x00000000bf800000| Complete |  0
|1017|0x00000000bf900000, 0x00000000bfa00000, 0x00000000bfa00000|100%|HS|  |TAMS 0x00000000bf900000| PB 0x00000000bf900000| Complete |  0
|1018|0x00000000bfa00000, 0x00000000bfb00000, 0x00000000bfb00000|100%|HC|  |TAMS 0x00000000bfa00000| PB 0x00000000bfa00000| Complete |  0
|1019|0x00000000bfb00000, 0x00000000bfc00000, 0x00000000bfc00000|100%|HS|  |TAMS 0x00000000bfb00000| PB 0x00000000bfb00000| Complete |  0
|1020|0x00000000bfc00000, 0x00000000bfd00000, 0x00000000bfd00000|100%|HC|  |TAMS 0x00000000bfc00000| PB 0x00000000bfc00000| Complete |  0
|1021|0x00000000bfd00000, 0x00000000bfe00000, 0x00000000bfe00000|100%|HS|  |TAMS 0x00000000bfd00000| PB 0x00000000bfd00000| Complete |  0
|1022|0x00000000bfe00000, 0x00000000bff00000, 0x00000000bff00000|100%|HC|  |TAMS 0x00000000bfe00000| PB 0x00000000bfe00000| Complete |  0
|1023|0x00000000bff00000, 0x00000000c0000000, 0x00000000c0000000|100%|HS|  |TAMS 0x00000000bff00000| PB 0x00000000bff00000| Complete |  0
|1024|0x00000000c0000000, 0x00000000c0100000, 0x00000000c0100000|100%|HC|  |TAMS 0x00000000c0000000| PB 0x00000000c0000000| Complete |  0
|1025|0x00000000c0100000, 0x00000000c0100000, 0x00000000c0200000|  0%| F|  |TAMS 0x00000000c0100000| PB 0x00000000c0100000| Untracked |  0
|1026|0x00000000c0200000, 0x00000000c0200000, 0x00000000c0300000|  0%| F|  |TAMS 0x00000000c0200000| PB 0x00000000c0200000| Untracked |  0
|1027|0x00000000c0300000, 0x00000000c0300000, 0x00000000c0400000|  0%| F|  |TAMS 0x00000000c0300000| PB 0x00000000c0300000| Untracked |  0
|1028|0x00000000c0400000, 0x00000000c0400000, 0x00000000c0500000|  0%| F|  |TAMS 0x00000000c0400000| PB 0x00000000c0400000| Untracked |  0
|1029|0x00000000c0500000, 0x00000000c0500000, 0x00000000c0600000|  0%| F|  |TAMS 0x00000000c0500000| PB 0x00000000c0500000| Untracked |  0
|1030|0x00000000c0600000, 0x00000000c0600000, 0x00000000c0700000|  0%| F|  |TAMS 0x00000000c0600000| PB 0x00000000c0600000| Untracked |  0
|1031|0x00000000c0700000, 0x00000000c0700000, 0x00000000c0800000|  0%| F|  |TAMS 0x00000000c0700000| PB 0x00000000c0700000| Untracked |  0
|1032|0x00000000c0800000, 0x00000000c0800000, 0x00000000c0900000|  0%| F|  |TAMS 0x00000000c0800000| PB 0x00000000c0800000| Untracked |  0
|1033|0x00000000c0900000, 0x00000000c0900000, 0x00000000c0a00000|  0%| F|  |TAMS 0x00000000c0900000| PB 0x00000000c0900000| Untracked |  0
|1034|0x00000000c0a00000, 0x00000000c0a00000, 0x00000000c0b00000|  0%| F|  |TAMS 0x00000000c0a00000| PB 0x00000000c0a00000| Untracked |  0
|1035|0x00000000c0b00000, 0x00000000c0b00000, 0x00000000c0c00000|  0%| F|  |TAMS 0x00000000c0b00000| PB 0x00000000c0b00000| Untracked |  0
|1036|0x00000000c0c00000, 0x00000000c0c00000, 0x00000000c0d00000|  0%| F|  |TAMS 0x00000000c0c00000| PB 0x00000000c0c00000| Untracked |  0
|1037|0x00000000c0d00000, 0x00000000c0d00000, 0x00000000c0e00000|  0%| F|  |TAMS 0x00000000c0d00000| PB 0x00000000c0d00000| Untracked |  0
|1038|0x00000000c0e00000, 0x00000000c0e00000, 0x00000000c0f00000|  0%| F|  |TAMS 0x00000000c0e00000| PB 0x00000000c0e00000| Untracked |  0
|1039|0x00000000c0f00000, 0x00000000c0f00000, 0x00000000c1000000|  0%| F|  |TAMS 0x00000000c0f00000| PB 0x00000000c0f00000| Untracked |  0
|1040|0x00000000c1000000, 0x00000000c1000000, 0x00000000c1100000|  0%| F|  |TAMS 0x00000000c1000000| PB 0x00000000c1000000| Untracked |  0
|1041|0x00000000c1100000, 0x00000000c1100000, 0x00000000c1200000|  0%| F|  |TAMS 0x00000000c1100000| PB 0x00000000c1100000| Untracked |  0
|1042|0x00000000c1200000, 0x00000000c1200000, 0x00000000c1300000|  0%| F|  |TAMS 0x00000000c1200000| PB 0x00000000c1200000| Untracked |  0
|1043|0x00000000c1300000, 0x00000000c1300000, 0x00000000c1400000|  0%| F|  |TAMS 0x00000000c1300000| PB 0x00000000c1300000| Untracked |  0
|1044|0x00000000c1400000, 0x00000000c1400000, 0x00000000c1500000|  0%| F|  |TAMS 0x00000000c1400000| PB 0x00000000c1400000| Untracked |  0
|1045|0x00000000c1500000, 0x00000000c1500000, 0x00000000c1600000|  0%| F|  |TAMS 0x00000000c1500000| PB 0x00000000c1500000| Untracked |  0
|1046|0x00000000c1600000, 0x00000000c1600000, 0x00000000c1700000|  0%| F|  |TAMS 0x00000000c1600000| PB 0x00000000c1600000| Untracked |  0
|1047|0x00000000c1700000, 0x00000000c1700000, 0x00000000c1800000|  0%| F|  |TAMS 0x00000000c1700000| PB 0x00000000c1700000| Untracked |  0
|1048|0x00000000c1800000, 0x00000000c1800000, 0x00000000c1900000|  0%| F|  |TAMS 0x00000000c1800000| PB 0x00000000c1800000| Untracked |  0
|1049|0x00000000c1900000, 0x00000000c1900000, 0x00000000c1a00000|  0%| F|  |TAMS 0x00000000c1900000| PB 0x00000000c1900000| Untracked |  0
|1050|0x00000000c1a00000, 0x00000000c1a00000, 0x00000000c1b00000|  0%| F|  |TAMS 0x00000000c1a00000| PB 0x00000000c1a00000| Untracked |  0
|1051|0x00000000c1b00000, 0x00000000c1b00000, 0x00000000c1c00000|  0%| F|  |TAMS 0x00000000c1b00000| PB 0x00000000c1b00000| Untracked |  0
|1052|0x00000000c1c00000, 0x00000000c1c00000, 0x00000000c1d00000|  0%| F|  |TAMS 0x00000000c1c00000| PB 0x00000000c1c00000| Untracked |  0
|1053|0x00000000c1d00000, 0x00000000c1d00000, 0x00000000c1e00000|  0%| F|  |TAMS 0x00000000c1d00000| PB 0x00000000c1d00000| Untracked |  0
|1054|0x00000000c1e00000, 0x00000000c1e00000, 0x00000000c1f00000|  0%| F|  |TAMS 0x00000000c1e00000| PB 0x00000000c1e00000| Untracked |  0
|1055|0x00000000c1f00000, 0x00000000c1f00000, 0x00000000c2000000|  0%| F|  |TAMS 0x00000000c1f00000| PB 0x00000000c1f00000| Untracked |  0
|1056|0x00000000c2000000, 0x00000000c2000000, 0x00000000c2100000|  0%| F|  |TAMS 0x00000000c2000000| PB 0x00000000c2000000| Untracked |  0
|1057|0x00000000c2100000, 0x00000000c2100000, 0x00000000c2200000|  0%| F|  |TAMS 0x00000000c2100000| PB 0x00000000c2100000| Untracked |  0
|1058|0x00000000c2200000, 0x00000000c2200000, 0x00000000c2300000|  0%| F|  |TAMS 0x00000000c2200000| PB 0x00000000c2200000| Untracked |  0
|1059|0x00000000c2300000, 0x00000000c2300000, 0x00000000c2400000|  0%| F|  |TAMS 0x00000000c2300000| PB 0x00000000c2300000| Untracked |  0
|1060|0x00000000c2400000, 0x00000000c2400000, 0x00000000c2500000|  0%| F|  |TAMS 0x00000000c2400000| PB 0x00000000c2400000| Untracked |  0
|1061|0x00000000c2500000, 0x00000000c2500000, 0x00000000c2600000|  0%| F|  |TAMS 0x00000000c2500000| PB 0x00000000c2500000| Untracked |  0
|1062|0x00000000c2600000, 0x00000000c2600000, 0x00000000c2700000|  0%| F|  |TAMS 0x00000000c2600000| PB 0x00000000c2600000| Untracked |  0
|1063|0x00000000c2700000, 0x00000000c2700000, 0x00000000c2800000|  0%| F|  |TAMS 0x00000000c2700000| PB 0x00000000c2700000| Untracked |  0
|1064|0x00000000c2800000, 0x00000000c2800000, 0x00000000c2900000|  0%| F|  |TAMS 0x00000000c2800000| PB 0x00000000c2800000| Untracked |  0
|1065|0x00000000c2900000, 0x00000000c2900000, 0x00000000c2a00000|  0%| F|  |TAMS 0x00000000c2900000| PB 0x00000000c2900000| Untracked |  0
|1066|0x00000000c2a00000, 0x00000000c2a00000, 0x00000000c2b00000|  0%| F|  |TAMS 0x00000000c2a00000| PB 0x00000000c2a00000| Untracked |  0
|1067|0x00000000c2b00000, 0x00000000c2b00000, 0x00000000c2c00000|  0%| F|  |TAMS 0x00000000c2b00000| PB 0x00000000c2b00000| Untracked |  0
|1068|0x00000000c2c00000, 0x00000000c2c00000, 0x00000000c2d00000|  0%| F|  |TAMS 0x00000000c2c00000| PB 0x00000000c2c00000| Untracked |  0
|1069|0x00000000c2d00000, 0x00000000c2d00000, 0x00000000c2e00000|  0%| F|  |TAMS 0x00000000c2d00000| PB 0x00000000c2d00000| Untracked |  0
|1070|0x00000000c2e00000, 0x00000000c2e00000, 0x00000000c2f00000|  0%| F|  |TAMS 0x00000000c2e00000| PB 0x00000000c2e00000| Untracked |  0
|1071|0x00000000c2f00000, 0x00000000c2f00000, 0x00000000c3000000|  0%| F|  |TAMS 0x00000000c2f00000| PB 0x00000000c2f00000| Untracked |  0
|1072|0x00000000c3000000, 0x00000000c3000000, 0x00000000c3100000|  0%| F|  |TAMS 0x00000000c3000000| PB 0x00000000c3000000| Untracked |  0
|1073|0x00000000c3100000, 0x00000000c3100000, 0x00000000c3200000|  0%| F|  |TAMS 0x00000000c3100000| PB 0x00000000c3100000| Untracked |  0
|1074|0x00000000c3200000, 0x00000000c3200000, 0x00000000c3300000|  0%| F|  |TAMS 0x00000000c3200000| PB 0x00000000c3200000| Untracked |  0
|1075|0x00000000c3300000, 0x00000000c3300000, 0x00000000c3400000|  0%| F|  |TAMS 0x00000000c3300000| PB 0x00000000c3300000| Untracked |  0
|1076|0x00000000c3400000, 0x00000000c3400000, 0x00000000c3500000|  0%| F|  |TAMS 0x00000000c3400000| PB 0x00000000c3400000| Untracked |  0
|1077|0x00000000c3500000, 0x00000000c3500000, 0x00000000c3600000|  0%| F|  |TAMS 0x00000000c3500000| PB 0x00000000c3500000| Untracked |  0
|1078|0x00000000c3600000, 0x00000000c3600000, 0x00000000c3700000|  0%| F|  |TAMS 0x00000000c3600000| PB 0x00000000c3600000| Untracked |  0
|1079|0x00000000c3700000, 0x00000000c3700000, 0x00000000c3800000|  0%| F|  |TAMS 0x00000000c3700000| PB 0x00000000c3700000| Untracked |  0
|1080|0x00000000c3800000, 0x00000000c3800000, 0x00000000c3900000|  0%| F|  |TAMS 0x00000000c3800000| PB 0x00000000c3800000| Untracked |  0
|1081|0x00000000c3900000, 0x00000000c3900000, 0x00000000c3a00000|  0%| F|  |TAMS 0x00000000c3900000| PB 0x00000000c3900000| Untracked |  0
|1082|0x00000000c3a00000, 0x00000000c3a00000, 0x00000000c3b00000|  0%| F|  |TAMS 0x00000000c3a00000| PB 0x00000000c3a00000| Untracked |  0
|1083|0x00000000c3b00000, 0x00000000c3b00000, 0x00000000c3c00000|  0%| F|  |TAMS 0x00000000c3b00000| PB 0x00000000c3b00000| Untracked |  0
|1084|0x00000000c3c00000, 0x00000000c3c00000, 0x00000000c3d00000|  0%| F|  |TAMS 0x00000000c3c00000| PB 0x00000000c3c00000| Untracked |  0
|1085|0x00000000c3d00000, 0x00000000c3d00000, 0x00000000c3e00000|  0%| F|  |TAMS 0x00000000c3d00000| PB 0x00000000c3d00000| Untracked |  0
|1086|0x00000000c3e00000, 0x00000000c3e00000, 0x00000000c3f00000|  0%| F|  |TAMS 0x00000000c3e00000| PB 0x00000000c3e00000| Untracked |  0
|1087|0x00000000c3f00000, 0x00000000c3f00000, 0x00000000c4000000|  0%| F|  |TAMS 0x00000000c3f00000| PB 0x00000000c3f00000| Untracked |  0
|1088|0x00000000c4000000, 0x00000000c4000000, 0x00000000c4100000|  0%| F|  |TAMS 0x00000000c4000000| PB 0x00000000c4000000| Untracked |  0
|1089|0x00000000c4100000, 0x00000000c4100000, 0x00000000c4200000|  0%| F|  |TAMS 0x00000000c4100000| PB 0x00000000c4100000| Untracked |  0
|1090|0x00000000c4200000, 0x00000000c4200000, 0x00000000c4300000|  0%| F|  |TAMS 0x00000000c4200000| PB 0x00000000c4200000| Untracked |  0
|1091|0x00000000c4300000, 0x00000000c4300000, 0x00000000c4400000|  0%| F|  |TAMS 0x00000000c4300000| PB 0x00000000c4300000| Untracked |  0
|1092|0x00000000c4400000, 0x00000000c4400000, 0x00000000c4500000|  0%| F|  |TAMS 0x00000000c4400000| PB 0x00000000c4400000| Untracked |  0
|1093|0x00000000c4500000, 0x00000000c4500000, 0x00000000c4600000|  0%| F|  |TAMS 0x00000000c4500000| PB 0x00000000c4500000| Untracked |  0
|1094|0x00000000c4600000, 0x00000000c4600000, 0x00000000c4700000|  0%| F|  |TAMS 0x00000000c4600000| PB 0x00000000c4600000| Untracked |  0
|1095|0x00000000c4700000, 0x00000000c4700000, 0x00000000c4800000|  0%| F|  |TAMS 0x00000000c4700000| PB 0x00000000c4700000| Untracked |  0
|1096|0x00000000c4800000, 0x00000000c4800000, 0x00000000c4900000|  0%| F|  |TAMS 0x00000000c4800000| PB 0x00000000c4800000| Untracked |  0
|1097|0x00000000c4900000, 0x00000000c4900000, 0x00000000c4a00000|  0%| F|  |TAMS 0x00000000c4900000| PB 0x00000000c4900000| Untracked |  0
|1098|0x00000000c4a00000, 0x00000000c4a00000, 0x00000000c4b00000|  0%| F|  |TAMS 0x00000000c4a00000| PB 0x00000000c4a00000| Untracked |  0
|1099|0x00000000c4b00000, 0x00000000c4b00000, 0x00000000c4c00000|  0%| F|  |TAMS 0x00000000c4b00000| PB 0x00000000c4b00000| Untracked |  0
|1100|0x00000000c4c00000, 0x00000000c4c00000, 0x00000000c4d00000|  0%| F|  |TAMS 0x00000000c4c00000| PB 0x00000000c4c00000| Untracked |  0
|1101|0x00000000c4d00000, 0x00000000c4d00000, 0x00000000c4e00000|  0%| F|  |TAMS 0x00000000c4d00000| PB 0x00000000c4d00000| Untracked |  0
|1102|0x00000000c4e00000, 0x00000000c4e00000, 0x00000000c4f00000|  0%| F|  |TAMS 0x00000000c4e00000| PB 0x00000000c4e00000| Untracked |  0
|1103|0x00000000c4f00000, 0x00000000c4f00000, 0x00000000c5000000|  0%| F|  |TAMS 0x00000000c4f00000| PB 0x00000000c4f00000| Untracked |  0
|1104|0x00000000c5000000, 0x00000000c5000000, 0x00000000c5100000|  0%| F|  |TAMS 0x00000000c5000000| PB 0x00000000c5000000| Untracked |  0
|1105|0x00000000c5100000, 0x00000000c5100000, 0x00000000c5200000|  0%| F|  |TAMS 0x00000000c5100000| PB 0x00000000c5100000| Untracked |  0
|1106|0x00000000c5200000, 0x00000000c5200000, 0x00000000c5300000|  0%| F|  |TAMS 0x00000000c5200000| PB 0x00000000c5200000| Untracked |  0
|1107|0x00000000c5300000, 0x00000000c5300000, 0x00000000c5400000|  0%| F|  |TAMS 0x00000000c5300000| PB 0x00000000c5300000| Untracked |  0
|1108|0x00000000c5400000, 0x00000000c5400000, 0x00000000c5500000|  0%| F|  |TAMS 0x00000000c5400000| PB 0x00000000c5400000| Untracked |  0
|1109|0x00000000c5500000, 0x00000000c5500000, 0x00000000c5600000|  0%| F|  |TAMS 0x00000000c5500000| PB 0x00000000c5500000| Untracked |  0
|1110|0x00000000c5600000, 0x00000000c5600000, 0x00000000c5700000|  0%| F|  |TAMS 0x00000000c5600000| PB 0x00000000c5600000| Untracked |  0
|1111|0x00000000c5700000, 0x00000000c5700000, 0x00000000c5800000|  0%| F|  |TAMS 0x00000000c5700000| PB 0x00000000c5700000| Untracked |  0
|1112|0x00000000c5800000, 0x00000000c5800000, 0x00000000c5900000|  0%| F|  |TAMS 0x00000000c5800000| PB 0x00000000c5800000| Untracked |  0
|1113|0x00000000c5900000, 0x00000000c5900000, 0x00000000c5a00000|  0%| F|  |TAMS 0x00000000c5900000| PB 0x00000000c5900000| Untracked |  0
|1114|0x00000000c5a00000, 0x00000000c5a00000, 0x00000000c5b00000|  0%| F|  |TAMS 0x00000000c5a00000| PB 0x00000000c5a00000| Untracked |  0
|1115|0x00000000c5b00000, 0x00000000c5b00000, 0x00000000c5c00000|  0%| F|  |TAMS 0x00000000c5b00000| PB 0x00000000c5b00000| Untracked |  0
|1116|0x00000000c5c00000, 0x00000000c5c00000, 0x00000000c5d00000|  0%| F|  |TAMS 0x00000000c5c00000| PB 0x00000000c5c00000| Untracked |  0
|1117|0x00000000c5d00000, 0x00000000c5d00000, 0x00000000c5e00000|  0%| F|  |TAMS 0x00000000c5d00000| PB 0x00000000c5d00000| Untracked |  0
|1118|0x00000000c5e00000, 0x00000000c5e00000, 0x00000000c5f00000|  0%| F|  |TAMS 0x00000000c5e00000| PB 0x00000000c5e00000| Untracked |  0
|1119|0x00000000c5f00000, 0x00000000c5f00000, 0x00000000c6000000|  0%| F|  |TAMS 0x00000000c5f00000| PB 0x00000000c5f00000| Untracked |  0
|1120|0x00000000c6000000, 0x00000000c6000000, 0x00000000c6100000|  0%| F|  |TAMS 0x00000000c6000000| PB 0x00000000c6000000| Untracked |  0
|1121|0x00000000c6100000, 0x00000000c6100000, 0x00000000c6200000|  0%| F|  |TAMS 0x00000000c6100000| PB 0x00000000c6100000| Untracked |  0
|1122|0x00000000c6200000, 0x00000000c6200000, 0x00000000c6300000|  0%| F|  |TAMS 0x00000000c6200000| PB 0x00000000c6200000| Untracked |  0
|1123|0x00000000c6300000, 0x00000000c6300000, 0x00000000c6400000|  0%| F|  |TAMS 0x00000000c6300000| PB 0x00000000c6300000| Untracked |  0
|1124|0x00000000c6400000, 0x00000000c6400000, 0x00000000c6500000|  0%| F|  |TAMS 0x00000000c6400000| PB 0x00000000c6400000| Untracked |  0
|1125|0x00000000c6500000, 0x00000000c6500000, 0x00000000c6600000|  0%| F|  |TAMS 0x00000000c6500000| PB 0x00000000c6500000| Untracked |  0
|1126|0x00000000c6600000, 0x00000000c6600000, 0x00000000c6700000|  0%| F|  |TAMS 0x00000000c6600000| PB 0x00000000c6600000| Untracked |  0
|1127|0x00000000c6700000, 0x00000000c6700000, 0x00000000c6800000|  0%| F|  |TAMS 0x00000000c6700000| PB 0x00000000c6700000| Untracked |  0
|1128|0x00000000c6800000, 0x00000000c6800000, 0x00000000c6900000|  0%| F|  |TAMS 0x00000000c6800000| PB 0x00000000c6800000| Untracked |  0
|1129|0x00000000c6900000, 0x00000000c6900000, 0x00000000c6a00000|  0%| F|  |TAMS 0x00000000c6900000| PB 0x00000000c6900000| Untracked |  0
|1130|0x00000000c6a00000, 0x00000000c6a00000, 0x00000000c6b00000|  0%| F|  |TAMS 0x00000000c6a00000| PB 0x00000000c6a00000| Untracked |  0
|1131|0x00000000c6b00000, 0x00000000c6b00000, 0x00000000c6c00000|  0%| F|  |TAMS 0x00000000c6b00000| PB 0x00000000c6b00000| Untracked |  0
|1132|0x00000000c6c00000, 0x00000000c6c00000, 0x00000000c6d00000|  0%| F|  |TAMS 0x00000000c6c00000| PB 0x00000000c6c00000| Untracked |  0
|1133|0x00000000c6d00000, 0x00000000c6d00000, 0x00000000c6e00000|  0%| F|  |TAMS 0x00000000c6d00000| PB 0x00000000c6d00000| Untracked |  0
|1134|0x00000000c6e00000, 0x00000000c6e00000, 0x00000000c6f00000|  0%| F|  |TAMS 0x00000000c6e00000| PB 0x00000000c6e00000| Untracked |  0
|1135|0x00000000c6f00000, 0x00000000c6f00000, 0x00000000c7000000|  0%| F|  |TAMS 0x00000000c6f00000| PB 0x00000000c6f00000| Untracked |  0
|1136|0x00000000c7000000, 0x00000000c7000000, 0x00000000c7100000|  0%| F|  |TAMS 0x00000000c7000000| PB 0x00000000c7000000| Untracked |  0
|1137|0x00000000c7100000, 0x00000000c7100000, 0x00000000c7200000|  0%| F|  |TAMS 0x00000000c7100000| PB 0x00000000c7100000| Untracked |  0
|1138|0x00000000c7200000, 0x00000000c7200000, 0x00000000c7300000|  0%| F|  |TAMS 0x00000000c7200000| PB 0x00000000c7200000| Untracked |  0
|1139|0x00000000c7300000, 0x00000000c7300000, 0x00000000c7400000|  0%| F|  |TAMS 0x00000000c7300000| PB 0x00000000c7300000| Untracked |  0
|1140|0x00000000c7400000, 0x00000000c7400000, 0x00000000c7500000|  0%| F|  |TAMS 0x00000000c7400000| PB 0x00000000c7400000| Untracked |  0
|1141|0x00000000c7500000, 0x00000000c7500000, 0x00000000c7600000|  0%| F|  |TAMS 0x00000000c7500000| PB 0x00000000c7500000| Untracked |  0
|1142|0x00000000c7600000, 0x00000000c7600000, 0x00000000c7700000|  0%| F|  |TAMS 0x00000000c7600000| PB 0x00000000c7600000| Untracked |  0
|1143|0x00000000c7700000, 0x00000000c7700000, 0x00000000c7800000|  0%| F|  |TAMS 0x00000000c7700000| PB 0x00000000c7700000| Untracked |  0
|1144|0x00000000c7800000, 0x00000000c7800000, 0x00000000c7900000|  0%| F|  |TAMS 0x00000000c7800000| PB 0x00000000c7800000| Untracked |  0
|1145|0x00000000c7900000, 0x00000000c7900000, 0x00000000c7a00000|  0%| F|  |TAMS 0x00000000c7900000| PB 0x00000000c7900000| Untracked |  0
|1146|0x00000000c7a00000, 0x00000000c7a00000, 0x00000000c7b00000|  0%| F|  |TAMS 0x00000000c7a00000| PB 0x00000000c7a00000| Untracked |  0
|1147|0x00000000c7b00000, 0x00000000c7b00000, 0x00000000c7c00000|  0%| F|  |TAMS 0x00000000c7b00000| PB 0x00000000c7b00000| Untracked |  0
|1148|0x00000000c7c00000, 0x00000000c7c00000, 0x00000000c7d00000|  0%| F|  |TAMS 0x00000000c7c00000| PB 0x00000000c7c00000| Untracked |  0
|1149|0x00000000c7d00000, 0x00000000c7d00000, 0x00000000c7e00000|  0%| F|  |TAMS 0x00000000c7d00000| PB 0x00000000c7d00000| Untracked |  0
|1150|0x00000000c7e00000, 0x00000000c7e00000, 0x00000000c7f00000|  0%| F|  |TAMS 0x00000000c7e00000| PB 0x00000000c7e00000| Untracked |  0
|1151|0x00000000c7f00000, 0x00000000c7f00000, 0x00000000c8000000|  0%| F|  |TAMS 0x00000000c7f00000| PB 0x00000000c7f00000| Untracked |  0
|1152|0x00000000c8000000, 0x00000000c8000000, 0x00000000c8100000|  0%| F|  |TAMS 0x00000000c8000000| PB 0x00000000c8000000| Untracked |  0
|1153|0x00000000c8100000, 0x00000000c8100000, 0x00000000c8200000|  0%| F|  |TAMS 0x00000000c8100000| PB 0x00000000c8100000| Untracked |  0
|1154|0x00000000c8200000, 0x00000000c8200000, 0x00000000c8300000|  0%| F|  |TAMS 0x00000000c8200000| PB 0x00000000c8200000| Untracked |  0
|1155|0x00000000c8300000, 0x00000000c8300000, 0x00000000c8400000|  0%| F|  |TAMS 0x00000000c8300000| PB 0x00000000c8300000| Untracked |  0
|1156|0x00000000c8400000, 0x00000000c8400000, 0x00000000c8500000|  0%| F|  |TAMS 0x00000000c8400000| PB 0x00000000c8400000| Untracked |  0
|1157|0x00000000c8500000, 0x00000000c8500000, 0x00000000c8600000|  0%| F|  |TAMS 0x00000000c8500000| PB 0x00000000c8500000| Untracked |  0
|1158|0x00000000c8600000, 0x00000000c8600000, 0x00000000c8700000|  0%| F|  |TAMS 0x00000000c8600000| PB 0x00000000c8600000| Untracked |  0
|1159|0x00000000c8700000, 0x00000000c8700000, 0x00000000c8800000|  0%| F|  |TAMS 0x00000000c8700000| PB 0x00000000c8700000| Untracked |  0
|1160|0x00000000c8800000, 0x00000000c8800000, 0x00000000c8900000|  0%| F|  |TAMS 0x00000000c8800000| PB 0x00000000c8800000| Untracked |  0
|1161|0x00000000c8900000, 0x00000000c8900000, 0x00000000c8a00000|  0%| F|  |TAMS 0x00000000c8900000| PB 0x00000000c8900000| Untracked |  0
|1162|0x00000000c8a00000, 0x00000000c8a00000, 0x00000000c8b00000|  0%| F|  |TAMS 0x00000000c8a00000| PB 0x00000000c8a00000| Untracked |  0
|1163|0x00000000c8b00000, 0x00000000c8b00000, 0x00000000c8c00000|  0%| F|  |TAMS 0x00000000c8b00000| PB 0x00000000c8b00000| Untracked |  0
|1164|0x00000000c8c00000, 0x00000000c8c00000, 0x00000000c8d00000|  0%| F|  |TAMS 0x00000000c8c00000| PB 0x00000000c8c00000| Untracked |  0
|1165|0x00000000c8d00000, 0x00000000c8d00000, 0x00000000c8e00000|  0%| F|  |TAMS 0x00000000c8d00000| PB 0x00000000c8d00000| Untracked |  0
|1166|0x00000000c8e00000, 0x00000000c8e00000, 0x00000000c8f00000|  0%| F|  |TAMS 0x00000000c8e00000| PB 0x00000000c8e00000| Untracked |  0
|1167|0x00000000c8f00000, 0x00000000c8f00000, 0x00000000c9000000|  0%| F|  |TAMS 0x00000000c8f00000| PB 0x00000000c8f00000| Untracked |  0
|1168|0x00000000c9000000, 0x00000000c9000000, 0x00000000c9100000|  0%| F|  |TAMS 0x00000000c9000000| PB 0x00000000c9000000| Untracked |  0
|1169|0x00000000c9100000, 0x00000000c9100000, 0x00000000c9200000|  0%| F|  |TAMS 0x00000000c9100000| PB 0x00000000c9100000| Untracked |  0
|1170|0x00000000c9200000, 0x00000000c9200000, 0x00000000c9300000|  0%| F|  |TAMS 0x00000000c9200000| PB 0x00000000c9200000| Untracked |  0
|1171|0x00000000c9300000, 0x00000000c9300000, 0x00000000c9400000|  0%| F|  |TAMS 0x00000000c9300000| PB 0x00000000c9300000| Untracked |  0
|1172|0x00000000c9400000, 0x00000000c9400000, 0x00000000c9500000|  0%| F|  |TAMS 0x00000000c9400000| PB 0x00000000c9400000| Untracked |  0
|1173|0x00000000c9500000, 0x00000000c9500000, 0x00000000c9600000|  0%| F|  |TAMS 0x00000000c9500000| PB 0x00000000c9500000| Untracked |  0
|1174|0x00000000c9600000, 0x00000000c9600000, 0x00000000c9700000|  0%| F|  |TAMS 0x00000000c9600000| PB 0x00000000c9600000| Untracked |  0
|1175|0x00000000c9700000, 0x00000000c9700000, 0x00000000c9800000|  0%| F|  |TAMS 0x00000000c9700000| PB 0x00000000c9700000| Untracked |  0
|1176|0x00000000c9800000, 0x00000000c9800000, 0x00000000c9900000|  0%| F|  |TAMS 0x00000000c9800000| PB 0x00000000c9800000| Untracked |  0
|1177|0x00000000c9900000, 0x00000000c9900000, 0x00000000c9a00000|  0%| F|  |TAMS 0x00000000c9900000| PB 0x00000000c9900000| Untracked |  0
|1178|0x00000000c9a00000, 0x00000000c9a00000, 0x00000000c9b00000|  0%| F|  |TAMS 0x00000000c9a00000| PB 0x00000000c9a00000| Untracked |  0
|1179|0x00000000c9b00000, 0x00000000c9b00000, 0x00000000c9c00000|  0%| F|  |TAMS 0x00000000c9b00000| PB 0x00000000c9b00000| Untracked |  0
|1180|0x00000000c9c00000, 0x00000000c9c00000, 0x00000000c9d00000|  0%| F|  |TAMS 0x00000000c9c00000| PB 0x00000000c9c00000| Untracked |  0
|1181|0x00000000c9d00000, 0x00000000c9d00000, 0x00000000c9e00000|  0%| F|  |TAMS 0x00000000c9d00000| PB 0x00000000c9d00000| Untracked |  0
|1182|0x00000000c9e00000, 0x00000000c9e00000, 0x00000000c9f00000|  0%| F|  |TAMS 0x00000000c9e00000| PB 0x00000000c9e00000| Untracked |  0
|1183|0x00000000c9f00000, 0x00000000c9f00000, 0x00000000ca000000|  0%| F|  |TAMS 0x00000000c9f00000| PB 0x00000000c9f00000| Untracked |  0
|1184|0x00000000ca000000, 0x00000000ca000000, 0x00000000ca100000|  0%| F|  |TAMS 0x00000000ca000000| PB 0x00000000ca000000| Untracked |  0
|1185|0x00000000ca100000, 0x00000000ca100000, 0x00000000ca200000|  0%| F|  |TAMS 0x00000000ca100000| PB 0x00000000ca100000| Untracked |  0
|1186|0x00000000ca200000, 0x00000000ca200000, 0x00000000ca300000|  0%| F|  |TAMS 0x00000000ca200000| PB 0x00000000ca200000| Untracked |  0
|1187|0x00000000ca300000, 0x00000000ca300000, 0x00000000ca400000|  0%| F|  |TAMS 0x00000000ca300000| PB 0x00000000ca300000| Untracked |  0
|1188|0x00000000ca400000, 0x00000000ca400000, 0x00000000ca500000|  0%| F|  |TAMS 0x00000000ca400000| PB 0x00000000ca400000| Untracked |  0
|1189|0x00000000ca500000, 0x00000000ca500000, 0x00000000ca600000|  0%| F|  |TAMS 0x00000000ca500000| PB 0x00000000ca500000| Untracked |  0
|1190|0x00000000ca600000, 0x00000000ca600000, 0x00000000ca700000|  0%| F|  |TAMS 0x00000000ca600000| PB 0x00000000ca600000| Untracked |  0
|1191|0x00000000ca700000, 0x00000000ca700000, 0x00000000ca800000|  0%| F|  |TAMS 0x00000000ca700000| PB 0x00000000ca700000| Untracked |  0
|1192|0x00000000ca800000, 0x00000000ca800000, 0x00000000ca900000|  0%| F|  |TAMS 0x00000000ca800000| PB 0x00000000ca800000| Untracked |  0
|1193|0x00000000ca900000, 0x00000000ca900000, 0x00000000caa00000|  0%| F|  |TAMS 0x00000000ca900000| PB 0x00000000ca900000| Untracked |  0
|1194|0x00000000caa00000, 0x00000000caa00000, 0x00000000cab00000|  0%| F|  |TAMS 0x00000000caa00000| PB 0x00000000caa00000| Untracked |  0
|1195|0x00000000cab00000, 0x00000000cab00000, 0x00000000cac00000|  0%| F|  |TAMS 0x00000000cab00000| PB 0x00000000cab00000| Untracked |  0
|1196|0x00000000cac00000, 0x00000000cac00000, 0x00000000cad00000|  0%| F|  |TAMS 0x00000000cac00000| PB 0x00000000cac00000| Untracked |  0
|1197|0x00000000cad00000, 0x00000000cad00000, 0x00000000cae00000|  0%| F|  |TAMS 0x00000000cad00000| PB 0x00000000cad00000| Untracked |  0
|1198|0x00000000cae00000, 0x00000000cae00000, 0x00000000caf00000|  0%| F|  |TAMS 0x00000000cae00000| PB 0x00000000cae00000| Untracked |  0
|1199|0x00000000caf00000, 0x00000000caf00000, 0x00000000cb000000|  0%| F|  |TAMS 0x00000000caf00000| PB 0x00000000caf00000| Untracked |  0
|1200|0x00000000cb000000, 0x00000000cb000000, 0x00000000cb100000|  0%| F|  |TAMS 0x00000000cb000000| PB 0x00000000cb000000| Untracked |  0
|1201|0x00000000cb100000, 0x00000000cb100000, 0x00000000cb200000|  0%| F|  |TAMS 0x00000000cb100000| PB 0x00000000cb100000| Untracked |  0
|1202|0x00000000cb200000, 0x00000000cb200000, 0x00000000cb300000|  0%| F|  |TAMS 0x00000000cb200000| PB 0x00000000cb200000| Untracked |  0
|1203|0x00000000cb300000, 0x00000000cb300000, 0x00000000cb400000|  0%| F|  |TAMS 0x00000000cb300000| PB 0x00000000cb300000| Untracked |  0
|1204|0x00000000cb400000, 0x00000000cb400000, 0x00000000cb500000|  0%| F|  |TAMS 0x00000000cb400000| PB 0x00000000cb400000| Untracked |  0
|1205|0x00000000cb500000, 0x00000000cb500000, 0x00000000cb600000|  0%| F|  |TAMS 0x00000000cb500000| PB 0x00000000cb500000| Untracked |  0
|1206|0x00000000cb600000, 0x00000000cb600000, 0x00000000cb700000|  0%| F|  |TAMS 0x00000000cb600000| PB 0x00000000cb600000| Untracked |  0
|1207|0x00000000cb700000, 0x00000000cb700000, 0x00000000cb800000|  0%| F|  |TAMS 0x00000000cb700000| PB 0x00000000cb700000| Untracked |  0
|1208|0x00000000cb800000, 0x00000000cb800000, 0x00000000cb900000|  0%| F|  |TAMS 0x00000000cb800000| PB 0x00000000cb800000| Untracked |  0
|1209|0x00000000cb900000, 0x00000000cb900000, 0x00000000cba00000|  0%| F|  |TAMS 0x00000000cb900000| PB 0x00000000cb900000| Untracked |  0
|1210|0x00000000cba00000, 0x00000000cba00000, 0x00000000cbb00000|  0%| F|  |TAMS 0x00000000cba00000| PB 0x00000000cba00000| Untracked |  0
|1211|0x00000000cbb00000, 0x00000000cbb00000, 0x00000000cbc00000|  0%| F|  |TAMS 0x00000000cbb00000| PB 0x00000000cbb00000| Untracked |  0
|1212|0x00000000cbc00000, 0x00000000cbc00000, 0x00000000cbd00000|  0%| F|  |TAMS 0x00000000cbc00000| PB 0x00000000cbc00000| Untracked |  0
|1213|0x00000000cbd00000, 0x00000000cbd00000, 0x00000000cbe00000|  0%| F|  |TAMS 0x00000000cbd00000| PB 0x00000000cbd00000| Untracked |  0
|1214|0x00000000cbe00000, 0x00000000cbe00000, 0x00000000cbf00000|  0%| F|  |TAMS 0x00000000cbe00000| PB 0x00000000cbe00000| Untracked |  0
|1215|0x00000000cbf00000, 0x00000000cbf00000, 0x00000000cc000000|  0%| F|  |TAMS 0x00000000cbf00000| PB 0x00000000cbf00000| Untracked |  0
|1216|0x00000000cc000000, 0x00000000cc000000, 0x00000000cc100000|  0%| F|  |TAMS 0x00000000cc000000| PB 0x00000000cc000000| Untracked |  0
|1217|0x00000000cc100000, 0x00000000cc100000, 0x00000000cc200000|  0%| F|  |TAMS 0x00000000cc100000| PB 0x00000000cc100000| Untracked |  0
|1218|0x00000000cc200000, 0x00000000cc200000, 0x00000000cc300000|  0%| F|  |TAMS 0x00000000cc200000| PB 0x00000000cc200000| Untracked |  0
|1219|0x00000000cc300000, 0x00000000cc300000, 0x00000000cc400000|  0%| F|  |TAMS 0x00000000cc300000| PB 0x00000000cc300000| Untracked |  0
|1220|0x00000000cc400000, 0x00000000cc400000, 0x00000000cc500000|  0%| F|  |TAMS 0x00000000cc400000| PB 0x00000000cc400000| Untracked |  0
|1221|0x00000000cc500000, 0x00000000cc500000, 0x00000000cc600000|  0%| F|  |TAMS 0x00000000cc500000| PB 0x00000000cc500000| Untracked |  0
|1222|0x00000000cc600000, 0x00000000cc600000, 0x00000000cc700000|  0%| F|  |TAMS 0x00000000cc600000| PB 0x00000000cc600000| Untracked |  0
|1223|0x00000000cc700000, 0x00000000cc700000, 0x00000000cc800000|  0%| F|  |TAMS 0x00000000cc700000| PB 0x00000000cc700000| Untracked |  0
|1224|0x00000000cc800000, 0x00000000cc800000, 0x00000000cc900000|  0%| F|  |TAMS 0x00000000cc800000| PB 0x00000000cc800000| Untracked |  0
|1225|0x00000000cc900000, 0x00000000cc900000, 0x00000000cca00000|  0%| F|  |TAMS 0x00000000cc900000| PB 0x00000000cc900000| Untracked |  0
|1226|0x00000000cca00000, 0x00000000cca00000, 0x00000000ccb00000|  0%| F|  |TAMS 0x00000000cca00000| PB 0x00000000cca00000| Untracked |  0
|1227|0x00000000ccb00000, 0x00000000ccb00000, 0x00000000ccc00000|  0%| F|  |TAMS 0x00000000ccb00000| PB 0x00000000ccb00000| Untracked |  0
|1228|0x00000000ccc00000, 0x00000000ccc00000, 0x00000000ccd00000|  0%| F|  |TAMS 0x00000000ccc00000| PB 0x00000000ccc00000| Untracked |  0
|1229|0x00000000ccd00000, 0x00000000ccd00000, 0x00000000cce00000|  0%| F|  |TAMS 0x00000000ccd00000| PB 0x00000000ccd00000| Untracked |  0
|1230|0x00000000cce00000, 0x00000000cce00000, 0x00000000ccf00000|  0%| F|  |TAMS 0x00000000cce00000| PB 0x00000000cce00000| Untracked |  0
|1231|0x00000000ccf00000, 0x00000000ccf00000, 0x00000000cd000000|  0%| F|  |TAMS 0x00000000ccf00000| PB 0x00000000ccf00000| Untracked |  0
|1232|0x00000000cd000000, 0x00000000cd000000, 0x00000000cd100000|  0%| F|  |TAMS 0x00000000cd000000| PB 0x00000000cd000000| Untracked |  0
|1233|0x00000000cd100000, 0x00000000cd100000, 0x00000000cd200000|  0%| F|  |TAMS 0x00000000cd100000| PB 0x00000000cd100000| Untracked |  0
|1234|0x00000000cd200000, 0x00000000cd200000, 0x00000000cd300000|  0%| F|  |TAMS 0x00000000cd200000| PB 0x00000000cd200000| Untracked |  0
|1235|0x00000000cd300000, 0x00000000cd300000, 0x00000000cd400000|  0%| F|  |TAMS 0x00000000cd300000| PB 0x00000000cd300000| Untracked |  0
|1236|0x00000000cd400000, 0x00000000cd400000, 0x00000000cd500000|  0%| F|  |TAMS 0x00000000cd400000| PB 0x00000000cd400000| Untracked |  0
|1237|0x00000000cd500000, 0x00000000cd500000, 0x00000000cd600000|  0%| F|  |TAMS 0x00000000cd500000| PB 0x00000000cd500000| Untracked |  0
|1238|0x00000000cd600000, 0x00000000cd600000, 0x00000000cd700000|  0%| F|  |TAMS 0x00000000cd600000| PB 0x00000000cd600000| Untracked |  0
|1239|0x00000000cd700000, 0x00000000cd700000, 0x00000000cd800000|  0%| F|  |TAMS 0x00000000cd700000| PB 0x00000000cd700000| Untracked |  0
|1240|0x00000000cd800000, 0x00000000cd800000, 0x00000000cd900000|  0%| F|  |TAMS 0x00000000cd800000| PB 0x00000000cd800000| Untracked |  0
|1241|0x00000000cd900000, 0x00000000cd900000, 0x00000000cda00000|  0%| F|  |TAMS 0x00000000cd900000| PB 0x00000000cd900000| Untracked |  0
|1242|0x00000000cda00000, 0x00000000cda00000, 0x00000000cdb00000|  0%| F|  |TAMS 0x00000000cda00000| PB 0x00000000cda00000| Untracked |  0
|1243|0x00000000cdb00000, 0x00000000cdb00000, 0x00000000cdc00000|  0%| F|  |TAMS 0x00000000cdb00000| PB 0x00000000cdb00000| Untracked |  0
|1244|0x00000000cdc00000, 0x00000000cdc00000, 0x00000000cdd00000|  0%| F|  |TAMS 0x00000000cdc00000| PB 0x00000000cdc00000| Untracked |  0
|1245|0x00000000cdd00000, 0x00000000cdd00000, 0x00000000cde00000|  0%| F|  |TAMS 0x00000000cdd00000| PB 0x00000000cdd00000| Untracked |  0
|1246|0x00000000cde00000, 0x00000000cde00000, 0x00000000cdf00000|  0%| F|  |TAMS 0x00000000cde00000| PB 0x00000000cde00000| Untracked |  0
|1247|0x00000000cdf00000, 0x00000000cdf00000, 0x00000000ce000000|  0%| F|  |TAMS 0x00000000cdf00000| PB 0x00000000cdf00000| Untracked |  0
|1248|0x00000000ce000000, 0x00000000ce000000, 0x00000000ce100000|  0%| F|  |TAMS 0x00000000ce000000| PB 0x00000000ce000000| Untracked |  0
|1249|0x00000000ce100000, 0x00000000ce100000, 0x00000000ce200000|  0%| F|  |TAMS 0x00000000ce100000| PB 0x00000000ce100000| Untracked |  0
|1250|0x00000000ce200000, 0x00000000ce200000, 0x00000000ce300000|  0%| F|  |TAMS 0x00000000ce200000| PB 0x00000000ce200000| Untracked |  0
|1251|0x00000000ce300000, 0x00000000ce300000, 0x00000000ce400000|  0%| F|  |TAMS 0x00000000ce300000| PB 0x00000000ce300000| Untracked |  0
|1252|0x00000000ce400000, 0x00000000ce400000, 0x00000000ce500000|  0%| F|  |TAMS 0x00000000ce400000| PB 0x00000000ce400000| Untracked |  0
|1253|0x00000000ce500000, 0x00000000ce500000, 0x00000000ce600000|  0%| F|  |TAMS 0x00000000ce500000| PB 0x00000000ce500000| Untracked |  0
|1254|0x00000000ce600000, 0x00000000ce600000, 0x00000000ce700000|  0%| F|  |TAMS 0x00000000ce600000| PB 0x00000000ce600000| Untracked |  0
|1255|0x00000000ce700000, 0x00000000ce700000, 0x00000000ce800000|  0%| F|  |TAMS 0x00000000ce700000| PB 0x00000000ce700000| Untracked |  0
|1256|0x00000000ce800000, 0x00000000ce800000, 0x00000000ce900000|  0%| F|  |TAMS 0x00000000ce800000| PB 0x00000000ce800000| Untracked |  0
|1257|0x00000000ce900000, 0x00000000ce900000, 0x00000000cea00000|  0%| F|  |TAMS 0x00000000ce900000| PB 0x00000000ce900000| Untracked |  0
|1258|0x00000000cea00000, 0x00000000cea00000, 0x00000000ceb00000|  0%| F|  |TAMS 0x00000000cea00000| PB 0x00000000cea00000| Untracked |  0
|1259|0x00000000ceb00000, 0x00000000ceb00000, 0x00000000cec00000|  0%| F|  |TAMS 0x00000000ceb00000| PB 0x00000000ceb00000| Untracked |  0
|1260|0x00000000cec00000, 0x00000000cec00000, 0x00000000ced00000|  0%| F|  |TAMS 0x00000000cec00000| PB 0x00000000cec00000| Untracked |  0
|1261|0x00000000ced00000, 0x00000000ced00000, 0x00000000cee00000|  0%| F|  |TAMS 0x00000000ced00000| PB 0x00000000ced00000| Untracked |  0
|1262|0x00000000cee00000, 0x00000000cee00000, 0x00000000cef00000|  0%| F|  |TAMS 0x00000000cee00000| PB 0x00000000cee00000| Untracked |  0
|1263|0x00000000cef00000, 0x00000000cef00000, 0x00000000cf000000|  0%| F|  |TAMS 0x00000000cef00000| PB 0x00000000cef00000| Untracked |  0
|1264|0x00000000cf000000, 0x00000000cf000000, 0x00000000cf100000|  0%| F|  |TAMS 0x00000000cf000000| PB 0x00000000cf000000| Untracked |  0
|1265|0x00000000cf100000, 0x00000000cf100000, 0x00000000cf200000|  0%| F|  |TAMS 0x00000000cf100000| PB 0x00000000cf100000| Untracked |  0
|1266|0x00000000cf200000, 0x00000000cf200000, 0x00000000cf300000|  0%| F|  |TAMS 0x00000000cf200000| PB 0x00000000cf200000| Untracked |  0
|1267|0x00000000cf300000, 0x00000000cf300000, 0x00000000cf400000|  0%| F|  |TAMS 0x00000000cf300000| PB 0x00000000cf300000| Untracked |  0
|1268|0x00000000cf400000, 0x00000000cf400000, 0x00000000cf500000|  0%| F|  |TAMS 0x00000000cf400000| PB 0x00000000cf400000| Untracked |  0
|1269|0x00000000cf500000, 0x00000000cf500000, 0x00000000cf600000|  0%| F|  |TAMS 0x00000000cf500000| PB 0x00000000cf500000| Untracked |  0
|1270|0x00000000cf600000, 0x00000000cf600000, 0x00000000cf700000|  0%| F|  |TAMS 0x00000000cf600000| PB 0x00000000cf600000| Untracked |  0
|1271|0x00000000cf700000, 0x00000000cf700000, 0x00000000cf800000|  0%| F|  |TAMS 0x00000000cf700000| PB 0x00000000cf700000| Untracked |  0
|1272|0x00000000cf800000, 0x00000000cf800000, 0x00000000cf900000|  0%| F|  |TAMS 0x00000000cf800000| PB 0x00000000cf800000| Untracked |  0
|1273|0x00000000cf900000, 0x00000000cf900000, 0x00000000cfa00000|  0%| F|  |TAMS 0x00000000cf900000| PB 0x00000000cf900000| Untracked |  0
|1274|0x00000000cfa00000, 0x00000000cfa00000, 0x00000000cfb00000|  0%| F|  |TAMS 0x00000000cfa00000| PB 0x00000000cfa00000| Untracked |  0
|1275|0x00000000cfb00000, 0x00000000cfb00000, 0x00000000cfc00000|  0%| F|  |TAMS 0x00000000cfb00000| PB 0x00000000cfb00000| Untracked |  0
|1276|0x00000000cfc00000, 0x00000000cfc00000, 0x00000000cfd00000|  0%| F|  |TAMS 0x00000000cfc00000| PB 0x00000000cfc00000| Untracked |  0
|1277|0x00000000cfd00000, 0x00000000cfd00000, 0x00000000cfe00000|  0%| F|  |TAMS 0x00000000cfd00000| PB 0x00000000cfd00000| Untracked |  0
|1278|0x00000000cfe00000, 0x00000000cfe00000, 0x00000000cff00000|  0%| F|  |TAMS 0x00000000cfe00000| PB 0x00000000cfe00000| Untracked |  0
|1279|0x00000000cff00000, 0x00000000cff00000, 0x00000000d0000000|  0%| F|  |TAMS 0x00000000cff00000| PB 0x00000000cff00000| Untracked |  0
|1280|0x00000000d0000000, 0x00000000d0000000, 0x00000000d0100000|  0%| F|  |TAMS 0x00000000d0000000| PB 0x00000000d0000000| Untracked |  0
|1281|0x00000000d0100000, 0x00000000d0100000, 0x00000000d0200000|  0%| F|  |TAMS 0x00000000d0100000| PB 0x00000000d0100000| Untracked |  0
|1282|0x00000000d0200000, 0x00000000d0200000, 0x00000000d0300000|  0%| F|  |TAMS 0x00000000d0200000| PB 0x00000000d0200000| Untracked |  0
|1283|0x00000000d0300000, 0x00000000d0300000, 0x00000000d0400000|  0%| F|  |TAMS 0x00000000d0300000| PB 0x00000000d0300000| Untracked |  0
|1284|0x00000000d0400000, 0x00000000d0400000, 0x00000000d0500000|  0%| F|  |TAMS 0x00000000d0400000| PB 0x00000000d0400000| Untracked |  0
|1285|0x00000000d0500000, 0x00000000d0500000, 0x00000000d0600000|  0%| F|  |TAMS 0x00000000d0500000| PB 0x00000000d0500000| Untracked |  0
|1286|0x00000000d0600000, 0x00000000d0600000, 0x00000000d0700000|  0%| F|  |TAMS 0x00000000d0600000| PB 0x00000000d0600000| Untracked |  0
|1287|0x00000000d0700000, 0x00000000d0700000, 0x00000000d0800000|  0%| F|  |TAMS 0x00000000d0700000| PB 0x00000000d0700000| Untracked |  0
|1288|0x00000000d0800000, 0x00000000d0800000, 0x00000000d0900000|  0%| F|  |TAMS 0x00000000d0800000| PB 0x00000000d0800000| Untracked |  0
|1289|0x00000000d0900000, 0x00000000d0900000, 0x00000000d0a00000|  0%| F|  |TAMS 0x00000000d0900000| PB 0x00000000d0900000| Untracked |  0
|1290|0x00000000d0a00000, 0x00000000d0a00000, 0x00000000d0b00000|  0%| F|  |TAMS 0x00000000d0a00000| PB 0x00000000d0a00000| Untracked |  0
|1291|0x00000000d0b00000, 0x00000000d0b00000, 0x00000000d0c00000|  0%| F|  |TAMS 0x00000000d0b00000| PB 0x00000000d0b00000| Untracked |  0
|1292|0x00000000d0c00000, 0x00000000d0c00000, 0x00000000d0d00000|  0%| F|  |TAMS 0x00000000d0c00000| PB 0x00000000d0c00000| Untracked |  0
|1293|0x00000000d0d00000, 0x00000000d0d00000, 0x00000000d0e00000|  0%| F|  |TAMS 0x00000000d0d00000| PB 0x00000000d0d00000| Untracked |  0
|1294|0x00000000d0e00000, 0x00000000d0e00000, 0x00000000d0f00000|  0%| F|  |TAMS 0x00000000d0e00000| PB 0x00000000d0e00000| Untracked |  0
|1295|0x00000000d0f00000, 0x00000000d0f00000, 0x00000000d1000000|  0%| F|  |TAMS 0x00000000d0f00000| PB 0x00000000d0f00000| Untracked |  0
|1296|0x00000000d1000000, 0x00000000d1000000, 0x00000000d1100000|  0%| F|  |TAMS 0x00000000d1000000| PB 0x00000000d1000000| Untracked |  0
|1297|0x00000000d1100000, 0x00000000d1100000, 0x00000000d1200000|  0%| F|  |TAMS 0x00000000d1100000| PB 0x00000000d1100000| Untracked |  0
|1298|0x00000000d1200000, 0x00000000d1200000, 0x00000000d1300000|  0%| F|  |TAMS 0x00000000d1200000| PB 0x00000000d1200000| Untracked |  0
|1299|0x00000000d1300000, 0x00000000d1300000, 0x00000000d1400000|  0%| F|  |TAMS 0x00000000d1300000| PB 0x00000000d1300000| Untracked |  0
|1300|0x00000000d1400000, 0x00000000d1400000, 0x00000000d1500000|  0%| F|  |TAMS 0x00000000d1400000| PB 0x00000000d1400000| Untracked |  0
|1301|0x00000000d1500000, 0x00000000d1500000, 0x00000000d1600000|  0%| F|  |TAMS 0x00000000d1500000| PB 0x00000000d1500000| Untracked |  0
|1302|0x00000000d1600000, 0x00000000d1600000, 0x00000000d1700000|  0%| F|  |TAMS 0x00000000d1600000| PB 0x00000000d1600000| Untracked |  0
|1303|0x00000000d1700000, 0x00000000d1700000, 0x00000000d1800000|  0%| F|  |TAMS 0x00000000d1700000| PB 0x00000000d1700000| Untracked |  0
|1304|0x00000000d1800000, 0x00000000d1800000, 0x00000000d1900000|  0%| F|  |TAMS 0x00000000d1800000| PB 0x00000000d1800000| Untracked |  0
|1305|0x00000000d1900000, 0x00000000d1900000, 0x00000000d1a00000|  0%| F|  |TAMS 0x00000000d1900000| PB 0x00000000d1900000| Untracked |  0
|1306|0x00000000d1a00000, 0x00000000d1a00000, 0x00000000d1b00000|  0%| F|  |TAMS 0x00000000d1a00000| PB 0x00000000d1a00000| Untracked |  0
|1307|0x00000000d1b00000, 0x00000000d1b00000, 0x00000000d1c00000|  0%| F|  |TAMS 0x00000000d1b00000| PB 0x00000000d1b00000| Untracked |  0
|1308|0x00000000d1c00000, 0x00000000d1c00000, 0x00000000d1d00000|  0%| F|  |TAMS 0x00000000d1c00000| PB 0x00000000d1c00000| Untracked |  0
|1309|0x00000000d1d00000, 0x00000000d1d00000, 0x00000000d1e00000|  0%| F|  |TAMS 0x00000000d1d00000| PB 0x00000000d1d00000| Untracked |  0
|1310|0x00000000d1e00000, 0x00000000d1e00000, 0x00000000d1f00000|  0%| F|  |TAMS 0x00000000d1e00000| PB 0x00000000d1e00000| Untracked |  0
|1311|0x00000000d1f00000, 0x00000000d1f00000, 0x00000000d2000000|  0%| F|  |TAMS 0x00000000d1f00000| PB 0x00000000d1f00000| Untracked |  0
|1312|0x00000000d2000000, 0x00000000d2000000, 0x00000000d2100000|  0%| F|  |TAMS 0x00000000d2000000| PB 0x00000000d2000000| Untracked |  0
|1313|0x00000000d2100000, 0x00000000d2100000, 0x00000000d2200000|  0%| F|  |TAMS 0x00000000d2100000| PB 0x00000000d2100000| Untracked |  0
|1314|0x00000000d2200000, 0x00000000d2200000, 0x00000000d2300000|  0%| F|  |TAMS 0x00000000d2200000| PB 0x00000000d2200000| Untracked |  0
|1315|0x00000000d2300000, 0x00000000d2300000, 0x00000000d2400000|  0%| F|  |TAMS 0x00000000d2300000| PB 0x00000000d2300000| Untracked |  0
|1316|0x00000000d2400000, 0x00000000d2400000, 0x00000000d2500000|  0%| F|  |TAMS 0x00000000d2400000| PB 0x00000000d2400000| Untracked |  0
|1317|0x00000000d2500000, 0x00000000d2500000, 0x00000000d2600000|  0%| F|  |TAMS 0x00000000d2500000| PB 0x00000000d2500000| Untracked |  0
|1318|0x00000000d2600000, 0x00000000d2600000, 0x00000000d2700000|  0%| F|  |TAMS 0x00000000d2600000| PB 0x00000000d2600000| Untracked |  0
|1319|0x00000000d2700000, 0x00000000d2700000, 0x00000000d2800000|  0%| F|  |TAMS 0x00000000d2700000| PB 0x00000000d2700000| Untracked |  0
|1320|0x00000000d2800000, 0x00000000d2800000, 0x00000000d2900000|  0%| F|  |TAMS 0x00000000d2800000| PB 0x00000000d2800000| Untracked |  0
|1321|0x00000000d2900000, 0x00000000d2900000, 0x00000000d2a00000|  0%| F|  |TAMS 0x00000000d2900000| PB 0x00000000d2900000| Untracked |  0
|1322|0x00000000d2a00000, 0x00000000d2a00000, 0x00000000d2b00000|  0%| F|  |TAMS 0x00000000d2a00000| PB 0x00000000d2a00000| Untracked |  0
|1323|0x00000000d2b00000, 0x00000000d2b00000, 0x00000000d2c00000|  0%| F|  |TAMS 0x00000000d2b00000| PB 0x00000000d2b00000| Untracked |  0
|1324|0x00000000d2c00000, 0x00000000d2c00000, 0x00000000d2d00000|  0%| F|  |TAMS 0x00000000d2c00000| PB 0x00000000d2c00000| Untracked |  0
|1325|0x00000000d2d00000, 0x00000000d2d00000, 0x00000000d2e00000|  0%| F|  |TAMS 0x00000000d2d00000| PB 0x00000000d2d00000| Untracked |  0
|1326|0x00000000d2e00000, 0x00000000d2e00000, 0x00000000d2f00000|  0%| F|  |TAMS 0x00000000d2e00000| PB 0x00000000d2e00000| Untracked |  0
|1327|0x00000000d2f00000, 0x00000000d2f00000, 0x00000000d3000000|  0%| F|  |TAMS 0x00000000d2f00000| PB 0x00000000d2f00000| Untracked |  0
|1328|0x00000000d3000000, 0x00000000d3000000, 0x00000000d3100000|  0%| F|  |TAMS 0x00000000d3000000| PB 0x00000000d3000000| Untracked |  0
|1329|0x00000000d3100000, 0x00000000d3100000, 0x00000000d3200000|  0%| F|  |TAMS 0x00000000d3100000| PB 0x00000000d3100000| Untracked |  0
|1330|0x00000000d3200000, 0x00000000d3200000, 0x00000000d3300000|  0%| F|  |TAMS 0x00000000d3200000| PB 0x00000000d3200000| Untracked |  0
|1331|0x00000000d3300000, 0x00000000d3300000, 0x00000000d3400000|  0%| F|  |TAMS 0x00000000d3300000| PB 0x00000000d3300000| Untracked |  0
|1332|0x00000000d3400000, 0x00000000d3400000, 0x00000000d3500000|  0%| F|  |TAMS 0x00000000d3400000| PB 0x00000000d3400000| Untracked |  0
|1333|0x00000000d3500000, 0x00000000d3500000, 0x00000000d3600000|  0%| F|  |TAMS 0x00000000d3500000| PB 0x00000000d3500000| Untracked |  0
|1334|0x00000000d3600000, 0x00000000d3600000, 0x00000000d3700000|  0%| F|  |TAMS 0x00000000d3600000| PB 0x00000000d3600000| Untracked |  0
|1335|0x00000000d3700000, 0x00000000d3700000, 0x00000000d3800000|  0%| F|  |TAMS 0x00000000d3700000| PB 0x00000000d3700000| Untracked |  0
|1336|0x00000000d3800000, 0x00000000d3800000, 0x00000000d3900000|  0%| F|  |TAMS 0x00000000d3800000| PB 0x00000000d3800000| Untracked |  0
|1337|0x00000000d3900000, 0x00000000d3900000, 0x00000000d3a00000|  0%| F|  |TAMS 0x00000000d3900000| PB 0x00000000d3900000| Untracked |  0
|1338|0x00000000d3a00000, 0x00000000d3a00000, 0x00000000d3b00000|  0%| F|  |TAMS 0x00000000d3a00000| PB 0x00000000d3a00000| Untracked |  0
|1339|0x00000000d3b00000, 0x00000000d3b00000, 0x00000000d3c00000|  0%| F|  |TAMS 0x00000000d3b00000| PB 0x00000000d3b00000| Untracked |  0
|1340|0x00000000d3c00000, 0x00000000d3c00000, 0x00000000d3d00000|  0%| F|  |TAMS 0x00000000d3c00000| PB 0x00000000d3c00000| Untracked |  0
|1341|0x00000000d3d00000, 0x00000000d3d00000, 0x00000000d3e00000|  0%| F|  |TAMS 0x00000000d3d00000| PB 0x00000000d3d00000| Untracked |  0
|1342|0x00000000d3e00000, 0x00000000d3e00000, 0x00000000d3f00000|  0%| F|  |TAMS 0x00000000d3e00000| PB 0x00000000d3e00000| Untracked |  0
|1343|0x00000000d3f00000, 0x00000000d3f00000, 0x00000000d4000000|  0%| F|  |TAMS 0x00000000d3f00000| PB 0x00000000d3f00000| Untracked |  0
|1344|0x00000000d4000000, 0x00000000d4000000, 0x00000000d4100000|  0%| F|  |TAMS 0x00000000d4000000| PB 0x00000000d4000000| Untracked |  0
|1345|0x00000000d4100000, 0x00000000d4100000, 0x00000000d4200000|  0%| F|  |TAMS 0x00000000d4100000| PB 0x00000000d4100000| Untracked |  0
|1346|0x00000000d4200000, 0x00000000d4200000, 0x00000000d4300000|  0%| F|  |TAMS 0x00000000d4200000| PB 0x00000000d4200000| Untracked |  0
|1347|0x00000000d4300000, 0x00000000d4300000, 0x00000000d4400000|  0%| F|  |TAMS 0x00000000d4300000| PB 0x00000000d4300000| Untracked |  0
|1348|0x00000000d4400000, 0x00000000d4400000, 0x00000000d4500000|  0%| F|  |TAMS 0x00000000d4400000| PB 0x00000000d4400000| Untracked |  0
|1349|0x00000000d4500000, 0x00000000d4500000, 0x00000000d4600000|  0%| F|  |TAMS 0x00000000d4500000| PB 0x00000000d4500000| Untracked |  0
|1350|0x00000000d4600000, 0x00000000d4600000, 0x00000000d4700000|  0%| F|  |TAMS 0x00000000d4600000| PB 0x00000000d4600000| Untracked |  0
|1351|0x00000000d4700000, 0x00000000d4700000, 0x00000000d4800000|  0%| F|  |TAMS 0x00000000d4700000| PB 0x00000000d4700000| Untracked |  0
|1352|0x00000000d4800000, 0x00000000d4800000, 0x00000000d4900000|  0%| F|  |TAMS 0x00000000d4800000| PB 0x00000000d4800000| Untracked |  0
|1353|0x00000000d4900000, 0x00000000d4900000, 0x00000000d4a00000|  0%| F|  |TAMS 0x00000000d4900000| PB 0x00000000d4900000| Untracked |  0
|1354|0x00000000d4a00000, 0x00000000d4a00000, 0x00000000d4b00000|  0%| F|  |TAMS 0x00000000d4a00000| PB 0x00000000d4a00000| Untracked |  0
|1355|0x00000000d4b00000, 0x00000000d4b00000, 0x00000000d4c00000|  0%| F|  |TAMS 0x00000000d4b00000| PB 0x00000000d4b00000| Untracked |  0
|1356|0x00000000d4c00000, 0x00000000d4c00000, 0x00000000d4d00000|  0%| F|  |TAMS 0x00000000d4c00000| PB 0x00000000d4c00000| Untracked |  0
|1357|0x00000000d4d00000, 0x00000000d4d00000, 0x00000000d4e00000|  0%| F|  |TAMS 0x00000000d4d00000| PB 0x00000000d4d00000| Untracked |  0
|1358|0x00000000d4e00000, 0x00000000d4e00000, 0x00000000d4f00000|  0%| F|  |TAMS 0x00000000d4e00000| PB 0x00000000d4e00000| Untracked |  0
|1359|0x00000000d4f00000, 0x00000000d4f00000, 0x00000000d5000000|  0%| F|  |TAMS 0x00000000d4f00000| PB 0x00000000d4f00000| Untracked |  0
|1360|0x00000000d5000000, 0x00000000d5000000, 0x00000000d5100000|  0%| F|  |TAMS 0x00000000d5000000| PB 0x00000000d5000000| Untracked |  0
|1361|0x00000000d5100000, 0x00000000d5100000, 0x00000000d5200000|  0%| F|  |TAMS 0x00000000d5100000| PB 0x00000000d5100000| Untracked |  0
|1362|0x00000000d5200000, 0x00000000d5200000, 0x00000000d5300000|  0%| F|  |TAMS 0x00000000d5200000| PB 0x00000000d5200000| Untracked |  0
|1363|0x00000000d5300000, 0x00000000d5300000, 0x00000000d5400000|  0%| F|  |TAMS 0x00000000d5300000| PB 0x00000000d5300000| Untracked |  0
|1364|0x00000000d5400000, 0x00000000d5400000, 0x00000000d5500000|  0%| F|  |TAMS 0x00000000d5400000| PB 0x00000000d5400000| Untracked |  0
|1365|0x00000000d5500000, 0x00000000d5500000, 0x00000000d5600000|  0%| F|  |TAMS 0x00000000d5500000| PB 0x00000000d5500000| Untracked |  0
|1366|0x00000000d5600000, 0x00000000d5600000, 0x00000000d5700000|  0%| F|  |TAMS 0x00000000d5600000| PB 0x00000000d5600000| Untracked |  0
|1367|0x00000000d5700000, 0x00000000d5700000, 0x00000000d5800000|  0%| F|  |TAMS 0x00000000d5700000| PB 0x00000000d5700000| Untracked |  0
|1368|0x00000000d5800000, 0x00000000d5800000, 0x00000000d5900000|  0%| F|  |TAMS 0x00000000d5800000| PB 0x00000000d5800000| Untracked |  0
|1369|0x00000000d5900000, 0x00000000d5900000, 0x00000000d5a00000|  0%| F|  |TAMS 0x00000000d5900000| PB 0x00000000d5900000| Untracked |  0
|1370|0x00000000d5a00000, 0x00000000d5a00000, 0x00000000d5b00000|  0%| F|  |TAMS 0x00000000d5a00000| PB 0x00000000d5a00000| Untracked |  0
|1371|0x00000000d5b00000, 0x00000000d5b00000, 0x00000000d5c00000|  0%| F|  |TAMS 0x00000000d5b00000| PB 0x00000000d5b00000| Untracked |  0
|1372|0x00000000d5c00000, 0x00000000d5c00000, 0x00000000d5d00000|  0%| F|  |TAMS 0x00000000d5c00000| PB 0x00000000d5c00000| Untracked |  0
|1373|0x00000000d5d00000, 0x00000000d5d00000, 0x00000000d5e00000|  0%| F|  |TAMS 0x00000000d5d00000| PB 0x00000000d5d00000| Untracked |  0
|1374|0x00000000d5e00000, 0x00000000d5e00000, 0x00000000d5f00000|  0%| F|  |TAMS 0x00000000d5e00000| PB 0x00000000d5e00000| Untracked |  0
|1375|0x00000000d5f00000, 0x00000000d5f00000, 0x00000000d6000000|  0%| F|  |TAMS 0x00000000d5f00000| PB 0x00000000d5f00000| Untracked |  0
|1376|0x00000000d6000000, 0x00000000d6000000, 0x00000000d6100000|  0%| F|  |TAMS 0x00000000d6000000| PB 0x00000000d6000000| Untracked |  0
|1377|0x00000000d6100000, 0x00000000d6100000, 0x00000000d6200000|  0%| F|  |TAMS 0x00000000d6100000| PB 0x00000000d6100000| Untracked |  0
|1378|0x00000000d6200000, 0x00000000d6200000, 0x00000000d6300000|  0%| F|  |TAMS 0x00000000d6200000| PB 0x00000000d6200000| Untracked |  0
|1379|0x00000000d6300000, 0x00000000d6300000, 0x00000000d6400000|  0%| F|  |TAMS 0x00000000d6300000| PB 0x00000000d6300000| Untracked |  0
|1380|0x00000000d6400000, 0x00000000d6400000, 0x00000000d6500000|  0%| F|  |TAMS 0x00000000d6400000| PB 0x00000000d6400000| Untracked |  0
|1381|0x00000000d6500000, 0x00000000d6500000, 0x00000000d6600000|  0%| F|  |TAMS 0x00000000d6500000| PB 0x00000000d6500000| Untracked |  0
|1382|0x00000000d6600000, 0x00000000d6600000, 0x00000000d6700000|  0%| F|  |TAMS 0x00000000d6600000| PB 0x00000000d6600000| Untracked |  0
|1383|0x00000000d6700000, 0x00000000d6700000, 0x00000000d6800000|  0%| F|  |TAMS 0x00000000d6700000| PB 0x00000000d6700000| Untracked |  0
|1384|0x00000000d6800000, 0x00000000d6800000, 0x00000000d6900000|  0%| F|  |TAMS 0x00000000d6800000| PB 0x00000000d6800000| Untracked |  0
|1385|0x00000000d6900000, 0x00000000d6900000, 0x00000000d6a00000|  0%| F|  |TAMS 0x00000000d6900000| PB 0x00000000d6900000| Untracked |  0
|1386|0x00000000d6a00000, 0x00000000d6a00000, 0x00000000d6b00000|  0%| F|  |TAMS 0x00000000d6a00000| PB 0x00000000d6a00000| Untracked |  0
|1387|0x00000000d6b00000, 0x00000000d6b00000, 0x00000000d6c00000|  0%| F|  |TAMS 0x00000000d6b00000| PB 0x00000000d6b00000| Untracked |  0
|1388|0x00000000d6c00000, 0x00000000d6c00000, 0x00000000d6d00000|  0%| F|  |TAMS 0x00000000d6c00000| PB 0x00000000d6c00000| Untracked |  0
|1389|0x00000000d6d00000, 0x00000000d6d00000, 0x00000000d6e00000|  0%| F|  |TAMS 0x00000000d6d00000| PB 0x00000000d6d00000| Untracked |  0
|1390|0x00000000d6e00000, 0x00000000d6e00000, 0x00000000d6f00000|  0%| F|  |TAMS 0x00000000d6e00000| PB 0x00000000d6e00000| Untracked |  0
|1391|0x00000000d6f00000, 0x00000000d6f00000, 0x00000000d7000000|  0%| F|  |TAMS 0x00000000d6f00000| PB 0x00000000d6f00000| Untracked |  0
|1392|0x00000000d7000000, 0x00000000d7000000, 0x00000000d7100000|  0%| F|  |TAMS 0x00000000d7000000| PB 0x00000000d7000000| Untracked |  0
|1393|0x00000000d7100000, 0x00000000d7100000, 0x00000000d7200000|  0%| F|  |TAMS 0x00000000d7100000| PB 0x00000000d7100000| Untracked |  0
|1394|0x00000000d7200000, 0x00000000d7200000, 0x00000000d7300000|  0%| F|  |TAMS 0x00000000d7200000| PB 0x00000000d7200000| Untracked |  0
|1395|0x00000000d7300000, 0x00000000d7300000, 0x00000000d7400000|  0%| F|  |TAMS 0x00000000d7300000| PB 0x00000000d7300000| Untracked |  0
|1396|0x00000000d7400000, 0x00000000d7400000, 0x00000000d7500000|  0%| F|  |TAMS 0x00000000d7400000| PB 0x00000000d7400000| Untracked |  0
|1397|0x00000000d7500000, 0x00000000d7500000, 0x00000000d7600000|  0%| F|  |TAMS 0x00000000d7500000| PB 0x00000000d7500000| Untracked |  0
|1398|0x00000000d7600000, 0x00000000d7600000, 0x00000000d7700000|  0%| F|  |TAMS 0x00000000d7600000| PB 0x00000000d7600000| Untracked |  0
|1399|0x00000000d7700000, 0x00000000d7700000, 0x00000000d7800000|  0%| F|  |TAMS 0x00000000d7700000| PB 0x00000000d7700000| Untracked |  0
|1400|0x00000000d7800000, 0x00000000d7800000, 0x00000000d7900000|  0%| F|  |TAMS 0x00000000d7800000| PB 0x00000000d7800000| Untracked |  0
|1401|0x00000000d7900000, 0x00000000d7900000, 0x00000000d7a00000|  0%| F|  |TAMS 0x00000000d7900000| PB 0x00000000d7900000| Untracked |  0
|1402|0x00000000d7a00000, 0x00000000d7a00000, 0x00000000d7b00000|  0%| F|  |TAMS 0x00000000d7a00000| PB 0x00000000d7a00000| Untracked |  0
|1403|0x00000000d7b00000, 0x00000000d7b00000, 0x00000000d7c00000|  0%| F|  |TAMS 0x00000000d7b00000| PB 0x00000000d7b00000| Untracked |  0
|1404|0x00000000d7c00000, 0x00000000d7c00000, 0x00000000d7d00000|  0%| F|  |TAMS 0x00000000d7c00000| PB 0x00000000d7c00000| Untracked |  0
|1405|0x00000000d7d00000, 0x00000000d7d00000, 0x00000000d7e00000|  0%| F|  |TAMS 0x00000000d7d00000| PB 0x00000000d7d00000| Untracked |  0
|1406|0x00000000d7e00000, 0x00000000d7e00000, 0x00000000d7f00000|  0%| F|  |TAMS 0x00000000d7e00000| PB 0x00000000d7e00000| Untracked |  0
|1407|0x00000000d7f00000, 0x00000000d7f00000, 0x00000000d8000000|  0%| F|  |TAMS 0x00000000d7f00000| PB 0x00000000d7f00000| Untracked |  0
|1408|0x00000000d8000000, 0x00000000d8000000, 0x00000000d8100000|  0%| F|  |TAMS 0x00000000d8000000| PB 0x00000000d8000000| Untracked |  0
|1409|0x00000000d8100000, 0x00000000d8100000, 0x00000000d8200000|  0%| F|  |TAMS 0x00000000d8100000| PB 0x00000000d8100000| Untracked |  0
|1410|0x00000000d8200000, 0x00000000d8200000, 0x00000000d8300000|  0%| F|  |TAMS 0x00000000d8200000| PB 0x00000000d8200000| Untracked |  0
|1411|0x00000000d8300000, 0x00000000d8300000, 0x00000000d8400000|  0%| F|  |TAMS 0x00000000d8300000| PB 0x00000000d8300000| Untracked |  0
|1412|0x00000000d8400000, 0x00000000d8400000, 0x00000000d8500000|  0%| F|  |TAMS 0x00000000d8400000| PB 0x00000000d8400000| Untracked |  0
|1413|0x00000000d8500000, 0x00000000d8500000, 0x00000000d8600000|  0%| F|  |TAMS 0x00000000d8500000| PB 0x00000000d8500000| Untracked |  0
|1414|0x00000000d8600000, 0x00000000d8600000, 0x00000000d8700000|  0%| F|  |TAMS 0x00000000d8600000| PB 0x00000000d8600000| Untracked |  0
|1415|0x00000000d8700000, 0x00000000d8700000, 0x00000000d8800000|  0%| F|  |TAMS 0x00000000d8700000| PB 0x00000000d8700000| Untracked |  0
|1416|0x00000000d8800000, 0x00000000d8800000, 0x00000000d8900000|  0%| F|  |TAMS 0x00000000d8800000| PB 0x00000000d8800000| Untracked |  0
|1417|0x00000000d8900000, 0x00000000d8900000, 0x00000000d8a00000|  0%| F|  |TAMS 0x00000000d8900000| PB 0x00000000d8900000| Untracked |  0
|1418|0x00000000d8a00000, 0x00000000d8a00000, 0x00000000d8b00000|  0%| F|  |TAMS 0x00000000d8a00000| PB 0x00000000d8a00000| Untracked |  0
|1419|0x00000000d8b00000, 0x00000000d8b00000, 0x00000000d8c00000|  0%| F|  |TAMS 0x00000000d8b00000| PB 0x00000000d8b00000| Untracked |  0
|1420|0x00000000d8c00000, 0x00000000d8c00000, 0x00000000d8d00000|  0%| F|  |TAMS 0x00000000d8c00000| PB 0x00000000d8c00000| Untracked |  0
|1421|0x00000000d8d00000, 0x00000000d8d00000, 0x00000000d8e00000|  0%| F|  |TAMS 0x00000000d8d00000| PB 0x00000000d8d00000| Untracked |  0
|1422|0x00000000d8e00000, 0x00000000d8e00000, 0x00000000d8f00000|  0%| F|  |TAMS 0x00000000d8e00000| PB 0x00000000d8e00000| Untracked |  0
|1423|0x00000000d8f00000, 0x00000000d8f00000, 0x00000000d9000000|  0%| F|  |TAMS 0x00000000d8f00000| PB 0x00000000d8f00000| Untracked |  0
|1424|0x00000000d9000000, 0x00000000d9000000, 0x00000000d9100000|  0%| F|  |TAMS 0x00000000d9000000| PB 0x00000000d9000000| Untracked |  0
|1425|0x00000000d9100000, 0x00000000d9100000, 0x00000000d9200000|  0%| F|  |TAMS 0x00000000d9100000| PB 0x00000000d9100000| Untracked |  0
|1426|0x00000000d9200000, 0x00000000d9200000, 0x00000000d9300000|  0%| F|  |TAMS 0x00000000d9200000| PB 0x00000000d9200000| Untracked |  0
|1427|0x00000000d9300000, 0x00000000d9300000, 0x00000000d9400000|  0%| F|  |TAMS 0x00000000d9300000| PB 0x00000000d9300000| Untracked |  0
|1428|0x00000000d9400000, 0x00000000d9400000, 0x00000000d9500000|  0%| F|  |TAMS 0x00000000d9400000| PB 0x00000000d9400000| Untracked |  0
|1429|0x00000000d9500000, 0x00000000d9500000, 0x00000000d9600000|  0%| F|  |TAMS 0x00000000d9500000| PB 0x00000000d9500000| Untracked |  0
|1430|0x00000000d9600000, 0x00000000d9600000, 0x00000000d9700000|  0%| F|  |TAMS 0x00000000d9600000| PB 0x00000000d9600000| Untracked |  0
|1431|0x00000000d9700000, 0x00000000d9700000, 0x00000000d9800000|  0%| F|  |TAMS 0x00000000d9700000| PB 0x00000000d9700000| Untracked |  0
|1432|0x00000000d9800000, 0x00000000d9800000, 0x00000000d9900000|  0%| F|  |TAMS 0x00000000d9800000| PB 0x00000000d9800000| Untracked |  0
|1433|0x00000000d9900000, 0x00000000d9900000, 0x00000000d9a00000|  0%| F|  |TAMS 0x00000000d9900000| PB 0x00000000d9900000| Untracked |  0
|1434|0x00000000d9a00000, 0x00000000d9a00000, 0x00000000d9b00000|  0%| F|  |TAMS 0x00000000d9a00000| PB 0x00000000d9a00000| Untracked |  0
|1435|0x00000000d9b00000, 0x00000000d9b00000, 0x00000000d9c00000|  0%| F|  |TAMS 0x00000000d9b00000| PB 0x00000000d9b00000| Untracked |  0
|1436|0x00000000d9c00000, 0x00000000d9c00000, 0x00000000d9d00000|  0%| F|  |TAMS 0x00000000d9c00000| PB 0x00000000d9c00000| Untracked |  0
|1437|0x00000000d9d00000, 0x00000000d9d00000, 0x00000000d9e00000|  0%| F|  |TAMS 0x00000000d9d00000| PB 0x00000000d9d00000| Untracked |  0
|1438|0x00000000d9e00000, 0x00000000d9e00000, 0x00000000d9f00000|  0%| F|  |TAMS 0x00000000d9e00000| PB 0x00000000d9e00000| Untracked |  0
|1439|0x00000000d9f00000, 0x00000000d9f00000, 0x00000000da000000|  0%| F|  |TAMS 0x00000000d9f00000| PB 0x00000000d9f00000| Untracked |  0
|1440|0x00000000da000000, 0x00000000da000000, 0x00000000da100000|  0%| F|  |TAMS 0x00000000da000000| PB 0x00000000da000000| Untracked |  0
|1441|0x00000000da100000, 0x00000000da100000, 0x00000000da200000|  0%| F|  |TAMS 0x00000000da100000| PB 0x00000000da100000| Untracked |  0
|1442|0x00000000da200000, 0x00000000da200000, 0x00000000da300000|  0%| F|  |TAMS 0x00000000da200000| PB 0x00000000da200000| Untracked |  0
|1443|0x00000000da300000, 0x00000000da300000, 0x00000000da400000|  0%| F|  |TAMS 0x00000000da300000| PB 0x00000000da300000| Untracked |  0
|1444|0x00000000da400000, 0x00000000da400000, 0x00000000da500000|  0%| F|  |TAMS 0x00000000da400000| PB 0x00000000da400000| Untracked |  0
|1445|0x00000000da500000, 0x00000000da500000, 0x00000000da600000|  0%| F|  |TAMS 0x00000000da500000| PB 0x00000000da500000| Untracked |  0
|1446|0x00000000da600000, 0x00000000da600000, 0x00000000da700000|  0%| F|  |TAMS 0x00000000da600000| PB 0x00000000da600000| Untracked |  0
|1447|0x00000000da700000, 0x00000000da700000, 0x00000000da800000|  0%| F|  |TAMS 0x00000000da700000| PB 0x00000000da700000| Untracked |  0
|1448|0x00000000da800000, 0x00000000da800000, 0x00000000da900000|  0%| F|  |TAMS 0x00000000da800000| PB 0x00000000da800000| Untracked |  0
|1449|0x00000000da900000, 0x00000000da900000, 0x00000000daa00000|  0%| F|  |TAMS 0x00000000da900000| PB 0x00000000da900000| Untracked |  0
|1450|0x00000000daa00000, 0x00000000daa00000, 0x00000000dab00000|  0%| F|  |TAMS 0x00000000daa00000| PB 0x00000000daa00000| Untracked |  0
|1451|0x00000000dab00000, 0x00000000dab00000, 0x00000000dac00000|  0%| F|  |TAMS 0x00000000dab00000| PB 0x00000000dab00000| Untracked |  0
|1452|0x00000000dac00000, 0x00000000dac00000, 0x00000000dad00000|  0%| F|  |TAMS 0x00000000dac00000| PB 0x00000000dac00000| Untracked |  0
|1453|0x00000000dad00000, 0x00000000dad00000, 0x00000000dae00000|  0%| F|  |TAMS 0x00000000dad00000| PB 0x00000000dad00000| Untracked |  0
|1454|0x00000000dae00000, 0x00000000dae00000, 0x00000000daf00000|  0%| F|  |TAMS 0x00000000dae00000| PB 0x00000000dae00000| Untracked |  0
|1455|0x00000000daf00000, 0x00000000daf00000, 0x00000000db000000|  0%| F|  |TAMS 0x00000000daf00000| PB 0x00000000daf00000| Untracked |  0
|1456|0x00000000db000000, 0x00000000db000000, 0x00000000db100000|  0%| F|  |TAMS 0x00000000db000000| PB 0x00000000db000000| Untracked |  0
|1457|0x00000000db100000, 0x00000000db100000, 0x00000000db200000|  0%| F|  |TAMS 0x00000000db100000| PB 0x00000000db100000| Untracked |  0
|1458|0x00000000db200000, 0x00000000db200000, 0x00000000db300000|  0%| F|  |TAMS 0x00000000db200000| PB 0x00000000db200000| Untracked |  0
|1459|0x00000000db300000, 0x00000000db300000, 0x00000000db400000|  0%| F|  |TAMS 0x00000000db300000| PB 0x00000000db300000| Untracked |  0
|1460|0x00000000db400000, 0x00000000db400000, 0x00000000db500000|  0%| F|  |TAMS 0x00000000db400000| PB 0x00000000db400000| Untracked |  0
|1461|0x00000000db500000, 0x00000000db500000, 0x00000000db600000|  0%| F|  |TAMS 0x00000000db500000| PB 0x00000000db500000| Untracked |  0
|1462|0x00000000db600000, 0x00000000db600000, 0x00000000db700000|  0%| F|  |TAMS 0x00000000db600000| PB 0x00000000db600000| Untracked |  0
|1463|0x00000000db700000, 0x00000000db700000, 0x00000000db800000|  0%| F|  |TAMS 0x00000000db700000| PB 0x00000000db700000| Untracked |  0
|1464|0x00000000db800000, 0x00000000db800000, 0x00000000db900000|  0%| F|  |TAMS 0x00000000db800000| PB 0x00000000db800000| Untracked |  0
|1628|0x00000000e5c00000, 0x00000000e5c00000, 0x00000000e5d00000|  0%| F|  |TAMS 0x00000000e5c00000| PB 0x00000000e5c00000| Untracked |  0
|1629|0x00000000e5d00000, 0x00000000e5d00000, 0x00000000e5e00000|  0%| F|  |TAMS 0x00000000e5d00000| PB 0x00000000e5d00000| Untracked |  0
|1630|0x00000000e5e00000, 0x00000000e5e00000, 0x00000000e5f00000|  0%| F|  |TAMS 0x00000000e5e00000| PB 0x00000000e5e00000| Untracked |  0
|1631|0x00000000e5f00000, 0x00000000e5f00000, 0x00000000e6000000|  0%| F|  |TAMS 0x00000000e5f00000| PB 0x00000000e5f00000| Untracked |  0
|1632|0x00000000e6000000, 0x00000000e6000000, 0x00000000e6100000|  0%| F|  |TAMS 0x00000000e6000000| PB 0x00000000e6000000| Untracked |  0
|1633|0x00000000e6100000, 0x00000000e6100000, 0x00000000e6200000|  0%| F|  |TAMS 0x00000000e6100000| PB 0x00000000e6100000| Untracked |  0
|1634|0x00000000e6200000, 0x00000000e6200000, 0x00000000e6300000|  0%| F|  |TAMS 0x00000000e6200000| PB 0x00000000e6200000| Untracked |  0
|1635|0x00000000e6300000, 0x00000000e6300000, 0x00000000e6400000|  0%| F|  |TAMS 0x00000000e6300000| PB 0x00000000e6300000| Untracked |  0
|1636|0x00000000e6400000, 0x00000000e6497498, 0x00000000e6500000| 59%| E|  |TAMS 0x00000000e6400000| PB 0x00000000e6400000| Complete |  0
|1637|0x00000000e6500000, 0x00000000e6600000, 0x00000000e6600000|100%| E|CS|TAMS 0x00000000e6500000| PB 0x00000000e6500000| Complete |  0
|1638|0x00000000e6600000, 0x00000000e6700000, 0x00000000e6700000|100%| E|CS|TAMS 0x00000000e6600000| PB 0x00000000e6600000| Complete |  0
|1639|0x00000000e6700000, 0x00000000e6800000, 0x00000000e6800000|100%| E|CS|TAMS 0x00000000e6700000| PB 0x00000000e6700000| Complete |  0
|1640|0x00000000e6800000, 0x00000000e6900000, 0x00000000e6900000|100%| E|CS|TAMS 0x00000000e6800000| PB 0x00000000e6800000| Complete |  0
|1641|0x00000000e6900000, 0x00000000e6a00000, 0x00000000e6a00000|100%| E|CS|TAMS 0x00000000e6900000| PB 0x00000000e6900000| Complete |  0
|1642|0x00000000e6a00000, 0x00000000e6b00000, 0x00000000e6b00000|100%| E|CS|TAMS 0x00000000e6a00000| PB 0x00000000e6a00000| Complete |  0
|1643|0x00000000e6b00000, 0x00000000e6c00000, 0x00000000e6c00000|100%| E|CS|TAMS 0x00000000e6b00000| PB 0x00000000e6b00000| Complete |  0
|1644|0x00000000e6c00000, 0x00000000e6d00000, 0x00000000e6d00000|100%| E|CS|TAMS 0x00000000e6c00000| PB 0x00000000e6c00000| Complete |  0
|1645|0x00000000e6d00000, 0x00000000e6e00000, 0x00000000e6e00000|100%| E|CS|TAMS 0x00000000e6d00000| PB 0x00000000e6d00000| Complete |  0
|1646|0x00000000e6e00000, 0x00000000e6f00000, 0x00000000e6f00000|100%| E|CS|TAMS 0x00000000e6e00000| PB 0x00000000e6e00000| Complete |  0
|1647|0x00000000e6f00000, 0x00000000e7000000, 0x00000000e7000000|100%| E|CS|TAMS 0x00000000e6f00000| PB 0x00000000e6f00000| Complete |  0
|1648|0x00000000e7000000, 0x00000000e7100000, 0x00000000e7100000|100%| E|CS|TAMS 0x00000000e7000000| PB 0x00000000e7000000| Complete |  0
|1649|0x00000000e7100000, 0x00000000e7200000, 0x00000000e7200000|100%| E|CS|TAMS 0x00000000e7100000| PB 0x00000000e7100000| Complete |  0
|1650|0x00000000e7200000, 0x00000000e7300000, 0x00000000e7300000|100%| E|CS|TAMS 0x00000000e7200000| PB 0x00000000e7200000| Complete |  0
|1651|0x00000000e7300000, 0x00000000e7400000, 0x00000000e7400000|100%| E|CS|TAMS 0x00000000e7300000| PB 0x00000000e7300000| Complete |  0
|1652|0x00000000e7400000, 0x00000000e7500000, 0x00000000e7500000|100%| E|CS|TAMS 0x00000000e7400000| PB 0x00000000e7400000| Complete |  0
|1653|0x00000000e7500000, 0x00000000e7600000, 0x00000000e7600000|100%| E|CS|TAMS 0x00000000e7500000| PB 0x00000000e7500000| Complete |  0
|1654|0x00000000e7600000, 0x00000000e7700000, 0x00000000e7700000|100%| E|CS|TAMS 0x00000000e7600000| PB 0x00000000e7600000| Complete |  0
|1655|0x00000000e7700000, 0x00000000e7800000, 0x00000000e7800000|100%| E|CS|TAMS 0x00000000e7700000| PB 0x00000000e7700000| Complete |  0
|1656|0x00000000e7800000, 0x00000000e7900000, 0x00000000e7900000|100%| E|CS|TAMS 0x00000000e7800000| PB 0x00000000e7800000| Complete |  0
|1657|0x00000000e7900000, 0x00000000e7a00000, 0x00000000e7a00000|100%| E|CS|TAMS 0x00000000e7900000| PB 0x00000000e7900000| Complete |  0
|1658|0x00000000e7a00000, 0x00000000e7b00000, 0x00000000e7b00000|100%| E|CS|TAMS 0x00000000e7a00000| PB 0x00000000e7a00000| Complete |  0
|1659|0x00000000e7b00000, 0x00000000e7c00000, 0x00000000e7c00000|100%| E|CS|TAMS 0x00000000e7b00000| PB 0x00000000e7b00000| Complete |  0
|1660|0x00000000e7c00000, 0x00000000e7d00000, 0x00000000e7d00000|100%| E|CS|TAMS 0x00000000e7c00000| PB 0x00000000e7c00000| Complete |  0
|1661|0x00000000e7d00000, 0x00000000e7e00000, 0x00000000e7e00000|100%| E|CS|TAMS 0x00000000e7d00000| PB 0x00000000e7d00000| Complete |  0
|1662|0x00000000e7e00000, 0x00000000e7f00000, 0x00000000e7f00000|100%| E|CS|TAMS 0x00000000e7e00000| PB 0x00000000e7e00000| Complete |  0
|1663|0x00000000e7f00000, 0x00000000e8000000, 0x00000000e8000000|100%| E|CS|TAMS 0x00000000e7f00000| PB 0x00000000e7f00000| Complete |  0
|1664|0x00000000e8000000, 0x00000000e8100000, 0x00000000e8100000|100%| E|CS|TAMS 0x00000000e8000000| PB 0x00000000e8000000| Complete |  0
|1665|0x00000000e8100000, 0x00000000e8200000, 0x00000000e8200000|100%| E|CS|TAMS 0x00000000e8100000| PB 0x00000000e8100000| Complete |  0
|1666|0x00000000e8200000, 0x00000000e8300000, 0x00000000e8300000|100%| E|CS|TAMS 0x00000000e8200000| PB 0x00000000e8200000| Complete |  0
|1667|0x00000000e8300000, 0x00000000e8400000, 0x00000000e8400000|100%| E|CS|TAMS 0x00000000e8300000| PB 0x00000000e8300000| Complete |  0
|1668|0x00000000e8400000, 0x00000000e8500000, 0x00000000e8500000|100%| E|CS|TAMS 0x00000000e8400000| PB 0x00000000e8400000| Complete |  0
|1669|0x00000000e8500000, 0x00000000e8600000, 0x00000000e8600000|100%| E|CS|TAMS 0x00000000e8500000| PB 0x00000000e8500000| Complete |  0
|1670|0x00000000e8600000, 0x00000000e8700000, 0x00000000e8700000|100%| E|CS|TAMS 0x00000000e8600000| PB 0x00000000e8600000| Complete |  0
|1671|0x00000000e8700000, 0x00000000e8800000, 0x00000000e8800000|100%| E|CS|TAMS 0x00000000e8700000| PB 0x00000000e8700000| Complete |  0
|1672|0x00000000e8800000, 0x00000000e8900000, 0x00000000e8900000|100%| E|CS|TAMS 0x00000000e8800000| PB 0x00000000e8800000| Complete |  0
|1673|0x00000000e8900000, 0x00000000e8a00000, 0x00000000e8a00000|100%| E|CS|TAMS 0x00000000e8900000| PB 0x00000000e8900000| Complete |  0
|1674|0x00000000e8a00000, 0x00000000e8b00000, 0x00000000e8b00000|100%| E|CS|TAMS 0x00000000e8a00000| PB 0x00000000e8a00000| Complete |  0
|1675|0x00000000e8b00000, 0x00000000e8c00000, 0x00000000e8c00000|100%| E|CS|TAMS 0x00000000e8b00000| PB 0x00000000e8b00000| Complete |  0
|1676|0x00000000e8c00000, 0x00000000e8d00000, 0x00000000e8d00000|100%| E|CS|TAMS 0x00000000e8c00000| PB 0x00000000e8c00000| Complete |  0
|1677|0x00000000e8d00000, 0x00000000e8e00000, 0x00000000e8e00000|100%| E|CS|TAMS 0x00000000e8d00000| PB 0x00000000e8d00000| Complete |  0
|1678|0x00000000e8e00000, 0x00000000e8f00000, 0x00000000e8f00000|100%| E|CS|TAMS 0x00000000e8e00000| PB 0x00000000e8e00000| Complete |  0
|1679|0x00000000e8f00000, 0x00000000e9000000, 0x00000000e9000000|100%| E|CS|TAMS 0x00000000e8f00000| PB 0x00000000e8f00000| Complete |  0
|1680|0x00000000e9000000, 0x00000000e9100000, 0x00000000e9100000|100%| E|CS|TAMS 0x00000000e9000000| PB 0x00000000e9000000| Complete |  0
|1681|0x00000000e9100000, 0x00000000e9200000, 0x00000000e9200000|100%| E|CS|TAMS 0x00000000e9100000| PB 0x00000000e9100000| Complete |  0
|1682|0x00000000e9200000, 0x00000000e9300000, 0x00000000e9300000|100%| E|CS|TAMS 0x00000000e9200000| PB 0x00000000e9200000| Complete |  0
|1683|0x00000000e9300000, 0x00000000e9400000, 0x00000000e9400000|100%| E|CS|TAMS 0x00000000e9300000| PB 0x00000000e9300000| Complete |  0
|1684|0x00000000e9400000, 0x00000000e9500000, 0x00000000e9500000|100%| E|CS|TAMS 0x00000000e9400000| PB 0x00000000e9400000| Complete |  0
|1685|0x00000000e9500000, 0x00000000e9600000, 0x00000000e9600000|100%| E|CS|TAMS 0x00000000e9500000| PB 0x00000000e9500000| Complete |  0
|1686|0x00000000e9600000, 0x00000000e9700000, 0x00000000e9700000|100%| E|CS|TAMS 0x00000000e9600000| PB 0x00000000e9600000| Complete |  0
|1687|0x00000000e9700000, 0x00000000e9800000, 0x00000000e9800000|100%| E|CS|TAMS 0x00000000e9700000| PB 0x00000000e9700000| Complete |  0
|1688|0x00000000e9800000, 0x00000000e9900000, 0x00000000e9900000|100%| E|CS|TAMS 0x00000000e9800000| PB 0x00000000e9800000| Complete |  0
|1689|0x00000000e9900000, 0x00000000e9a00000, 0x00000000e9a00000|100%| E|CS|TAMS 0x00000000e9900000| PB 0x00000000e9900000| Complete |  0
|1690|0x00000000e9a00000, 0x00000000e9b00000, 0x00000000e9b00000|100%| E|  |TAMS 0x00000000e9a00000| PB 0x00000000e9a00000| Complete |  0
|1691|0x00000000e9b00000, 0x00000000e9c00000, 0x00000000e9c00000|100%| E|CS|TAMS 0x00000000e9b00000| PB 0x00000000e9b00000| Complete |  0
|1692|0x00000000e9c00000, 0x00000000e9d00000, 0x00000000e9d00000|100%| E|CS|TAMS 0x00000000e9c00000| PB 0x00000000e9c00000| Complete |  0
|1693|0x00000000e9d00000, 0x00000000e9e00000, 0x00000000e9e00000|100%| E|CS|TAMS 0x00000000e9d00000| PB 0x00000000e9d00000| Complete |  0
|1694|0x00000000e9e00000, 0x00000000e9f00000, 0x00000000e9f00000|100%| E|CS|TAMS 0x00000000e9e00000| PB 0x00000000e9e00000| Complete |  0
|1695|0x00000000e9f00000, 0x00000000ea000000, 0x00000000ea000000|100%| E|CS|TAMS 0x00000000e9f00000| PB 0x00000000e9f00000| Complete |  0
|1696|0x00000000ea000000, 0x00000000ea100000, 0x00000000ea100000|100%| E|CS|TAMS 0x00000000ea000000| PB 0x00000000ea000000| Complete |  0
|1697|0x00000000ea100000, 0x00000000ea200000, 0x00000000ea200000|100%| E|CS|TAMS 0x00000000ea100000| PB 0x00000000ea100000| Complete |  0
|1698|0x00000000ea200000, 0x00000000ea300000, 0x00000000ea300000|100%| E|CS|TAMS 0x00000000ea200000| PB 0x00000000ea200000| Complete |  0
|1699|0x00000000ea300000, 0x00000000ea400000, 0x00000000ea400000|100%| E|CS|TAMS 0x00000000ea300000| PB 0x00000000ea300000| Complete |  0
|1700|0x00000000ea400000, 0x00000000ea500000, 0x00000000ea500000|100%| E|CS|TAMS 0x00000000ea400000| PB 0x00000000ea400000| Complete |  0
|1701|0x00000000ea500000, 0x00000000ea600000, 0x00000000ea600000|100%| E|CS|TAMS 0x00000000ea500000| PB 0x00000000ea500000| Complete |  0
|1702|0x00000000ea600000, 0x00000000ea700000, 0x00000000ea700000|100%| E|CS|TAMS 0x00000000ea600000| PB 0x00000000ea600000| Complete |  0
|1703|0x00000000ea700000, 0x00000000ea800000, 0x00000000ea800000|100%| E|CS|TAMS 0x00000000ea700000| PB 0x00000000ea700000| Complete |  0
|1704|0x00000000ea800000, 0x00000000ea900000, 0x00000000ea900000|100%| E|CS|TAMS 0x00000000ea800000| PB 0x00000000ea800000| Complete |  0
|1705|0x00000000ea900000, 0x00000000eaa00000, 0x00000000eaa00000|100%| E|CS|TAMS 0x00000000ea900000| PB 0x00000000ea900000| Complete |  0
|1706|0x00000000eaa00000, 0x00000000eab00000, 0x00000000eab00000|100%| E|CS|TAMS 0x00000000eaa00000| PB 0x00000000eaa00000| Complete |  0
|1707|0x00000000eab00000, 0x00000000eac00000, 0x00000000eac00000|100%| E|CS|TAMS 0x00000000eab00000| PB 0x00000000eab00000| Complete |  0
|1708|0x00000000eac00000, 0x00000000ead00000, 0x00000000ead00000|100%| E|CS|TAMS 0x00000000eac00000| PB 0x00000000eac00000| Complete |  0
|1709|0x00000000ead00000, 0x00000000eae00000, 0x00000000eae00000|100%| E|CS|TAMS 0x00000000ead00000| PB 0x00000000ead00000| Complete |  0
|1710|0x00000000eae00000, 0x00000000eaf00000, 0x00000000eaf00000|100%| E|CS|TAMS 0x00000000eae00000| PB 0x00000000eae00000| Complete |  0
|1711|0x00000000eaf00000, 0x00000000eb000000, 0x00000000eb000000|100%| E|CS|TAMS 0x00000000eaf00000| PB 0x00000000eaf00000| Complete |  0
|1712|0x00000000eb000000, 0x00000000eb100000, 0x00000000eb100000|100%| E|CS|TAMS 0x00000000eb000000| PB 0x00000000eb000000| Complete |  0
|1713|0x00000000eb100000, 0x00000000eb200000, 0x00000000eb200000|100%| E|CS|TAMS 0x00000000eb100000| PB 0x00000000eb100000| Complete |  0
|1714|0x00000000eb200000, 0x00000000eb300000, 0x00000000eb300000|100%| E|CS|TAMS 0x00000000eb200000| PB 0x00000000eb200000| Complete |  0
|1715|0x00000000eb300000, 0x00000000eb400000, 0x00000000eb400000|100%| E|CS|TAMS 0x00000000eb300000| PB 0x00000000eb300000| Complete |  0
|1716|0x00000000eb400000, 0x00000000eb500000, 0x00000000eb500000|100%| E|CS|TAMS 0x00000000eb400000| PB 0x00000000eb400000| Complete |  0
|1717|0x00000000eb500000, 0x00000000eb600000, 0x00000000eb600000|100%| E|CS|TAMS 0x00000000eb500000| PB 0x00000000eb500000| Complete |  0
|1718|0x00000000eb600000, 0x00000000eb700000, 0x00000000eb700000|100%| E|CS|TAMS 0x00000000eb600000| PB 0x00000000eb600000| Complete |  0
|1719|0x00000000eb700000, 0x00000000eb800000, 0x00000000eb800000|100%| E|CS|TAMS 0x00000000eb700000| PB 0x00000000eb700000| Complete |  0
|1720|0x00000000eb800000, 0x00000000eb900000, 0x00000000eb900000|100%| E|CS|TAMS 0x00000000eb800000| PB 0x00000000eb800000| Complete |  0
|1721|0x00000000eb900000, 0x00000000eba00000, 0x00000000eba00000|100%| E|CS|TAMS 0x00000000eb900000| PB 0x00000000eb900000| Complete |  0
|1722|0x00000000eba00000, 0x00000000ebb00000, 0x00000000ebb00000|100%| E|CS|TAMS 0x00000000eba00000| PB 0x00000000eba00000| Complete |  0
|1723|0x00000000ebb00000, 0x00000000ebc00000, 0x00000000ebc00000|100%| E|CS|TAMS 0x00000000ebb00000| PB 0x00000000ebb00000| Complete |  0
|1724|0x00000000ebc00000, 0x00000000ebd00000, 0x00000000ebd00000|100%| E|CS|TAMS 0x00000000ebc00000| PB 0x00000000ebc00000| Complete |  0
|1725|0x00000000ebd00000, 0x00000000ebe00000, 0x00000000ebe00000|100%| E|CS|TAMS 0x00000000ebd00000| PB 0x00000000ebd00000| Complete |  0
|1726|0x00000000ebe00000, 0x00000000ebf00000, 0x00000000ebf00000|100%| E|CS|TAMS 0x00000000ebe00000| PB 0x00000000ebe00000| Complete |  0
|1727|0x00000000ebf00000, 0x00000000ec000000, 0x00000000ec000000|100%| E|CS|TAMS 0x00000000ebf00000| PB 0x00000000ebf00000| Complete |  0
|1728|0x00000000ec000000, 0x00000000ec100000, 0x00000000ec100000|100%| E|CS|TAMS 0x00000000ec000000| PB 0x00000000ec000000| Complete |  0
|1729|0x00000000ec100000, 0x00000000ec200000, 0x00000000ec200000|100%| E|CS|TAMS 0x00000000ec100000| PB 0x00000000ec100000| Complete |  0
|1730|0x00000000ec200000, 0x00000000ec300000, 0x00000000ec300000|100%| E|CS|TAMS 0x00000000ec200000| PB 0x00000000ec200000| Complete |  0
|1731|0x00000000ec300000, 0x00000000ec400000, 0x00000000ec400000|100%| E|CS|TAMS 0x00000000ec300000| PB 0x00000000ec300000| Complete |  0
|1732|0x00000000ec400000, 0x00000000ec500000, 0x00000000ec500000|100%| E|CS|TAMS 0x00000000ec400000| PB 0x00000000ec400000| Complete |  0
|1733|0x00000000ec500000, 0x00000000ec600000, 0x00000000ec600000|100%| E|CS|TAMS 0x00000000ec500000| PB 0x00000000ec500000| Complete |  0
|1734|0x00000000ec600000, 0x00000000ec700000, 0x00000000ec700000|100%| E|CS|TAMS 0x00000000ec600000| PB 0x00000000ec600000| Complete |  0
|1735|0x00000000ec700000, 0x00000000ec800000, 0x00000000ec800000|100%| E|CS|TAMS 0x00000000ec700000| PB 0x00000000ec700000| Complete |  0
|1736|0x00000000ec800000, 0x00000000ec900000, 0x00000000ec900000|100%| E|CS|TAMS 0x00000000ec800000| PB 0x00000000ec800000| Complete |  0
|1737|0x00000000ec900000, 0x00000000eca00000, 0x00000000eca00000|100%| E|CS|TAMS 0x00000000ec900000| PB 0x00000000ec900000| Complete |  0
|1738|0x00000000eca00000, 0x00000000ecb00000, 0x00000000ecb00000|100%| E|CS|TAMS 0x00000000eca00000| PB 0x00000000eca00000| Complete |  0
|1739|0x00000000ecb00000, 0x00000000ecc00000, 0x00000000ecc00000|100%| E|CS|TAMS 0x00000000ecb00000| PB 0x00000000ecb00000| Complete |  0
|1740|0x00000000ecc00000, 0x00000000ecd00000, 0x00000000ecd00000|100%| E|CS|TAMS 0x00000000ecc00000| PB 0x00000000ecc00000| Complete |  0
|1741|0x00000000ecd00000, 0x00000000ece00000, 0x00000000ece00000|100%| E|CS|TAMS 0x00000000ecd00000| PB 0x00000000ecd00000| Complete |  0
|1742|0x00000000ece00000, 0x00000000ecf00000, 0x00000000ecf00000|100%| E|CS|TAMS 0x00000000ece00000| PB 0x00000000ece00000| Complete |  0
|1743|0x00000000ecf00000, 0x00000000ed000000, 0x00000000ed000000|100%| E|CS|TAMS 0x00000000ecf00000| PB 0x00000000ecf00000| Complete |  0
|1744|0x00000000ed000000, 0x00000000ed100000, 0x00000000ed100000|100%| E|CS|TAMS 0x00000000ed000000| PB 0x00000000ed000000| Complete |  0
|1745|0x00000000ed100000, 0x00000000ed200000, 0x00000000ed200000|100%| E|CS|TAMS 0x00000000ed100000| PB 0x00000000ed100000| Complete |  0
|1746|0x00000000ed200000, 0x00000000ed300000, 0x00000000ed300000|100%| E|CS|TAMS 0x00000000ed200000| PB 0x00000000ed200000| Complete |  0
|1747|0x00000000ed300000, 0x00000000ed400000, 0x00000000ed400000|100%| E|CS|TAMS 0x00000000ed300000| PB 0x00000000ed300000| Complete |  0
|1748|0x00000000ed400000, 0x00000000ed500000, 0x00000000ed500000|100%| E|CS|TAMS 0x00000000ed400000| PB 0x00000000ed400000| Complete |  0
|1749|0x00000000ed500000, 0x00000000ed600000, 0x00000000ed600000|100%| E|CS|TAMS 0x00000000ed500000| PB 0x00000000ed500000| Complete |  0
|1750|0x00000000ed600000, 0x00000000ed700000, 0x00000000ed700000|100%| E|CS|TAMS 0x00000000ed600000| PB 0x00000000ed600000| Complete |  0
|1751|0x00000000ed700000, 0x00000000ed800000, 0x00000000ed800000|100%| E|CS|TAMS 0x00000000ed700000| PB 0x00000000ed700000| Complete |  0
|1752|0x00000000ed800000, 0x00000000ed900000, 0x00000000ed900000|100%| E|CS|TAMS 0x00000000ed800000| PB 0x00000000ed800000| Complete |  0
|1753|0x00000000ed900000, 0x00000000eda00000, 0x00000000eda00000|100%| E|CS|TAMS 0x00000000ed900000| PB 0x00000000ed900000| Complete |  0
|1754|0x00000000eda00000, 0x00000000edb00000, 0x00000000edb00000|100%| E|CS|TAMS 0x00000000eda00000| PB 0x00000000eda00000| Complete |  0
|1755|0x00000000edb00000, 0x00000000edc00000, 0x00000000edc00000|100%| E|CS|TAMS 0x00000000edb00000| PB 0x00000000edb00000| Complete |  0
|1756|0x00000000edc00000, 0x00000000edd00000, 0x00000000edd00000|100%| E|CS|TAMS 0x00000000edc00000| PB 0x00000000edc00000| Complete |  0
|1757|0x00000000edd00000, 0x00000000ede00000, 0x00000000ede00000|100%| E|CS|TAMS 0x00000000edd00000| PB 0x00000000edd00000| Complete |  0
|1758|0x00000000ede00000, 0x00000000edf00000, 0x00000000edf00000|100%| E|CS|TAMS 0x00000000ede00000| PB 0x00000000ede00000| Complete |  0
|1759|0x00000000edf00000, 0x00000000ee000000, 0x00000000ee000000|100%| E|CS|TAMS 0x00000000edf00000| PB 0x00000000edf00000| Complete |  0
|1760|0x00000000ee000000, 0x00000000ee100000, 0x00000000ee100000|100%| E|CS|TAMS 0x00000000ee000000| PB 0x00000000ee000000| Complete |  0
|1761|0x00000000ee100000, 0x00000000ee200000, 0x00000000ee200000|100%| O|  |TAMS 0x00000000ee100000| PB 0x00000000ee100000| Untracked |  0
|1762|0x00000000ee200000, 0x00000000ee300000, 0x00000000ee300000|100%| E|CS|TAMS 0x00000000ee200000| PB 0x00000000ee200000| Complete |  0
|1763|0x00000000ee300000, 0x00000000ee400000, 0x00000000ee400000|100%| E|CS|TAMS 0x00000000ee300000| PB 0x00000000ee300000| Complete |  0
|1764|0x00000000ee400000, 0x00000000ee500000, 0x00000000ee500000|100%| E|CS|TAMS 0x00000000ee400000| PB 0x00000000ee400000| Complete |  0
|1765|0x00000000ee500000, 0x00000000ee600000, 0x00000000ee600000|100%| O|  |TAMS 0x00000000ee500000| PB 0x00000000ee500000| Untracked |  0
|1766|0x00000000ee600000, 0x00000000ee700000, 0x00000000ee700000|100%| E|CS|TAMS 0x00000000ee600000| PB 0x00000000ee600000| Complete |  0
|1767|0x00000000ee700000, 0x00000000ee800000, 0x00000000ee800000|100%| E|CS|TAMS 0x00000000ee700000| PB 0x00000000ee700000| Complete |  0
|1768|0x00000000ee800000, 0x00000000ee900000, 0x00000000ee900000|100%| E|CS|TAMS 0x00000000ee800000| PB 0x00000000ee800000| Complete |  0
|1769|0x00000000ee900000, 0x00000000eea00000, 0x00000000eea00000|100%| O|  |TAMS 0x00000000ee900000| PB 0x00000000ee900000| Untracked |  0
|1770|0x00000000eea00000, 0x00000000eeb00000, 0x00000000eeb00000|100%| E|CS|TAMS 0x00000000eea00000| PB 0x00000000eea00000| Complete |  0
|1771|0x00000000eeb00000, 0x00000000eec00000, 0x00000000eec00000|100%| E|CS|TAMS 0x00000000eeb00000| PB 0x00000000eeb00000| Complete |  0
|1772|0x00000000eec00000, 0x00000000eed00000, 0x00000000eed00000|100%| E|CS|TAMS 0x00000000eec00000| PB 0x00000000eec00000| Complete |  0
|1773|0x00000000eed00000, 0x00000000eee00000, 0x00000000eee00000|100%| E|CS|TAMS 0x00000000eed00000| PB 0x00000000eed00000| Complete |  0
|1774|0x00000000eee00000, 0x00000000eef00000, 0x00000000eef00000|100%| O|  |TAMS 0x00000000eee00000| PB 0x00000000eee00000| Untracked |  0
|1775|0x00000000eef00000, 0x00000000ef000000, 0x00000000ef000000|100%| E|CS|TAMS 0x00000000eef00000| PB 0x00000000eef00000| Complete |  0
|1776|0x00000000ef000000, 0x00000000ef100000, 0x00000000ef100000|100%| E|CS|TAMS 0x00000000ef000000| PB 0x00000000ef000000| Complete |  0
|1777|0x00000000ef100000, 0x00000000ef200000, 0x00000000ef200000|100%| E|CS|TAMS 0x00000000ef100000| PB 0x00000000ef100000| Complete |  0
|1778|0x00000000ef200000, 0x00000000ef300000, 0x00000000ef300000|100%| E|CS|TAMS 0x00000000ef200000| PB 0x00000000ef200000| Complete |  0
|1779|0x00000000ef300000, 0x00000000ef400000, 0x00000000ef400000|100%| E|CS|TAMS 0x00000000ef300000| PB 0x00000000ef300000| Complete |  0
|1780|0x00000000ef400000, 0x00000000ef500000, 0x00000000ef500000|100%| E|CS|TAMS 0x00000000ef400000| PB 0x00000000ef400000| Complete |  0
|1781|0x00000000ef500000, 0x00000000ef600000, 0x00000000ef600000|100%| E|CS|TAMS 0x00000000ef500000| PB 0x00000000ef500000| Complete |  0
|1782|0x00000000ef600000, 0x00000000ef700000, 0x00000000ef700000|100%| E|CS|TAMS 0x00000000ef600000| PB 0x00000000ef600000| Complete |  0
|1783|0x00000000ef700000, 0x00000000ef800000, 0x00000000ef800000|100%| E|CS|TAMS 0x00000000ef700000| PB 0x00000000ef700000| Complete |  0
|1784|0x00000000ef800000, 0x00000000ef900000, 0x00000000ef900000|100%| E|CS|TAMS 0x00000000ef800000| PB 0x00000000ef800000| Complete |  0
|1785|0x00000000ef900000, 0x00000000efa00000, 0x00000000efa00000|100%| E|CS|TAMS 0x00000000ef900000| PB 0x00000000ef900000| Complete |  0
|1786|0x00000000efa00000, 0x00000000efb00000, 0x00000000efb00000|100%| E|CS|TAMS 0x00000000efa00000| PB 0x00000000efa00000| Complete |  0
|1787|0x00000000efb00000, 0x00000000efc00000, 0x00000000efc00000|100%| E|CS|TAMS 0x00000000efb00000| PB 0x00000000efb00000| Complete |  0
|1788|0x00000000efc00000, 0x00000000efd00000, 0x00000000efd00000|100%| E|CS|TAMS 0x00000000efc00000| PB 0x00000000efc00000| Complete |  0
|1789|0x00000000efd00000, 0x00000000efe00000, 0x00000000efe00000|100%| E|CS|TAMS 0x00000000efd00000| PB 0x00000000efd00000| Complete |  0
|1790|0x00000000efe00000, 0x00000000eff00000, 0x00000000eff00000|100%| E|CS|TAMS 0x00000000efe00000| PB 0x00000000efe00000| Complete |  0
|1791|0x00000000eff00000, 0x00000000f0000000, 0x00000000f0000000|100%| E|CS|TAMS 0x00000000eff00000| PB 0x00000000eff00000| Complete |  0
|1792|0x00000000f0000000, 0x00000000f0100000, 0x00000000f0100000|100%| E|CS|TAMS 0x00000000f0000000| PB 0x00000000f0000000| Complete |  0
|1793|0x00000000f0100000, 0x00000000f0200000, 0x00000000f0200000|100%| E|CS|TAMS 0x00000000f0100000| PB 0x00000000f0100000| Complete |  0
|1794|0x00000000f0200000, 0x00000000f0300000, 0x00000000f0300000|100%| O|  |TAMS 0x00000000f0200000| PB 0x00000000f0200000| Untracked |  0
|1795|0x00000000f0300000, 0x00000000f0400000, 0x00000000f0400000|100%| O|  |TAMS 0x00000000f0300000| PB 0x00000000f0300000| Untracked |  0
|1796|0x00000000f0400000, 0x00000000f0500000, 0x00000000f0500000|100%| E|CS|TAMS 0x00000000f0400000| PB 0x00000000f0400000| Complete |  0
|1797|0x00000000f0500000, 0x00000000f0600000, 0x00000000f0600000|100%| E|CS|TAMS 0x00000000f0500000| PB 0x00000000f0500000| Complete |  0
|1798|0x00000000f0600000, 0x00000000f0700000, 0x00000000f0700000|100%| E|CS|TAMS 0x00000000f0600000| PB 0x00000000f0600000| Complete |  0
|1799|0x00000000f0700000, 0x00000000f0800000, 0x00000000f0800000|100%| E|CS|TAMS 0x00000000f0700000| PB 0x00000000f0700000| Complete |  0
|1800|0x00000000f0800000, 0x00000000f0900000, 0x00000000f0900000|100%| E|CS|TAMS 0x00000000f0800000| PB 0x00000000f0800000| Complete |  0
|1801|0x00000000f0900000, 0x00000000f0a00000, 0x00000000f0a00000|100%| E|CS|TAMS 0x00000000f0900000| PB 0x00000000f0900000| Complete |  0
|1802|0x00000000f0a00000, 0x00000000f0b00000, 0x00000000f0b00000|100%| E|CS|TAMS 0x00000000f0a00000| PB 0x00000000f0a00000| Complete |  0
|1803|0x00000000f0b00000, 0x00000000f0c00000, 0x00000000f0c00000|100%| E|CS|TAMS 0x00000000f0b00000| PB 0x00000000f0b00000| Complete |  0
|1804|0x00000000f0c00000, 0x00000000f0d00000, 0x00000000f0d00000|100%| O|  |TAMS 0x00000000f0c00000| PB 0x00000000f0c00000| Untracked |  0
|1805|0x00000000f0d00000, 0x00000000f0e00000, 0x00000000f0e00000|100%| O|  |TAMS 0x00000000f0d00000| PB 0x00000000f0d00000| Untracked |  0
|1806|0x00000000f0e00000, 0x00000000f0f00000, 0x00000000f0f00000|100%| E|CS|TAMS 0x00000000f0e00000| PB 0x00000000f0e00000| Complete |  0
|1807|0x00000000f0f00000, 0x00000000f1000000, 0x00000000f1000000|100%| O|  |TAMS 0x00000000f0f00000| PB 0x00000000f0f00000| Untracked |  0
|1808|0x00000000f1000000, 0x00000000f1100000, 0x00000000f1100000|100%| E|CS|TAMS 0x00000000f1000000| PB 0x00000000f1000000| Complete |  0
|1809|0x00000000f1100000, 0x00000000f1200000, 0x00000000f1200000|100%| E|CS|TAMS 0x00000000f1100000| PB 0x00000000f1100000| Complete |  0
|1810|0x00000000f1200000, 0x00000000f1300000, 0x00000000f1300000|100%| E|CS|TAMS 0x00000000f1200000| PB 0x00000000f1200000| Complete |  0
|1811|0x00000000f1300000, 0x00000000f1400000, 0x00000000f1400000|100%| O|  |TAMS 0x00000000f1300000| PB 0x00000000f1300000| Untracked |  0
|1812|0x00000000f1400000, 0x00000000f1500000, 0x00000000f1500000|100%| O|  |TAMS 0x00000000f1400000| PB 0x00000000f1400000| Untracked |  0
|1813|0x00000000f1500000, 0x00000000f1600000, 0x00000000f1600000|100%| O|  |TAMS 0x00000000f1500000| PB 0x00000000f1500000| Untracked |  0
|1814|0x00000000f1600000, 0x00000000f1700000, 0x00000000f1700000|100%| O|  |TAMS 0x00000000f1600000| PB 0x00000000f1600000| Untracked |  0
|1815|0x00000000f1700000, 0x00000000f1800000, 0x00000000f1800000|100%| O|  |TAMS 0x00000000f1700000| PB 0x00000000f1700000| Untracked |  0
|1816|0x00000000f1800000, 0x00000000f1900000, 0x00000000f1900000|100%| E|CS|TAMS 0x00000000f1800000| PB 0x00000000f1800000| Complete |  0
|1817|0x00000000f1900000, 0x00000000f1a00000, 0x00000000f1a00000|100%| E|CS|TAMS 0x00000000f1900000| PB 0x00000000f1900000| Complete |  0
|1818|0x00000000f1a00000, 0x00000000f1b00000, 0x00000000f1b00000|100%| E|CS|TAMS 0x00000000f1a00000| PB 0x00000000f1a00000| Complete |  0
|1819|0x00000000f1b00000, 0x00000000f1c00000, 0x00000000f1c00000|100%| E|CS|TAMS 0x00000000f1b00000| PB 0x00000000f1b00000| Complete |  0
|1820|0x00000000f1c00000, 0x00000000f1d00000, 0x00000000f1d00000|100%| E|CS|TAMS 0x00000000f1c00000| PB 0x00000000f1c00000| Complete |  0
|1821|0x00000000f1d00000, 0x00000000f1e00000, 0x00000000f1e00000|100%| E|CS|TAMS 0x00000000f1d00000| PB 0x00000000f1d00000| Complete |  0
|1822|0x00000000f1e00000, 0x00000000f1f00000, 0x00000000f1f00000|100%| E|CS|TAMS 0x00000000f1e00000| PB 0x00000000f1e00000| Complete |  0
|1823|0x00000000f1f00000, 0x00000000f2000000, 0x00000000f2000000|100%| E|CS|TAMS 0x00000000f1f00000| PB 0x00000000f1f00000| Complete |  0
|1824|0x00000000f2000000, 0x00000000f2100000, 0x00000000f2100000|100%| E|CS|TAMS 0x00000000f2000000| PB 0x00000000f2000000| Complete |  0
|1825|0x00000000f2100000, 0x00000000f2200000, 0x00000000f2200000|100%| E|CS|TAMS 0x00000000f2100000| PB 0x00000000f2100000| Complete |  0
|1826|0x00000000f2200000, 0x00000000f2300000, 0x00000000f2300000|100%| E|CS|TAMS 0x00000000f2200000| PB 0x00000000f2200000| Complete |  0
|1827|0x00000000f2300000, 0x00000000f2400000, 0x00000000f2400000|100%| E|CS|TAMS 0x00000000f2300000| PB 0x00000000f2300000| Complete |  0
|1828|0x00000000f2400000, 0x00000000f2500000, 0x00000000f2500000|100%| E|CS|TAMS 0x00000000f2400000| PB 0x00000000f2400000| Complete |  0
|1829|0x00000000f2500000, 0x00000000f2600000, 0x00000000f2600000|100%| E|CS|TAMS 0x00000000f2500000| PB 0x00000000f2500000| Complete |  0
|1830|0x00000000f2600000, 0x00000000f2700000, 0x00000000f2700000|100%| E|CS|TAMS 0x00000000f2600000| PB 0x00000000f2600000| Complete |  0
|1831|0x00000000f2700000, 0x00000000f2800000, 0x00000000f2800000|100%| E|CS|TAMS 0x00000000f2700000| PB 0x00000000f2700000| Complete |  0
|1832|0x00000000f2800000, 0x00000000f2900000, 0x00000000f2900000|100%| E|CS|TAMS 0x00000000f2800000| PB 0x00000000f2800000| Complete |  0
|1833|0x00000000f2900000, 0x00000000f2a00000, 0x00000000f2a00000|100%| E|CS|TAMS 0x00000000f2900000| PB 0x00000000f2900000| Complete |  0
|1834|0x00000000f2a00000, 0x00000000f2b00000, 0x00000000f2b00000|100%| E|CS|TAMS 0x00000000f2a00000| PB 0x00000000f2a00000| Complete |  0
|1835|0x00000000f2b00000, 0x00000000f2c00000, 0x00000000f2c00000|100%| E|CS|TAMS 0x00000000f2b00000| PB 0x00000000f2b00000| Complete |  0
|1836|0x00000000f2c00000, 0x00000000f2d00000, 0x00000000f2d00000|100%| E|CS|TAMS 0x00000000f2c00000| PB 0x00000000f2c00000| Complete |  0
|1837|0x00000000f2d00000, 0x00000000f2e00000, 0x00000000f2e00000|100%| E|CS|TAMS 0x00000000f2d00000| PB 0x00000000f2d00000| Complete |  0
|1838|0x00000000f2e00000, 0x00000000f2f00000, 0x00000000f2f00000|100%| E|CS|TAMS 0x00000000f2e00000| PB 0x00000000f2e00000| Complete |  0
|1839|0x00000000f2f00000, 0x00000000f3000000, 0x00000000f3000000|100%| E|CS|TAMS 0x00000000f2f00000| PB 0x00000000f2f00000| Complete |  0
|1840|0x00000000f3000000, 0x00000000f3100000, 0x00000000f3100000|100%| E|CS|TAMS 0x00000000f3000000| PB 0x00000000f3000000| Complete |  0
|1841|0x00000000f3100000, 0x00000000f3200000, 0x00000000f3200000|100%| E|CS|TAMS 0x00000000f3100000| PB 0x00000000f3100000| Complete |  0
|1842|0x00000000f3200000, 0x00000000f3300000, 0x00000000f3300000|100%| E|CS|TAMS 0x00000000f3200000| PB 0x00000000f3200000| Complete |  0
|1843|0x00000000f3300000, 0x00000000f3400000, 0x00000000f3400000|100%| E|CS|TAMS 0x00000000f3300000| PB 0x00000000f3300000| Complete |  0
|1844|0x00000000f3400000, 0x00000000f3500000, 0x00000000f3500000|100%| E|CS|TAMS 0x00000000f3400000| PB 0x00000000f3400000| Complete |  0
|1845|0x00000000f3500000, 0x00000000f3600000, 0x00000000f3600000|100%| E|CS|TAMS 0x00000000f3500000| PB 0x00000000f3500000| Complete |  0
|1846|0x00000000f3600000, 0x00000000f3700000, 0x00000000f3700000|100%| E|CS|TAMS 0x00000000f3600000| PB 0x00000000f3600000| Complete |  0
|1847|0x00000000f3700000, 0x00000000f3800000, 0x00000000f3800000|100%| E|CS|TAMS 0x00000000f3700000| PB 0x00000000f3700000| Complete |  0
|1848|0x00000000f3800000, 0x00000000f3900000, 0x00000000f3900000|100%| E|CS|TAMS 0x00000000f3800000| PB 0x00000000f3800000| Complete |  0
|1849|0x00000000f3900000, 0x00000000f3a00000, 0x00000000f3a00000|100%| E|CS|TAMS 0x00000000f3900000| PB 0x00000000f3900000| Complete |  0
|1850|0x00000000f3a00000, 0x00000000f3b00000, 0x00000000f3b00000|100%| E|CS|TAMS 0x00000000f3a00000| PB 0x00000000f3a00000| Complete |  0
|1851|0x00000000f3b00000, 0x00000000f3c00000, 0x00000000f3c00000|100%| E|CS|TAMS 0x00000000f3b00000| PB 0x00000000f3b00000| Complete |  0
|1852|0x00000000f3c00000, 0x00000000f3d00000, 0x00000000f3d00000|100%| E|CS|TAMS 0x00000000f3c00000| PB 0x00000000f3c00000| Complete |  0
|1853|0x00000000f3d00000, 0x00000000f3e00000, 0x00000000f3e00000|100%| E|CS|TAMS 0x00000000f3d00000| PB 0x00000000f3d00000| Complete |  0
|1854|0x00000000f3e00000, 0x00000000f3f00000, 0x00000000f3f00000|100%| E|CS|TAMS 0x00000000f3e00000| PB 0x00000000f3e00000| Complete |  0
|1855|0x00000000f3f00000, 0x00000000f4000000, 0x00000000f4000000|100%| E|CS|TAMS 0x00000000f3f00000| PB 0x00000000f3f00000| Complete |  0
|1856|0x00000000f4000000, 0x00000000f4100000, 0x00000000f4100000|100%| E|CS|TAMS 0x00000000f4000000| PB 0x00000000f4000000| Complete |  0
|1857|0x00000000f4100000, 0x00000000f4200000, 0x00000000f4200000|100%| E|CS|TAMS 0x00000000f4100000| PB 0x00000000f4100000| Complete |  0
|1858|0x00000000f4200000, 0x00000000f4300000, 0x00000000f4300000|100%| E|CS|TAMS 0x00000000f4200000| PB 0x00000000f4200000| Complete |  0
|1859|0x00000000f4300000, 0x00000000f4400000, 0x00000000f4400000|100%| E|CS|TAMS 0x00000000f4300000| PB 0x00000000f4300000| Complete |  0
|1860|0x00000000f4400000, 0x00000000f4500000, 0x00000000f4500000|100%| E|CS|TAMS 0x00000000f4400000| PB 0x00000000f4400000| Complete |  0
|1861|0x00000000f4500000, 0x00000000f4600000, 0x00000000f4600000|100%| E|CS|TAMS 0x00000000f4500000| PB 0x00000000f4500000| Complete |  0
|1862|0x00000000f4600000, 0x00000000f4700000, 0x00000000f4700000|100%| E|CS|TAMS 0x00000000f4600000| PB 0x00000000f4600000| Complete |  0
|1863|0x00000000f4700000, 0x00000000f4800000, 0x00000000f4800000|100%| E|CS|TAMS 0x00000000f4700000| PB 0x00000000f4700000| Complete |  0
|1864|0x00000000f4800000, 0x00000000f4900000, 0x00000000f4900000|100%| E|CS|TAMS 0x00000000f4800000| PB 0x00000000f4800000| Complete |  0
|1865|0x00000000f4900000, 0x00000000f4a00000, 0x00000000f4a00000|100%| E|CS|TAMS 0x00000000f4900000| PB 0x00000000f4900000| Complete |  0
|1866|0x00000000f4a00000, 0x00000000f4b00000, 0x00000000f4b00000|100%| E|CS|TAMS 0x00000000f4a00000| PB 0x00000000f4a00000| Complete |  0
|1867|0x00000000f4b00000, 0x00000000f4c00000, 0x00000000f4c00000|100%| E|CS|TAMS 0x00000000f4b00000| PB 0x00000000f4b00000| Complete |  0
|1868|0x00000000f4c00000, 0x00000000f4d00000, 0x00000000f4d00000|100%| E|CS|TAMS 0x00000000f4c00000| PB 0x00000000f4c00000| Complete |  0
|1869|0x00000000f4d00000, 0x00000000f4e00000, 0x00000000f4e00000|100%| E|CS|TAMS 0x00000000f4d00000| PB 0x00000000f4d00000| Complete |  0
|1870|0x00000000f4e00000, 0x00000000f4f00000, 0x00000000f4f00000|100%| E|CS|TAMS 0x00000000f4e00000| PB 0x00000000f4e00000| Complete |  0
|1871|0x00000000f4f00000, 0x00000000f5000000, 0x00000000f5000000|100%| E|CS|TAMS 0x00000000f4f00000| PB 0x00000000f4f00000| Complete |  0
|1872|0x00000000f5000000, 0x00000000f5100000, 0x00000000f5100000|100%| E|CS|TAMS 0x00000000f5000000| PB 0x00000000f5000000| Complete |  0
|1873|0x00000000f5100000, 0x00000000f5200000, 0x00000000f5200000|100%| E|CS|TAMS 0x00000000f5100000| PB 0x00000000f5100000| Complete |  0
|1874|0x00000000f5200000, 0x00000000f5300000, 0x00000000f5300000|100%| E|CS|TAMS 0x00000000f5200000| PB 0x00000000f5200000| Complete |  0
|1875|0x00000000f5300000, 0x00000000f5400000, 0x00000000f5400000|100%| E|CS|TAMS 0x00000000f5300000| PB 0x00000000f5300000| Complete |  0
|1876|0x00000000f5400000, 0x00000000f5500000, 0x00000000f5500000|100%| E|CS|TAMS 0x00000000f5400000| PB 0x00000000f5400000| Complete |  0
|1877|0x00000000f5500000, 0x00000000f5600000, 0x00000000f5600000|100%| E|CS|TAMS 0x00000000f5500000| PB 0x00000000f5500000| Complete |  0
|1878|0x00000000f5600000, 0x00000000f5700000, 0x00000000f5700000|100%| E|CS|TAMS 0x00000000f5600000| PB 0x00000000f5600000| Complete |  0
|1879|0x00000000f5700000, 0x00000000f5800000, 0x00000000f5800000|100%| E|CS|TAMS 0x00000000f5700000| PB 0x00000000f5700000| Complete |  0
|1880|0x00000000f5800000, 0x00000000f5900000, 0x00000000f5900000|100%| E|CS|TAMS 0x00000000f5800000| PB 0x00000000f5800000| Complete |  0
|1881|0x00000000f5900000, 0x00000000f5a00000, 0x00000000f5a00000|100%| E|CS|TAMS 0x00000000f5900000| PB 0x00000000f5900000| Complete |  0
|1882|0x00000000f5a00000, 0x00000000f5b00000, 0x00000000f5b00000|100%| E|CS|TAMS 0x00000000f5a00000| PB 0x00000000f5a00000| Complete |  0
|1883|0x00000000f5b00000, 0x00000000f5c00000, 0x00000000f5c00000|100%| E|CS|TAMS 0x00000000f5b00000| PB 0x00000000f5b00000| Complete |  0
|1884|0x00000000f5c00000, 0x00000000f5d00000, 0x00000000f5d00000|100%| E|CS|TAMS 0x00000000f5c00000| PB 0x00000000f5c00000| Complete |  0
|1885|0x00000000f5d00000, 0x00000000f5e00000, 0x00000000f5e00000|100%| E|CS|TAMS 0x00000000f5d00000| PB 0x00000000f5d00000| Complete |  0
|1886|0x00000000f5e00000, 0x00000000f5f00000, 0x00000000f5f00000|100%| E|CS|TAMS 0x00000000f5e00000| PB 0x00000000f5e00000| Complete |  0
|1887|0x00000000f5f00000, 0x00000000f6000000, 0x00000000f6000000|100%| E|CS|TAMS 0x00000000f5f00000| PB 0x00000000f5f00000| Complete |  0
|1888|0x00000000f6000000, 0x00000000f6100000, 0x00000000f6100000|100%| E|CS|TAMS 0x00000000f6000000| PB 0x00000000f6000000| Complete |  0
|1889|0x00000000f6100000, 0x00000000f6200000, 0x00000000f6200000|100%| E|CS|TAMS 0x00000000f6100000| PB 0x00000000f6100000| Complete |  0
|1890|0x00000000f6200000, 0x00000000f6300000, 0x00000000f6300000|100%| E|CS|TAMS 0x00000000f6200000| PB 0x00000000f6200000| Complete |  0
|1891|0x00000000f6300000, 0x00000000f6400000, 0x00000000f6400000|100%| E|CS|TAMS 0x00000000f6300000| PB 0x00000000f6300000| Complete |  0
|1892|0x00000000f6400000, 0x00000000f6500000, 0x00000000f6500000|100%| E|CS|TAMS 0x00000000f6400000| PB 0x00000000f6400000| Complete |  0
|1893|0x00000000f6500000, 0x00000000f6600000, 0x00000000f6600000|100%| E|CS|TAMS 0x00000000f6500000| PB 0x00000000f6500000| Complete |  0
|1894|0x00000000f6600000, 0x00000000f6700000, 0x00000000f6700000|100%| E|CS|TAMS 0x00000000f6600000| PB 0x00000000f6600000| Complete |  0
|1895|0x00000000f6700000, 0x00000000f6800000, 0x00000000f6800000|100%| E|CS|TAMS 0x00000000f6700000| PB 0x00000000f6700000| Complete |  0
|1896|0x00000000f6800000, 0x00000000f6900000, 0x00000000f6900000|100%| E|CS|TAMS 0x00000000f6800000| PB 0x00000000f6800000| Complete |  0
|1897|0x00000000f6900000, 0x00000000f6a00000, 0x00000000f6a00000|100%| E|CS|TAMS 0x00000000f6900000| PB 0x00000000f6900000| Complete |  0
|1898|0x00000000f6a00000, 0x00000000f6b00000, 0x00000000f6b00000|100%| E|CS|TAMS 0x00000000f6a00000| PB 0x00000000f6a00000| Complete |  0
|1899|0x00000000f6b00000, 0x00000000f6c00000, 0x00000000f6c00000|100%| E|CS|TAMS 0x00000000f6b00000| PB 0x00000000f6b00000| Complete |  0
|1900|0x00000000f6c00000, 0x00000000f6d00000, 0x00000000f6d00000|100%| E|CS|TAMS 0x00000000f6c00000| PB 0x00000000f6c00000| Complete |  0
|1901|0x00000000f6d00000, 0x00000000f6e00000, 0x00000000f6e00000|100%| E|CS|TAMS 0x00000000f6d00000| PB 0x00000000f6d00000| Complete |  0
|1902|0x00000000f6e00000, 0x00000000f6f00000, 0x00000000f6f00000|100%| E|CS|TAMS 0x00000000f6e00000| PB 0x00000000f6e00000| Complete |  0
|1903|0x00000000f6f00000, 0x00000000f7000000, 0x00000000f7000000|100%| E|CS|TAMS 0x00000000f6f00000| PB 0x00000000f6f00000| Complete |  0
|1904|0x00000000f7000000, 0x00000000f7100000, 0x00000000f7100000|100%| E|CS|TAMS 0x00000000f7000000| PB 0x00000000f7000000| Complete |  0
|1905|0x00000000f7100000, 0x00000000f7200000, 0x00000000f7200000|100%| E|CS|TAMS 0x00000000f7100000| PB 0x00000000f7100000| Complete |  0
|1906|0x00000000f7200000, 0x00000000f7300000, 0x00000000f7300000|100%| E|CS|TAMS 0x00000000f7200000| PB 0x00000000f7200000| Complete |  0
|1907|0x00000000f7300000, 0x00000000f7400000, 0x00000000f7400000|100%| E|CS|TAMS 0x00000000f7300000| PB 0x00000000f7300000| Complete |  0
|1908|0x00000000f7400000, 0x00000000f7500000, 0x00000000f7500000|100%| E|CS|TAMS 0x00000000f7400000| PB 0x00000000f7400000| Complete |  0
|1909|0x00000000f7500000, 0x00000000f7600000, 0x00000000f7600000|100%| E|CS|TAMS 0x00000000f7500000| PB 0x00000000f7500000| Complete |  0
|1910|0x00000000f7600000, 0x00000000f7700000, 0x00000000f7700000|100%| E|CS|TAMS 0x00000000f7600000| PB 0x00000000f7600000| Complete |  0
|1911|0x00000000f7700000, 0x00000000f7800000, 0x00000000f7800000|100%| E|CS|TAMS 0x00000000f7700000| PB 0x00000000f7700000| Complete |  0
|1912|0x00000000f7800000, 0x00000000f7900000, 0x00000000f7900000|100%| E|CS|TAMS 0x00000000f7800000| PB 0x00000000f7800000| Complete |  0
|1913|0x00000000f7900000, 0x00000000f7a00000, 0x00000000f7a00000|100%| E|CS|TAMS 0x00000000f7900000| PB 0x00000000f7900000| Complete |  0
|1914|0x00000000f7a00000, 0x00000000f7b00000, 0x00000000f7b00000|100%| E|CS|TAMS 0x00000000f7a00000| PB 0x00000000f7a00000| Complete |  0
|1915|0x00000000f7b00000, 0x00000000f7c00000, 0x00000000f7c00000|100%| E|CS|TAMS 0x00000000f7b00000| PB 0x00000000f7b00000| Complete |  0
|1916|0x00000000f7c00000, 0x00000000f7d00000, 0x00000000f7d00000|100%| E|CS|TAMS 0x00000000f7c00000| PB 0x00000000f7c00000| Complete |  0
|1917|0x00000000f7d00000, 0x00000000f7e00000, 0x00000000f7e00000|100%| E|CS|TAMS 0x00000000f7d00000| PB 0x00000000f7d00000| Complete |  0
|1918|0x00000000f7e00000, 0x00000000f7f00000, 0x00000000f7f00000|100%| E|CS|TAMS 0x00000000f7e00000| PB 0x00000000f7e00000| Complete |  0
|1919|0x00000000f7f00000, 0x00000000f8000000, 0x00000000f8000000|100%| E|CS|TAMS 0x00000000f7f00000| PB 0x00000000f7f00000| Complete |  0
|1920|0x00000000f8000000, 0x00000000f8100000, 0x00000000f8100000|100%| E|CS|TAMS 0x00000000f8000000| PB 0x00000000f8000000| Complete |  0
|1921|0x00000000f8100000, 0x00000000f8200000, 0x00000000f8200000|100%| E|CS|TAMS 0x00000000f8100000| PB 0x00000000f8100000| Complete |  0
|1922|0x00000000f8200000, 0x00000000f8300000, 0x00000000f8300000|100%| E|CS|TAMS 0x00000000f8200000| PB 0x00000000f8200000| Complete |  0
|1923|0x00000000f8300000, 0x00000000f8400000, 0x00000000f8400000|100%| E|CS|TAMS 0x00000000f8300000| PB 0x00000000f8300000| Complete |  0
|1924|0x00000000f8400000, 0x00000000f8500000, 0x00000000f8500000|100%| E|CS|TAMS 0x00000000f8400000| PB 0x00000000f8400000| Complete |  0
|1925|0x00000000f8500000, 0x00000000f8600000, 0x00000000f8600000|100%| E|CS|TAMS 0x00000000f8500000| PB 0x00000000f8500000| Complete |  0
|1926|0x00000000f8600000, 0x00000000f8700000, 0x00000000f8700000|100%| E|CS|TAMS 0x00000000f8600000| PB 0x00000000f8600000| Complete |  0
|1927|0x00000000f8700000, 0x00000000f8800000, 0x00000000f8800000|100%| E|CS|TAMS 0x00000000f8700000| PB 0x00000000f8700000| Complete |  0
|1928|0x00000000f8800000, 0x00000000f8900000, 0x00000000f8900000|100%| E|CS|TAMS 0x00000000f8800000| PB 0x00000000f8800000| Complete |  0
|1929|0x00000000f8900000, 0x00000000f8a00000, 0x00000000f8a00000|100%| E|CS|TAMS 0x00000000f8900000| PB 0x00000000f8900000| Complete |  0
|1930|0x00000000f8a00000, 0x00000000f8b00000, 0x00000000f8b00000|100%| E|CS|TAMS 0x00000000f8a00000| PB 0x00000000f8a00000| Complete |  0
|1931|0x00000000f8b00000, 0x00000000f8c00000, 0x00000000f8c00000|100%| E|CS|TAMS 0x00000000f8b00000| PB 0x00000000f8b00000| Complete |  0
|1932|0x00000000f8c00000, 0x00000000f8d00000, 0x00000000f8d00000|100%| E|CS|TAMS 0x00000000f8c00000| PB 0x00000000f8c00000| Complete |  0
|1933|0x00000000f8d00000, 0x00000000f8e00000, 0x00000000f8e00000|100%| E|CS|TAMS 0x00000000f8d00000| PB 0x00000000f8d00000| Complete |  0
|1934|0x00000000f8e00000, 0x00000000f8f00000, 0x00000000f8f00000|100%| E|CS|TAMS 0x00000000f8e00000| PB 0x00000000f8e00000| Complete |  0
|1935|0x00000000f8f00000, 0x00000000f9000000, 0x00000000f9000000|100%| E|CS|TAMS 0x00000000f8f00000| PB 0x00000000f8f00000| Complete |  0
|1936|0x00000000f9000000, 0x00000000f9100000, 0x00000000f9100000|100%| E|CS|TAMS 0x00000000f9000000| PB 0x00000000f9000000| Complete |  0
|1937|0x00000000f9100000, 0x00000000f9200000, 0x00000000f9200000|100%| E|CS|TAMS 0x00000000f9100000| PB 0x00000000f9100000| Complete |  0
|1938|0x00000000f9200000, 0x00000000f9300000, 0x00000000f9300000|100%| E|CS|TAMS 0x00000000f9200000| PB 0x00000000f9200000| Complete |  0
|1939|0x00000000f9300000, 0x00000000f9400000, 0x00000000f9400000|100%| E|CS|TAMS 0x00000000f9300000| PB 0x00000000f9300000| Complete |  0
|1940|0x00000000f9400000, 0x00000000f9500000, 0x00000000f9500000|100%| E|CS|TAMS 0x00000000f9400000| PB 0x00000000f9400000| Complete |  0
|1941|0x00000000f9500000, 0x00000000f9600000, 0x00000000f9600000|100%| E|CS|TAMS 0x00000000f9500000| PB 0x00000000f9500000| Complete |  0
|1942|0x00000000f9600000, 0x00000000f9700000, 0x00000000f9700000|100%| E|CS|TAMS 0x00000000f9600000| PB 0x00000000f9600000| Complete |  0
|1943|0x00000000f9700000, 0x00000000f9800000, 0x00000000f9800000|100%| E|CS|TAMS 0x00000000f9700000| PB 0x00000000f9700000| Complete |  0
|1944|0x00000000f9800000, 0x00000000f9900000, 0x00000000f9900000|100%| E|CS|TAMS 0x00000000f9800000| PB 0x00000000f9800000| Complete |  0
|1945|0x00000000f9900000, 0x00000000f9a00000, 0x00000000f9a00000|100%| E|CS|TAMS 0x00000000f9900000| PB 0x00000000f9900000| Complete |  0
|1946|0x00000000f9a00000, 0x00000000f9b00000, 0x00000000f9b00000|100%| E|CS|TAMS 0x00000000f9a00000| PB 0x00000000f9a00000| Complete |  0
|1947|0x00000000f9b00000, 0x00000000f9c00000, 0x00000000f9c00000|100%| E|CS|TAMS 0x00000000f9b00000| PB 0x00000000f9b00000| Complete |  0
|1948|0x00000000f9c00000, 0x00000000f9d00000, 0x00000000f9d00000|100%| E|CS|TAMS 0x00000000f9c00000| PB 0x00000000f9c00000| Complete |  0
|1949|0x00000000f9d00000, 0x00000000f9e00000, 0x00000000f9e00000|100%| E|CS|TAMS 0x00000000f9d00000| PB 0x00000000f9d00000| Complete |  0
|1950|0x00000000f9e00000, 0x00000000f9f00000, 0x00000000f9f00000|100%| E|CS|TAMS 0x00000000f9e00000| PB 0x00000000f9e00000| Complete |  0
|1951|0x00000000f9f00000, 0x00000000fa000000, 0x00000000fa000000|100%| E|CS|TAMS 0x00000000f9f00000| PB 0x00000000f9f00000| Complete |  0
|1952|0x00000000fa000000, 0x00000000fa100000, 0x00000000fa100000|100%| E|CS|TAMS 0x00000000fa000000| PB 0x00000000fa000000| Complete |  0
|1953|0x00000000fa100000, 0x00000000fa200000, 0x00000000fa200000|100%| E|CS|TAMS 0x00000000fa100000| PB 0x00000000fa100000| Complete |  0
|1954|0x00000000fa200000, 0x00000000fa300000, 0x00000000fa300000|100%| E|CS|TAMS 0x00000000fa200000| PB 0x00000000fa200000| Complete |  0
|1955|0x00000000fa300000, 0x00000000fa400000, 0x00000000fa400000|100%| E|CS|TAMS 0x00000000fa300000| PB 0x00000000fa300000| Complete |  0
|1956|0x00000000fa400000, 0x00000000fa500000, 0x00000000fa500000|100%| E|CS|TAMS 0x00000000fa400000| PB 0x00000000fa400000| Complete |  0
|1957|0x00000000fa500000, 0x00000000fa600000, 0x00000000fa600000|100%| E|CS|TAMS 0x00000000fa500000| PB 0x00000000fa500000| Complete |  0
|1958|0x00000000fa600000, 0x00000000fa700000, 0x00000000fa700000|100%| E|CS|TAMS 0x00000000fa600000| PB 0x00000000fa600000| Complete |  0
|1959|0x00000000fa700000, 0x00000000fa800000, 0x00000000fa800000|100%| E|CS|TAMS 0x00000000fa700000| PB 0x00000000fa700000| Complete |  0
|1960|0x00000000fa800000, 0x00000000fa900000, 0x00000000fa900000|100%| E|CS|TAMS 0x00000000fa800000| PB 0x00000000fa800000| Complete |  0
|1961|0x00000000fa900000, 0x00000000faa00000, 0x00000000faa00000|100%| E|CS|TAMS 0x00000000fa900000| PB 0x00000000fa900000| Complete |  0
|1962|0x00000000faa00000, 0x00000000fab00000, 0x00000000fab00000|100%| E|CS|TAMS 0x00000000faa00000| PB 0x00000000faa00000| Complete |  0
|1963|0x00000000fab00000, 0x00000000fac00000, 0x00000000fac00000|100%| E|CS|TAMS 0x00000000fab00000| PB 0x00000000fab00000| Complete |  0
|1964|0x00000000fac00000, 0x00000000fad00000, 0x00000000fad00000|100%| E|CS|TAMS 0x00000000fac00000| PB 0x00000000fac00000| Complete |  0
|1965|0x00000000fad00000, 0x00000000fae00000, 0x00000000fae00000|100%| E|CS|TAMS 0x00000000fad00000| PB 0x00000000fad00000| Complete |  0
|1966|0x00000000fae00000, 0x00000000faf00000, 0x00000000faf00000|100%| E|CS|TAMS 0x00000000fae00000| PB 0x00000000fae00000| Complete |  0
|1967|0x00000000faf00000, 0x00000000fb000000, 0x00000000fb000000|100%| E|CS|TAMS 0x00000000faf00000| PB 0x00000000faf00000| Complete |  0
|1968|0x00000000fb000000, 0x00000000fb100000, 0x00000000fb100000|100%| E|CS|TAMS 0x00000000fb000000| PB 0x00000000fb000000| Complete |  0
|1969|0x00000000fb100000, 0x00000000fb200000, 0x00000000fb200000|100%| E|CS|TAMS 0x00000000fb100000| PB 0x00000000fb100000| Complete |  0
|1970|0x00000000fb200000, 0x00000000fb300000, 0x00000000fb300000|100%| E|CS|TAMS 0x00000000fb200000| PB 0x00000000fb200000| Complete |  0
|1971|0x00000000fb300000, 0x00000000fb400000, 0x00000000fb400000|100%| E|CS|TAMS 0x00000000fb300000| PB 0x00000000fb300000| Complete |  0
|1972|0x00000000fb400000, 0x00000000fb500000, 0x00000000fb500000|100%| E|CS|TAMS 0x00000000fb400000| PB 0x00000000fb400000| Complete |  0
|1973|0x00000000fb500000, 0x00000000fb600000, 0x00000000fb600000|100%| E|CS|TAMS 0x00000000fb500000| PB 0x00000000fb500000| Complete |  0
|1974|0x00000000fb600000, 0x00000000fb700000, 0x00000000fb700000|100%| E|CS|TAMS 0x00000000fb600000| PB 0x00000000fb600000| Complete |  0
|1975|0x00000000fb700000, 0x00000000fb800000, 0x00000000fb800000|100%| E|CS|TAMS 0x00000000fb700000| PB 0x00000000fb700000| Complete |  0
|1976|0x00000000fb800000, 0x00000000fb900000, 0x00000000fb900000|100%| E|CS|TAMS 0x00000000fb800000| PB 0x00000000fb800000| Complete |  0
|1977|0x00000000fb900000, 0x00000000fba00000, 0x00000000fba00000|100%| E|CS|TAMS 0x00000000fb900000| PB 0x00000000fb900000| Complete |  0
|1978|0x00000000fba00000, 0x00000000fbb00000, 0x00000000fbb00000|100%| E|CS|TAMS 0x00000000fba00000| PB 0x00000000fba00000| Complete |  0
|1979|0x00000000fbb00000, 0x00000000fbc00000, 0x00000000fbc00000|100%| E|CS|TAMS 0x00000000fbb00000| PB 0x00000000fbb00000| Complete |  0
|1980|0x00000000fbc00000, 0x00000000fbd00000, 0x00000000fbd00000|100%| E|CS|TAMS 0x00000000fbc00000| PB 0x00000000fbc00000| Complete |  0
|1981|0x00000000fbd00000, 0x00000000fbe00000, 0x00000000fbe00000|100%| E|CS|TAMS 0x00000000fbd00000| PB 0x00000000fbd00000| Complete |  0
|1982|0x00000000fbe00000, 0x00000000fbf00000, 0x00000000fbf00000|100%| E|CS|TAMS 0x00000000fbe00000| PB 0x00000000fbe00000| Complete |  0
|1983|0x00000000fbf00000, 0x00000000fc000000, 0x00000000fc000000|100%| E|CS|TAMS 0x00000000fbf00000| PB 0x00000000fbf00000| Complete |  0
|1984|0x00000000fc000000, 0x00000000fc100000, 0x00000000fc100000|100%| E|CS|TAMS 0x00000000fc000000| PB 0x00000000fc000000| Complete |  0
|1985|0x00000000fc100000, 0x00000000fc200000, 0x00000000fc200000|100%| E|CS|TAMS 0x00000000fc100000| PB 0x00000000fc100000| Complete |  0
|1986|0x00000000fc200000, 0x00000000fc300000, 0x00000000fc300000|100%| E|CS|TAMS 0x00000000fc200000| PB 0x00000000fc200000| Complete |  0
|1987|0x00000000fc300000, 0x00000000fc400000, 0x00000000fc400000|100%| E|CS|TAMS 0x00000000fc300000| PB 0x00000000fc300000| Complete |  0
|1988|0x00000000fc400000, 0x00000000fc500000, 0x00000000fc500000|100%| E|CS|TAMS 0x00000000fc400000| PB 0x00000000fc400000| Complete |  0
|1989|0x00000000fc500000, 0x00000000fc600000, 0x00000000fc600000|100%| E|CS|TAMS 0x00000000fc500000| PB 0x00000000fc500000| Complete |  0
|1990|0x00000000fc600000, 0x00000000fc700000, 0x00000000fc700000|100%| E|CS|TAMS 0x00000000fc600000| PB 0x00000000fc600000| Complete |  0
|1991|0x00000000fc700000, 0x00000000fc800000, 0x00000000fc800000|100%| E|CS|TAMS 0x00000000fc700000| PB 0x00000000fc700000| Complete |  0
|1992|0x00000000fc800000, 0x00000000fc900000, 0x00000000fc900000|100%| E|CS|TAMS 0x00000000fc800000| PB 0x00000000fc800000| Complete |  0
|1993|0x00000000fc900000, 0x00000000fca00000, 0x00000000fca00000|100%| E|CS|TAMS 0x00000000fc900000| PB 0x00000000fc900000| Complete |  0
|1994|0x00000000fca00000, 0x00000000fcb00000, 0x00000000fcb00000|100%| E|CS|TAMS 0x00000000fca00000| PB 0x00000000fca00000| Complete |  0
|1995|0x00000000fcb00000, 0x00000000fcc00000, 0x00000000fcc00000|100%| E|CS|TAMS 0x00000000fcb00000| PB 0x00000000fcb00000| Complete |  0
|1996|0x00000000fcc00000, 0x00000000fcd00000, 0x00000000fcd00000|100%| E|CS|TAMS 0x00000000fcc00000| PB 0x00000000fcc00000| Complete |  0
|1997|0x00000000fcd00000, 0x00000000fce00000, 0x00000000fce00000|100%| E|CS|TAMS 0x00000000fcd00000| PB 0x00000000fcd00000| Complete |  0
|1998|0x00000000fce00000, 0x00000000fcf00000, 0x00000000fcf00000|100%| E|CS|TAMS 0x00000000fce00000| PB 0x00000000fce00000| Complete |  0
|1999|0x00000000fcf00000, 0x00000000fd000000, 0x00000000fd000000|100%| E|CS|TAMS 0x00000000fcf00000| PB 0x00000000fcf00000| Complete |  0
|2000|0x00000000fd000000, 0x00000000fd100000, 0x00000000fd100000|100%| E|CS|TAMS 0x00000000fd000000| PB 0x00000000fd000000| Complete |  0
|2001|0x00000000fd100000, 0x00000000fd200000, 0x00000000fd200000|100%| E|CS|TAMS 0x00000000fd100000| PB 0x00000000fd100000| Complete |  0
|2002|0x00000000fd200000, 0x00000000fd300000, 0x00000000fd300000|100%| E|CS|TAMS 0x00000000fd200000| PB 0x00000000fd200000| Complete |  0
|2003|0x00000000fd300000, 0x00000000fd400000, 0x00000000fd400000|100%| E|CS|TAMS 0x00000000fd300000| PB 0x00000000fd300000| Complete |  0
|2004|0x00000000fd400000, 0x00000000fd500000, 0x00000000fd500000|100%| E|CS|TAMS 0x00000000fd400000| PB 0x00000000fd400000| Complete |  0
|2005|0x00000000fd500000, 0x00000000fd600000, 0x00000000fd600000|100%| E|CS|TAMS 0x00000000fd500000| PB 0x00000000fd500000| Complete |  0
|2006|0x00000000fd600000, 0x00000000fd700000, 0x00000000fd700000|100%| E|CS|TAMS 0x00000000fd600000| PB 0x00000000fd600000| Complete |  0
|2007|0x00000000fd700000, 0x00000000fd800000, 0x00000000fd800000|100%| E|CS|TAMS 0x00000000fd700000| PB 0x00000000fd700000| Complete |  0
|2008|0x00000000fd800000, 0x00000000fd900000, 0x00000000fd900000|100%| E|CS|TAMS 0x00000000fd800000| PB 0x00000000fd800000| Complete |  0
|2009|0x00000000fd900000, 0x00000000fda00000, 0x00000000fda00000|100%| E|CS|TAMS 0x00000000fd900000| PB 0x00000000fd900000| Complete |  0
|2010|0x00000000fda00000, 0x00000000fdb00000, 0x00000000fdb00000|100%| E|CS|TAMS 0x00000000fda00000| PB 0x00000000fda00000| Complete |  0
|2011|0x00000000fdb00000, 0x00000000fdc00000, 0x00000000fdc00000|100%| E|CS|TAMS 0x00000000fdb00000| PB 0x00000000fdb00000| Complete |  0
|2012|0x00000000fdc00000, 0x00000000fdd00000, 0x00000000fdd00000|100%| E|CS|TAMS 0x00000000fdc00000| PB 0x00000000fdc00000| Complete |  0
|2013|0x00000000fdd00000, 0x00000000fde00000, 0x00000000fde00000|100%| E|CS|TAMS 0x00000000fdd00000| PB 0x00000000fdd00000| Complete |  0
|2014|0x00000000fde00000, 0x00000000fdf00000, 0x00000000fdf00000|100%| E|CS|TAMS 0x00000000fde00000| PB 0x00000000fde00000| Complete |  0
|2015|0x00000000fdf00000, 0x00000000fe000000, 0x00000000fe000000|100%| E|CS|TAMS 0x00000000fdf00000| PB 0x00000000fdf00000| Complete |  0
|2016|0x00000000fe000000, 0x00000000fe100000, 0x00000000fe100000|100%| E|CS|TAMS 0x00000000fe000000| PB 0x00000000fe000000| Complete |  0
|2017|0x00000000fe100000, 0x00000000fe200000, 0x00000000fe200000|100%| E|CS|TAMS 0x00000000fe100000| PB 0x00000000fe100000| Complete |  0
|2018|0x00000000fe200000, 0x00000000fe300000, 0x00000000fe300000|100%| E|CS|TAMS 0x00000000fe200000| PB 0x00000000fe200000| Complete |  0
|2019|0x00000000fe300000, 0x00000000fe400000, 0x00000000fe400000|100%| E|CS|TAMS 0x00000000fe300000| PB 0x00000000fe300000| Complete |  0
|2020|0x00000000fe400000, 0x00000000fe500000, 0x00000000fe500000|100%| E|CS|TAMS 0x00000000fe400000| PB 0x00000000fe400000| Complete |  0
|2021|0x00000000fe500000, 0x00000000fe600000, 0x00000000fe600000|100%| E|CS|TAMS 0x00000000fe500000| PB 0x00000000fe500000| Complete |  1
|2022|0x00000000fe600000, 0x00000000fe700000, 0x00000000fe700000|100%| E|CS|TAMS 0x00000000fe600000| PB 0x00000000fe600000| Complete |  0
|2023|0x00000000fe700000, 0x00000000fe800000, 0x00000000fe800000|100%| E|CS|TAMS 0x00000000fe700000| PB 0x00000000fe700000| Complete |  0
|2024|0x00000000fe800000, 0x00000000fe900000, 0x00000000fe900000|100%| E|CS|TAMS 0x00000000fe800000| PB 0x00000000fe800000| Complete |  0
|2025|0x00000000fe900000, 0x00000000fea00000, 0x00000000fea00000|100%| E|CS|TAMS 0x00000000fe900000| PB 0x00000000fe900000| Complete |  0
|2026|0x00000000fea00000, 0x00000000feb00000, 0x00000000feb00000|100%| E|CS|TAMS 0x00000000fea00000| PB 0x00000000fea00000| Complete |  0
|2027|0x00000000feb00000, 0x00000000fec00000, 0x00000000fec00000|100%| E|CS|TAMS 0x00000000feb00000| PB 0x00000000feb00000| Complete |  0
|2028|0x00000000fec00000, 0x00000000fed00000, 0x00000000fed00000|100%| E|CS|TAMS 0x00000000fec00000| PB 0x00000000fec00000| Complete |  0
|2029|0x00000000fed00000, 0x00000000fee00000, 0x00000000fee00000|100%| E|CS|TAMS 0x00000000fed00000| PB 0x00000000fed00000| Complete |  0
|2030|0x00000000fee00000, 0x00000000fef00000, 0x00000000fef00000|100%| E|CS|TAMS 0x00000000fee00000| PB 0x00000000fee00000| Complete |  0
|2031|0x00000000fef00000, 0x00000000ff000000, 0x00000000ff000000|100%| E|CS|TAMS 0x00000000fef00000| PB 0x00000000fef00000| Complete |  0
|2032|0x00000000ff000000, 0x00000000ff100000, 0x00000000ff100000|100%| E|CS|TAMS 0x00000000ff000000| PB 0x00000000ff000000| Complete |  0
|2033|0x00000000ff100000, 0x00000000ff200000, 0x00000000ff200000|100%| E|CS|TAMS 0x00000000ff100000| PB 0x00000000ff100000| Complete |  0
|2034|0x00000000ff200000, 0x00000000ff300000, 0x00000000ff300000|100%| E|CS|TAMS 0x00000000ff200000| PB 0x00000000ff200000| Complete |  0
|2035|0x00000000ff300000, 0x00000000ff400000, 0x00000000ff400000|100%| E|CS|TAMS 0x00000000ff300000| PB 0x00000000ff300000| Complete |  0
|2036|0x00000000ff400000, 0x00000000ff500000, 0x00000000ff500000|100%| E|CS|TAMS 0x00000000ff400000| PB 0x00000000ff400000| Complete |  0
|2037|0x00000000ff500000, 0x00000000ff600000, 0x00000000ff600000|100%| E|CS|TAMS 0x00000000ff500000| PB 0x00000000ff500000| Complete |  0
|2038|0x00000000ff600000, 0x00000000ff700000, 0x00000000ff700000|100%| E|CS|TAMS 0x00000000ff600000| PB 0x00000000ff600000| Complete |  1
|2039|0x00000000ff700000, 0x00000000ff800000, 0x00000000ff800000|100%| E|CS|TAMS 0x00000000ff700000| PB 0x00000000ff700000| Complete |  0
|2040|0x00000000ff800000, 0x00000000ff900000, 0x00000000ff900000|100%| E|CS|TAMS 0x00000000ff800000| PB 0x00000000ff800000| Complete |  0
|2041|0x00000000ff900000, 0x00000000ffa00000, 0x00000000ffa00000|100%| E|CS|TAMS 0x00000000ff900000| PB 0x00000000ff900000| Complete |  0
|2042|0x00000000ffa00000, 0x00000000ffb00000, 0x00000000ffb00000|100%| E|CS|TAMS 0x00000000ffa00000| PB 0x00000000ffa00000| Complete |  0
|2043|0x00000000ffb00000, 0x00000000ffc00000, 0x00000000ffc00000|100%| E|CS|TAMS 0x00000000ffb00000| PB 0x00000000ffb00000| Complete |  0
|2044|0x00000000ffc00000, 0x00000000ffd00000, 0x00000000ffd00000|100%| E|CS|TAMS 0x00000000ffc00000| PB 0x00000000ffc00000| Complete |  0
|2045|0x00000000ffd00000, 0x00000000ffe00000, 0x00000000ffe00000|100%| E|CS|TAMS 0x00000000ffd00000| PB 0x00000000ffd00000| Complete |  0
|2046|0x00000000ffe00000, 0x00000000fff00000, 0x00000000fff00000|100%| O|  |TAMS 0x00000000ffe00000| PB 0x00000000ffe00000| Untracked |  0
|2047|0x00000000fff00000, 0x0000000100000000, 0x0000000100000000|100%| E|CS|TAMS 0x00000000fff00000| PB 0x00000000fff00000| Complete |  0

Card table byte_map: [0x00000250c4d60000,0x00000250c5160000] _byte_map_base: 0x00000250c4960000

Marking Bits: (CMBitMap*) 0x00000250b0726820
 Bits: [0x00000250c5160000, 0x00000250c7160000)

Polling page: 0x00000250ae430000

Metaspace:
Metaspace        used 324049K, committed 326592K, reserved 1376256K
 class space     used 42519K, committed 43712K, reserved 1048576K

Usage:
  Non-class:    274.93 MB used.
      Class:     41.52 MB used.
       Both:    316.45 MB used.

Virtual space:
  Non-class space:      320.00 MB reserved,     276.25 MB ( 86%) committed,  5 nodes.
      Class space:        1.00 GB reserved,      42.69 MB (  4%) committed,  1 nodes.
             Both:        1.31 GB reserved,     318.94 MB ( 24%) committed. 

Chunk freelists:
   Non-Class:  11.39 MB
       Class:  5.31 MB
        Both:  16.70 MB

MaxMetaspaceSize: unlimited
CompressedClassSpaceSize: 1.00 GB
Initial GC threshold: 21.00 MB
Current GC threshold: 519.19 MB
CDS: on
 - commit_granule_bytes: 65536.
 - commit_granule_words: 8192.
 - virtual_space_node_default_size: 8388608.
 - enlarge_chunks_in_place: 1.
UseCompressedClassPointers 1, UseCompactObjectHeaders 0
Narrow klass pointer bits 32, Max shift 3
Narrow klass base: 0x0000000009000000, Narrow klass shift: 0
Encoding Range: [0x0000000009000000 - 0x0000000109000000), (4294967296 bytes)
Klass Range:    [0x0000000009010000 - 0x000000004b000000), (1107230720 bytes)
Klass ID Range:  [65536 - 1107296249) (1107230713)
Protection zone: [0x0000000009000000 - 0x0000000009010000), (65536 bytes)


Internal statistics:

num_allocs_failed_limit: 6.
num_arena_births: 9714.
num_arena_deaths: 5110.
num_vsnodes_births: 6.
num_vsnodes_deaths: 0.
num_space_committed: 6101.
num_space_uncommitted: 377.
num_chunks_returned_to_freelist: 10119.
num_chunks_taken_from_freelist: 29848.
num_chunk_merges: 2983.
num_chunk_splits: 18661.
num_chunks_enlarged: 13372.
num_inconsistent_stats: 0.

CodeHeap 'non-profiled nmethods': size=119168Kb used=27631Kb max_used=43607Kb free=91536Kb
 bounds [0x00000250bcb60000, 0x00000250bf600000, 0x00000250c3fc0000]
CodeHeap 'profiled nmethods': size=119168Kb used=27861Kb max_used=78874Kb free=91306Kb
 bounds [0x00000250b4fb0000, 0x00000250b9cc0000, 0x00000250bc410000]
CodeHeap 'non-nmethods': size=7488Kb used=3378Kb max_used=5295Kb free=4109Kb
 bounds [0x00000250bc410000, 0x00000250bc950000, 0x00000250bcb60000]
CodeCache: size=245824Kb, used=58870Kb, max_used=127776Kb, free=186951Kb
 total_blobs=27523, nmethods=25951, adapters=1471, full_count=0
Compilation: enabled, stopped_count=0, restarted_count=0

Compilation events (20 events):
Event: 8850.879 Thread 0x00000250c9a5eca0 nmethod 275141 0x00000250bdbdf408 code [0x00000250bdbdf500, 0x00000250bdbdf5c8]
Event: 8850.944 Thread 0x00000250c9a5eca0 275143       3       kotlinx.coroutines.DebugKt::getASSERTIONS_ENABLED (4 bytes)
Event: 8850.944 Thread 0x00000250c9a5d760 275142       4       kotlin.Result::constructor-impl (2 bytes)
Event: 8850.950 Thread 0x00000250c9a5eca0 nmethod 275143 0x00000250b6b55c08 code [0x00000250b6b55d00, 0x00000250b6b55df0]
Event: 8850.983 Thread 0x00000250c9a5d760 nmethod 275142 0x00000250bdbdf108 code [0x00000250bdbdf200, 0x00000250bdbdf268]
Event: 8852.360 Thread 0x00000250c9a5eca0 275144       3       kotlin.coroutines.CoroutineContext$Element$DefaultImpls::get (31 bytes)
Event: 8852.406 Thread 0x00000250c9a5eca0 nmethod 275144 0x00000250b789cc08 code [0x00000250b789cd00, 0x00000250b789da08]
Event: 8852.958 Thread 0x00000250c9a5d760 275145       4       java.util.concurrent.locks.AbstractQueuedSynchronizer::releaseShared (19 bytes)
Event: 8852.958 Thread 0x00000250c9a5eca0 275147       1       com.android.tools.utp.plugins.host.logcat.AndroidTestLogcatPlugin::access$getCrashHappened$p (5 bytes)
Event: 8852.961 Thread 0x00000250c9a5eca0 nmethod 275147 0x00000250bdbdee08 code [0x00000250bdbdef00, 0x00000250bdbdefa8]
Event: 8852.965 Thread 0x00000250c9a5eca0 275149       1       com.android.tools.utp.plugins.host.logcat.AndroidTestLogcatPlugin::access$getLogcatCounter$p (5 bytes)
Event: 8852.972 Thread 0x00000250c9a5eca0 nmethod 275149 0x00000250bdbdeb08 code [0x00000250bdbdec00, 0x00000250bdbdeca8]
Event: 8852.972 Thread 0x00000250c9a5eca0 275150       1       com.android.tools.utp.plugins.host.logcat.AndroidTestLogcatPlugin::access$getCrashLogcatStartMatcher$p (5 bytes)
Event: 8852.973 Thread 0x00000250c9a5eca0 nmethod 275150 0x00000250bdbde808 code [0x00000250bdbde900, 0x00000250bdbde9a8]
Event: 8852.977 Thread 0x00000250c9a5eca0 275151       3       com.android.tools.utp.plugins.host.logcat.AndroidTestLogcatPlugin$startLogcatAsync$1::invoke (12 bytes)
Event: 8852.983 Thread 0x00000250c9a5eca0 nmethod 275151 0x00000250b789c808 code [0x00000250b789c900, 0x00000250b789cb88]
Event: 8852.983 Thread 0x00000250c9a5eca0 275152   !   3       com.android.tools.utp.plugins.host.logcat.AndroidTestLogcatPlugin$startLogcatAsync$1::invoke (568 bytes)
Event: 8853.097 Thread 0x00000250c9a5d760 nmethod 275145 0x00000250be245788 code [0x00000250be245880, 0x00000250be245b08]
Event: 8853.097 Thread 0x00000250c9a5d760 275148       4       kotlin.text.Regex::matches (18 bytes)
Event: 8853.468 Thread 0x00000250c9a5eca0 nmethod 275152 0x00000250b8a42408 code [0x00000250b8a42500, 0x00000250b8a4af10]

GC Heap Usage History (20 events):
Event: 8759.614 {heap Before GC invocations=295 (full 1):
 garbage-first heap   total reserved 2097152K, committed 1930240K, used 1688859K [0x0000000080000000, 0x0000000100000000)
  region size 1024K, 514 young (526336K), 5 survivors (5120K)
}
Event: 8759.634 {heap After GC invocations=296 (full 1):
 garbage-first heap   total reserved 2097152K, committed 1930240K, used 1125953K [0x0000000080000000, 0x0000000100000000)
  region size 1024K, 39 young (39936K), 39 survivors (39936K)
}
Event: 8761.876 {heap Before GC invocations=296 (full 1):
 garbage-first heap   total reserved 2097152K, committed 1930240K, used 1763905K [0x0000000080000000, 0x0000000100000000)
  region size 1024K, 641 young (656384K), 39 survivors (39936K)
}
Event: 8761.953 {heap After GC invocations=297 (full 1):
 garbage-first heap   total reserved 2097152K, committed 1930240K, used 1002666K [0x0000000080000000, 0x0000000100000000)
  region size 1024K, 40 young (40960K), 40 survivors (40960K)
}
Event: 8763.848 {heap Before GC invocations=297 (full 1):
 garbage-first heap   total reserved 2097152K, committed 1930240K, used 1738922K [0x0000000080000000, 0x0000000100000000)
  region size 1024K, 749 young (766976K), 40 survivors (40960K)
}
Event: 8763.943 {heap After GC invocations=298 (full 1):
 garbage-first heap   total reserved 2097152K, committed 1930240K, used 1036059K [0x0000000080000000, 0x0000000100000000)
  region size 1024K, 94 young (96256K), 94 survivors (96256K)
}
Event: 8764.464 {heap Before GC invocations=298 (full 1):
 garbage-first heap   total reserved 2097152K, committed 1930240K, used 1728283K [0x0000000080000000, 0x0000000100000000)
  region size 1024K, 770 young (788480K), 94 survivors (96256K)
}
Event: 8764.505 {heap After GC invocations=299 (full 1):
 garbage-first heap   total reserved 2097152K, committed 1930240K, used 1055003K [0x0000000080000000, 0x0000000100000000)
  region size 1024K, 23 young (23552K), 23 survivors (23552K)
}
Event: 8765.036 {heap Before GC invocations=299 (full 1):
 garbage-first heap   total reserved 2097152K, committed 1930240K, used 1755419K [0x0000000080000000, 0x0000000100000000)
  region size 1024K, 708 young (724992K), 23 survivors (23552K)
}
Event: 8765.053 {heap After GC invocations=300 (full 1):
 garbage-first heap   total reserved 2097152K, committed 1930240K, used 1062171K [0x0000000080000000, 0x0000000100000000)
  region size 1024K, 30 young (30720K), 30 survivors (30720K)
}
Event: 8765.620 {heap Before GC invocations=301 (full 1):
 garbage-first heap   total reserved 2097152K, committed 1930240K, used 1565979K [0x0000000080000000, 0x0000000100000000)
  region size 1024K, 733 young (750592K), 30 survivors (30720K)
}
Event: 8765.632 {heap After GC invocations=302 (full 1):
 garbage-first heap   total reserved 2097152K, committed 1930240K, used 845595K [0x0000000080000000, 0x0000000100000000)
  region size 1024K, 28 young (28672K), 28 survivors (28672K)
}
Event: 8766.540 {heap Before GC invocations=302 (full 1):
 garbage-first heap   total reserved 2097152K, committed 1930240K, used 1756955K [0x0000000080000000, 0x0000000100000000)
  region size 1024K, 919 young (941056K), 28 survivors (28672K)
}
Event: 8766.586 {heap After GC invocations=303 (full 1):
 garbage-first heap   total reserved 2097152K, committed 1930240K, used 673623K [0x0000000080000000, 0x0000000100000000)
  region size 1024K, 38 young (38912K), 38 survivors (38912K)
}
Event: 8767.568 {heap Before GC invocations=303 (full 1):
 garbage-first heap   total reserved 2097152K, committed 1930240K, used 1791831K [0x0000000080000000, 0x0000000100000000)
  region size 1024K, 1131 young (1158144K), 38 survivors (38912K)
}
Event: 8767.616 {heap After GC invocations=304 (full 1):
 garbage-first heap   total reserved 2097152K, committed 1930240K, used 617243K [0x0000000080000000, 0x0000000100000000)
  region size 1024K, 53 young (54272K), 53 survivors (54272K)
}
Event: 8768.829 {heap Before GC invocations=304 (full 1):
 garbage-first heap   total reserved 2097152K, committed 1930240K, used 1720091K [0x0000000080000000, 0x0000000100000000)
  region size 1024K, 1131 young (1158144K), 53 survivors (54272K)
}
Event: 8768.852 {heap After GC invocations=305 (full 1):
 garbage-first heap   total reserved 2097152K, committed 1930240K, used 615195K [0x0000000080000000, 0x0000000100000000)
  region size 1024K, 53 young (54272K), 53 survivors (54272K)
}
Event: 8775.999 {heap Before GC invocations=306 (full 1):
 garbage-first heap   total reserved 2097152K, committed 1930240K, used 1730331K [0x0000000080000000, 0x0000000100000000)
  region size 1024K, 1131 young (1158144K), 53 survivors (54272K)
}
Event: 8776.025 {heap After GC invocations=307 (full 1):
 garbage-first heap   total reserved 2097152K, committed 1930240K, used 584475K [0x0000000080000000, 0x0000000100000000)
  region size 1024K, 51 young (52224K), 51 survivors (52224K)
}

Metaspace Usage History (20 events):
Event: 8759.614 {metaspace Before GC invocations=295 (full 1):
 Metaspace       used 310633K, committed 313408K, reserved 1376256K
  class space    used 40957K, committed 42432K, reserved 1048576K
}
Event: 8759.634 {metaspace After GC invocations=296 (full 1):
 Metaspace       used 310633K, committed 313408K, reserved 1376256K
  class space    used 40957K, committed 42432K, reserved 1048576K
}
Event: 8761.876 {metaspace Before GC invocations=296 (full 1):
 Metaspace       used 311112K, committed 313792K, reserved 1376256K
  class space    used 41024K, committed 42432K, reserved 1048576K
}
Event: 8761.953 {metaspace After GC invocations=297 (full 1):
 Metaspace       used 311112K, committed 313792K, reserved 1376256K
  class space    used 41024K, committed 42432K, reserved 1048576K
}
Event: 8763.848 {metaspace Before GC invocations=297 (full 1):
 Metaspace       used 311470K, committed 314112K, reserved 1376256K
  class space    used 41065K, committed 42432K, reserved 1048576K
}
Event: 8763.943 {metaspace After GC invocations=298 (full 1):
 Metaspace       used 311470K, committed 314112K, reserved 1376256K
  class space    used 41065K, committed 42432K, reserved 1048576K
}
Event: 8764.464 {metaspace Before GC invocations=298 (full 1):
 Metaspace       used 311470K, committed 314112K, reserved 1376256K
  class space    used 41065K, committed 42432K, reserved 1048576K
}
Event: 8764.505 {metaspace After GC invocations=299 (full 1):
 Metaspace       used 311470K, committed 314112K, reserved 1376256K
  class space    used 41065K, committed 42432K, reserved 1048576K
}
Event: 8765.036 {metaspace Before GC invocations=299 (full 1):
 Metaspace       used 311471K, committed 314112K, reserved 1376256K
  class space    used 41065K, committed 42432K, reserved 1048576K
}
Event: 8765.053 {metaspace After GC invocations=300 (full 1):
 Metaspace       used 311471K, committed 314112K, reserved 1376256K
  class space    used 41065K, committed 42432K, reserved 1048576K
}
Event: 8765.620 {metaspace Before GC invocations=301 (full 1):
 Metaspace       used 311602K, committed 314176K, reserved 1376256K
  class space    used 41083K, committed 42432K, reserved 1048576K
}
Event: 8765.632 {metaspace After GC invocations=302 (full 1):
 Metaspace       used 311602K, committed 314176K, reserved 1376256K
  class space    used 41083K, committed 42432K, reserved 1048576K
}
Event: 8766.540 {metaspace Before GC invocations=302 (full 1):
 Metaspace       used 311856K, committed 314432K, reserved 1376256K
  class space    used 41118K, committed 42432K, reserved 1048576K
}
Event: 8766.586 {metaspace After GC invocations=303 (full 1):
 Metaspace       used 311856K, committed 314432K, reserved 1376256K
  class space    used 41118K, committed 42432K, reserved 1048576K
}
Event: 8767.568 {metaspace Before GC invocations=303 (full 1):
 Metaspace       used 311952K, committed 314496K, reserved 1376256K
  class space    used 41129K, committed 42432K, reserved 1048576K
}
Event: 8767.616 {metaspace After GC invocations=304 (full 1):
 Metaspace       used 311952K, committed 314496K, reserved 1376256K
  class space    used 41129K, committed 42432K, reserved 1048576K
}
Event: 8768.829 {metaspace Before GC invocations=304 (full 1):
 Metaspace       used 312020K, committed 314560K, reserved 1376256K
  class space    used 41134K, committed 42432K, reserved 1048576K
}
Event: 8768.852 {metaspace After GC invocations=305 (full 1):
 Metaspace       used 312020K, committed 314560K, reserved 1376256K
  class space    used 41134K, committed 42432K, reserved 1048576K
}
Event: 8775.999 {metaspace Before GC invocations=306 (full 1):
 Metaspace       used 311766K, committed 314560K, reserved 1376256K
  class space    used 41111K, committed 42432K, reserved 1048576K
}
Event: 8776.025 {metaspace After GC invocations=307 (full 1):
 Metaspace       used 311766K, committed 314560K, reserved 1376256K
  class space    used 41111K, committed 42432K, reserved 1048576K
}

Dll operation events (18 events):
Event: 0.031 Attempting to load shared library C:\Users\julye\.gradle\jdks\jetbrains_s_r_o_-25-amd64-windows.2\bin\java.dll
Event: 0.031 Loaded shared library C:\Users\julye\.gradle\jdks\jetbrains_s_r_o_-25-amd64-windows.2\bin\java.dll
Event: 0.123 Attempting to load shared library C:\Users\julye\.gradle\jdks\jetbrains_s_r_o_-25-amd64-windows.2\bin\zip.dll
Event: 0.124 Loaded shared library C:\Users\julye\.gradle\jdks\jetbrains_s_r_o_-25-amd64-windows.2\bin\zip.dll
Event: 1.157 Attempting to load shared library C:\Users\julye\.gradle\jdks\jetbrains_s_r_o_-25-amd64-windows.2\bin\verify.dll
Event: 1.158 Loaded shared library C:\Users\julye\.gradle\jdks\jetbrains_s_r_o_-25-amd64-windows.2\bin\verify.dll
Event: 7175.986 Unloaded dll "C:\Users\julye\AppData\Local\Temp\sqlite-3.41.2.2-55ac633e-95ee-4f0e-9296-b32480facdc8-sqlitejdbc.dll" [0x00007ffbe63a0000]
Event: 7687.945 Unloaded dll "C:\Users\julye\AppData\Local\Temp\sqlite-3.41.2.2-b6e8eda7-e728-4a55-ae31-f02ad13d18ce-sqlitejdbc.dll" [0x00007ffbe63a0000]
Event: 7760.802 Unloaded dll "C:\Users\julye\AppData\Local\Temp\sqlite-3.41.2.2-6bb321fa-97cc-4e7d-80bc-26247371a203-sqlitejdbc.dll" [0x00007ffbe63a0000]
Event: 7764.587 Unloaded dll "C:\Users\julye\AppData\Local\Temp\sqlite-3.41.2.2-56ec5a96-0965-4317-b630-e78727eb279b-sqlitejdbc.dll" [0x00007ffbdd560000]
Event: 7880.545 Unloaded dll "C:\Users\julye\AppData\Local\Temp\sqlite-3.41.2.2-0b00b121-0aa5-4b0d-a8ad-199d753194af-sqlitejdbc.dll" [0x00007ffbe63a0000]
Event: 7888.903 Unloaded dll "C:\Users\julye\AppData\Local\Temp\sqlite-3.41.2.2-02b673a6-9883-40f0-96a6-3b5daf50caff-sqlitejdbc.dll" [0x00007ffbdd560000]
Event: 7888.903 Unloaded dll "C:\Users\julye\AppData\Local\Temp\sqlite-3.41.2.2-e8eed51f-4600-4b59-b0cc-0dafa48ce39e-sqlitejdbc.dll" [0x00007ffbdce30000]
Event: 8165.323 Unloaded dll "C:\Users\julye\AppData\Local\Temp\sqlite-3.41.2.2-47c0a48a-e3dc-4599-8418-f287a4d5ccc5-sqlitejdbc.dll" [0x00007ffbe63a0000]
Event: 8302.124 Unloaded dll "C:\Users\julye\AppData\Local\Temp\sqlite-3.41.2.2-07705b7a-debb-4d09-b5ef-50fac70c70ae-sqlitejdbc.dll" [0x00007ffbe25e0000]
Event: 8556.657 Unloaded dll "C:\Users\julye\AppData\Local\Temp\sqlite-3.41.2.2-16215422-ac9f-4ec0-b85d-7b99e794fd96-sqlitejdbc.dll" [0x00007ffbe63a0000]
Event: 8665.115 Unloaded dll "C:\Users\julye\AppData\Local\Temp\sqlite-3.41.2.2-27b25755-3da2-4f3d-ac13-b299179accf9-sqlitejdbc.dll" [0x00007ffbe9f00000]
Event: 8726.459 Unloaded dll "C:\Users\julye\AppData\Local\Temp\sqlite-3.41.2.2-6bdbecc9-1929-4dea-a2f1-b0600e82a203-sqlitejdbc.dll" [0x00007ffbe63a0000]

Deoptimization events (20 events):
Event: 8792.624 Thread 0x00000250dd738810 DEOPT PACKING pc=0x00000250be0e5640 sp=0x000000d4224fe160
Event: 8792.624 Thread 0x00000250dd738810 DEOPT UNPACKING pc=0x00000250bc530002 sp=0x000000d4224fe0e0 mode 2
Event: 8792.624 Thread 0x00000250dd738810 Uncommon trap: trap_request=0xffffffbe fr.pc=0x00000250be0e5640 relative=0x00000000000003c0
Event: 8792.624 Thread 0x00000250dd738810 Uncommon trap: reason=profile_predicate action=maybe_recompile pc=0x00000250be0e5640 method=kotlin.text.LinesIterator.hasNext()Z @ 66 c2
Event: 8792.624 Thread 0x00000250dd738810 DEOPT PACKING pc=0x00000250be0e5640 sp=0x000000d4224fe160
Event: 8792.624 Thread 0x00000250dd738810 DEOPT UNPACKING pc=0x00000250bc530002 sp=0x000000d4224fe0e0 mode 2
Event: 8792.650 Thread 0x00000250dd738810 Uncommon trap: trap_request=0xffffffbe fr.pc=0x00000250be0e5640 relative=0x00000000000003c0
Event: 8792.650 Thread 0x00000250dd738810 Uncommon trap: reason=profile_predicate action=maybe_recompile pc=0x00000250be0e5640 method=kotlin.text.LinesIterator.hasNext()Z @ 66 c2
Event: 8792.650 Thread 0x00000250dd738810 DEOPT PACKING pc=0x00000250be0e5640 sp=0x000000d4224fe880
Event: 8792.650 Thread 0x00000250dd738810 DEOPT UNPACKING pc=0x00000250bc530002 sp=0x000000d4224fe800 mode 2
Event: 8792.650 Thread 0x00000250dd738810 Uncommon trap: trap_request=0xffffffbe fr.pc=0x00000250be0e5640 relative=0x00000000000003c0
Event: 8792.650 Thread 0x00000250dd738810 Uncommon trap: reason=profile_predicate action=maybe_recompile pc=0x00000250be0e5640 method=kotlin.text.LinesIterator.hasNext()Z @ 66 c2
Event: 8792.650 Thread 0x00000250dd738810 DEOPT PACKING pc=0x00000250be0e5640 sp=0x000000d4224fe880
Event: 8792.650 Thread 0x00000250dd738810 DEOPT UNPACKING pc=0x00000250bc530002 sp=0x000000d4224fe800 mode 2
Event: 8793.749 Thread 0x00000250dc8b4c60 DEOPT PACKING pc=0x00000250b582e31a sp=0x000000d424efe3e0
Event: 8793.751 Thread 0x00000250dc8b4c60 DEOPT UNPACKING pc=0x00000250bc461702 sp=0x000000d424efdc60 mode 0
Event: 8841.677 Thread 0x00000250dc8b4c60 Uncommon trap: trap_request=0xffffff45 fr.pc=0x00000250bea0a280 relative=0x0000000000001000
Event: 8841.680 Thread 0x00000250dc8b4c60 Uncommon trap: reason=unstable_if action=reinterpret pc=0x00000250bea0a280 method=com.android.ddmlib.internal.DeviceImpl.lambda$executeRemoteCommand$18(JLjava/util/concurrent/TimeUnit;JLjava/lang/String;Lcom/android/ddmlib/AdbHelper$AdbService;Ljava/io/In
Event: 8841.682 Thread 0x00000250dc8b4c60 DEOPT PACKING pc=0x00000250bea0a280 sp=0x000000d424efe780
Event: 8841.682 Thread 0x00000250dc8b4c60 DEOPT UNPACKING pc=0x00000250bc530002 sp=0x000000d424efe760 mode 2

Classes loaded (20 events):
Event: 8657.307 Loading class java/lang/IntegerBeanInfo
Event: 8657.307 Loading class java/lang/IntegerBeanInfo done
Event: 8657.308 Loading class java/lang/NumberBeanInfo
Event: 8657.308 Loading class java/lang/NumberBeanInfo done
Event: 8657.309 Loading class java/lang/NumberBeanInfo
Event: 8657.309 Loading class java/lang/NumberBeanInfo done
Event: 8657.309 Loading class java/lang/NumberCustomizer
Event: 8657.309 Loading class java/lang/NumberCustomizer done
Event: 8657.309 Loading class java/lang/NumberCustomizer
Event: 8657.309 Loading class java/lang/NumberCustomizer done
Event: 8657.310 Loading class java/lang/IntegerCustomizer
Event: 8657.310 Loading class java/lang/IntegerCustomizer done
Event: 8657.311 Loading class java/lang/IntegerCustomizer
Event: 8657.311 Loading class java/lang/IntegerCustomizer done
Event: 8709.629 Loading class java/util/concurrent/ForkJoinTask$AdaptedCallable
Event: 8709.630 Loading class java/util/concurrent/ForkJoinTask$AdaptedCallable done
Event: 8724.684 Loading class java/nio/channels/Channels$WritableByteChannelImpl
Event: 8724.687 Loading class java/nio/channels/Channels$WritableByteChannelImpl done
Event: 8760.273 Loading class java/util/TreeMap$NavigableSubMap$SubMapKeyIterator
Event: 8760.273 Loading class java/util/TreeMap$NavigableSubMap$SubMapKeyIterator done

Classes unloaded (20 events):
Event: 8769.258 Thread 0x00000250c9a290f0 Unloading class 0x000000000d5c5800 'jdk/internal/jimage/ImageHeader'
Event: 8769.258 Thread 0x00000250c9a290f0 Unloading class 0x000000000d5c5588 'jdk/internal/jimage/BasicImageReader$2'
Event: 8769.258 Thread 0x00000250c9a290f0 Unloading class 0x000000000d5c5310 'jdk/internal/jimage/BasicImageReader$1'
Event: 8769.258 Thread 0x00000250c9a290f0 Unloading class 0x000000000d5c5060 'jdk/internal/jimage/ImageReader$Resource'
Event: 8769.258 Thread 0x00000250c9a290f0 Unloading class 0x000000000d5c4db0 'jdk/internal/jimage/ImageReader$LinkNode'
Event: 8769.258 Thread 0x00000250c9a290f0 Unloading class 0x000000000d5c4b00 'jdk/internal/jimage/ImageReader$Directory'
Event: 8769.258 Thread 0x00000250c9a290f0 Unloading class 0x000000000d5c4850 'jdk/internal/jimage/ImageReader$Node'
Event: 8769.258 Thread 0x00000250c9a290f0 Unloading class 0x000000000d5c4610 'jdk/internal/jimage/ImageStrings'
Event: 8769.258 Thread 0x00000250c9a290f0 Unloading class 0x000000000d5c4308 'jdk/internal/jimage/ImageReader$SharedImageReader'
Event: 8769.258 Thread 0x00000250c9a290f0 Unloading class 0x000000000d5c4000 'jdk/internal/jimage/BasicImageReader'
Event: 8769.258 Thread 0x00000250c9a290f0 Unloading class 0x000000000d702c28 'jdk/internal/jimage/ImageReader'
Event: 8769.258 Thread 0x00000250c9a290f0 Unloading class 0x000000000d7029b8 'jdk/internal/jrtfs/SystemImage$2'
Event: 8769.258 Thread 0x00000250c9a290f0 Unloading class 0x000000000d702758 'jdk/internal/jrtfs/SystemImage$$Lambda+0x000000000d702758'
Event: 8769.258 Thread 0x00000250c9a290f0 Unloading class 0x000000000d7024e0 'jdk/internal/jrtfs/ExplodedImage'
Event: 8769.258 Thread 0x00000250c9a290f0 Unloading class 0x000000000d702260 'jdk/internal/jrtfs/SystemImage$1'
Event: 8769.258 Thread 0x00000250c9a290f0 Unloading class 0x000000000d702000 'jdk/internal/jrtfs/SystemImage'
Event: 8769.258 Thread 0x00000250c9a290f0 Unloading class 0x000000000cf883e0 'jdk/internal/jrtfs/JrtFileStore'
Event: 8769.258 Thread 0x00000250c9a290f0 Unloading class 0x000000000cf88000 'jdk/internal/jrtfs/JrtPath'
Event: 8769.258 Thread 0x00000250c9a290f0 Unloading class 0x000000000cfa9338 'jdk/internal/jrtfs/JrtFileSystem'
Event: 8769.258 Thread 0x00000250c9a290f0 Unloading class 0x000000000cfa9000 'jdk/internal/jrtfs/JrtFileSystemProvider'

Classes redefined (0 events):
No events

Internal exceptions (20 events):
Event: 8848.056 Thread 0x00000250dd738810 Exception <a 'sun/nio/fs/WindowsException'{0x00000000e6dc3c20}> (0x00000000e6dc3c20) 
thrown [s\src\hotspot\share\prims\jni.cpp, line 535]
Event: 8848.573 Thread 0x00000250dd738810 Exception <a 'sun/nio/fs/WindowsException'{0x00000000e6dd2298}> (0x00000000e6dd2298) 
thrown [s\src\hotspot\share\prims\jni.cpp, line 535]
Event: 8848.615 Thread 0x00000250dd738810 Exception <a 'sun/nio/fs/WindowsException'{0x00000000e6dd89d0}> (0x00000000e6dd89d0) 
thrown [s\src\hotspot\share\prims\jni.cpp, line 535]
Event: 8848.640 Thread 0x00000250dd738810 Exception <a 'sun/nio/fs/WindowsException'{0x00000000e6de04a8}> (0x00000000e6de04a8) 
thrown [s\src\hotspot\share\prims\jni.cpp, line 535]
Event: 8848.688 Thread 0x00000250dd738810 Exception <a 'sun/nio/fs/WindowsException'{0x00000000e6c0a1a0}> (0x00000000e6c0a1a0) 
thrown [s\src\hotspot\share\prims\jni.cpp, line 535]
Event: 8848.737 Thread 0x00000250dd738810 Exception <a 'sun/nio/fs/WindowsException'{0x00000000e6c212b8}> (0x00000000e6c212b8) 
thrown [s\src\hotspot\share\prims\jni.cpp, line 535]
Event: 8848.751 Thread 0x00000250dd738810 Exception <a 'sun/nio/fs/WindowsException'{0x00000000e6c26290}> (0x00000000e6c26290) 
thrown [s\src\hotspot\share\prims\jni.cpp, line 535]
Event: 8848.756 Thread 0x00000250dd738810 Exception <a 'sun/nio/fs/WindowsException'{0x00000000e6c2c300}> (0x00000000e6c2c300) 
thrown [s\src\hotspot\share\prims\jni.cpp, line 535]
Event: 8848.768 Thread 0x00000250dd738810 Exception <a 'sun/nio/fs/WindowsException'{0x00000000e6c41e38}> (0x00000000e6c41e38) 
thrown [s\src\hotspot\share\prims\jni.cpp, line 535]
Event: 8848.779 Thread 0x00000250dd738810 Exception <a 'sun/nio/fs/WindowsException'{0x00000000e6c473c8}> (0x00000000e6c473c8) 
thrown [s\src\hotspot\share\prims\jni.cpp, line 535]
Event: 8850.521 Thread 0x00000250dd738810 Exception <a 'sun/nio/fs/WindowsException'{0x00000000e6c49ad0}> (0x00000000e6c49ad0) 
thrown [s\src\hotspot\share\prims\jni.cpp, line 535]
Event: 8850.611 Thread 0x00000250dd738810 Exception <a 'sun/nio/fs/WindowsException'{0x00000000e6c79a90}> (0x00000000e6c79a90) 
thrown [s\src\hotspot\share\prims\jni.cpp, line 535]
Event: 8851.210 Thread 0x00000250dd738810 Exception <a 'sun/nio/fs/WindowsException'{0x00000000e6c7fd10}> (0x00000000e6c7fd10) 
thrown [s\src\hotspot\share\prims\jni.cpp, line 535]
Event: 8851.553 Thread 0x00000250dd738810 Exception <a 'sun/nio/fs/WindowsException'{0x00000000e6c92ae8}> (0x00000000e6c92ae8) 
thrown [s\src\hotspot\share\prims\jni.cpp, line 535]
Event: 8852.057 Thread 0x00000250dd738810 Exception <a 'sun/nio/fs/WindowsException'{0x00000000e6c991e8}> (0x00000000e6c991e8) 
thrown [s\src\hotspot\share\prims\jni.cpp, line 535]
Event: 8852.481 Thread 0x00000250dd738810 Exception <a 'sun/nio/fs/WindowsException'{0x00000000e6c9da48}> (0x00000000e6c9da48) 
thrown [s\src\hotspot\share\prims\jni.cpp, line 535]
Event: 8852.497 Thread 0x00000250dd738810 Exception <a 'sun/nio/fs/WindowsException'{0x00000000e6c9e438}> (0x00000000e6c9e438) 
thrown [s\src\hotspot\share\prims\jni.cpp, line 535]
Event: 8852.943 Thread 0x00000250dd738810 Exception <a 'sun/nio/fs/WindowsException'{0x00000000e6ca1050}> (0x00000000e6ca1050) 
thrown [s\src\hotspot\share\prims\jni.cpp, line 535]
Event: 8853.446 Thread 0x00000250dd738810 Exception <a 'sun/nio/fs/WindowsException'{0x00000000e6cd0f90}> (0x00000000e6cd0f90) 
thrown [s\src\hotspot\share\prims\jni.cpp, line 535]
Event: 8853.571 Thread 0x00000250cf776090 Exception <a 'sun/nio/fs/WindowsException'{0x00000000e6a07148}> (0x00000000e6a07148) 
thrown [s\src\hotspot\share\prims\jni.cpp, line 535]

VM Operations (20 events):
Event: 8765.620 Executing safepoint VM operation: G1CollectForAllocation (G1 Evacuation Pause)
Event: 8765.632 Executing safepoint VM operation: G1CollectForAllocation (G1 Evacuation Pause) done
Event: 8766.527 Executing safepoint VM operation: G1CollectForAllocation (G1 Evacuation Pause)
Event: 8766.586 Executing safepoint VM operation: G1CollectForAllocation (G1 Evacuation Pause) done
Event: 8767.568 Executing safepoint VM operation: G1CollectForAllocation (G1 Evacuation Pause)
Event: 8767.616 Executing safepoint VM operation: G1CollectForAllocation (G1 Evacuation Pause) done
Event: 8768.829 Executing safepoint VM operation: G1CollectForAllocation (G1 Evacuation Pause)
Event: 8768.852 Executing safepoint VM operation: G1CollectForAllocation (G1 Evacuation Pause) done
Event: 8769.257 Executing safepoint VM operation: G1PauseRemark
Event: 8769.324 Executing safepoint VM operation: G1PauseRemark done
Event: 8769.444 Executing safepoint VM operation: G1PauseCleanup
Event: 8769.445 Executing safepoint VM operation: G1PauseCleanup done
Event: 8775.999 Executing safepoint VM operation: G1CollectForAllocation (G1 Evacuation Pause)
Event: 8776.025 Executing safepoint VM operation: G1CollectForAllocation (G1 Evacuation Pause) done
Event: 8824.902 Executing non-safepoint VM operation: HandshakeAllThreads (HandshakeForDeflation)
Event: 8825.037 Executing non-safepoint VM operation: HandshakeAllThreads (HandshakeForDeflation) done
Event: 8825.038 Executing non-safepoint VM operation: RendezvousGCThreads
Event: 8825.038 Executing non-safepoint VM operation: RendezvousGCThreads done
Event: 8849.699 Executing non-safepoint VM operation: HandshakeAllThreads (Deoptimize)
Event: 8849.822 Executing non-safepoint VM operation: HandshakeAllThreads (Deoptimize) done

Memory protections (0 events):
No events

Nmethod flushes (20 events):
Event: 8769.318 Thread 0x00000250c9a290f0 flushing  nmethod 0x00000250b8558708
Event: 8769.318 Thread 0x00000250c9a290f0 flushing  nmethod 0x00000250b855f908
Event: 8769.318 Thread 0x00000250c9a290f0 flushing  nmethod 0x00000250b877ac88
Event: 8769.318 Thread 0x00000250c9a290f0 flushing  nmethod 0x00000250b88e2208
Event: 8769.318 Thread 0x00000250c9a290f0 flushing  nmethod 0x00000250b8910c88
Event: 8769.318 Thread 0x00000250c9a290f0 flushing  nmethod 0x00000250b8911408
Event: 8769.318 Thread 0x00000250c9a290f0 flushing  nmethod 0x00000250b8911a08
Event: 8769.318 Thread 0x00000250c9a290f0 flushing  nmethod 0x00000250b8912588
Event: 8769.318 Thread 0x00000250c9a290f0 flushing  nmethod 0x00000250b891f188
Event: 8769.318 Thread 0x00000250c9a290f0 flushing  nmethod 0x00000250b8aba688
Event: 8769.318 Thread 0x00000250c9a290f0 flushing  nmethod 0x00000250b8aba988
Event: 8769.318 Thread 0x00000250c9a290f0 flushing  nmethod 0x00000250b8c7c508
Event: 8769.318 Thread 0x00000250c9a290f0 flushing  nmethod 0x00000250b8dbc888
Event: 8769.318 Thread 0x00000250c9a290f0 flushing  nmethod 0x00000250b8dbce88
Event: 8769.318 Thread 0x00000250c9a290f0 flushing  nmethod 0x00000250b8dbf008
Event: 8769.318 Thread 0x00000250c9a290f0 flushing  nmethod 0x00000250b8dbfb08
Event: 8769.318 Thread 0x00000250c9a290f0 flushing  nmethod 0x00000250b9298208
Event: 8769.318 Thread 0x00000250c9a290f0 flushing  nmethod 0x00000250b9298b08
Event: 8769.318 Thread 0x00000250c9a290f0 flushing  nmethod 0x00000250b9299788
Event: 8769.318 Thread 0x00000250c9a290f0 flushing  nmethod 0x00000250b929db88

Events (20 events):
Event: 8801.849 Thread 0x00000250dda40880 Thread exited: 0x00000250dda40880
Event: 8801.879 Thread 0x00000250d57ef560 Thread exited: 0x00000250d57ef560
Event: 8831.678 Thread 0x00000250e33e6d00 Thread exited: 0x00000250e33e6d00
Event: 8842.387 Thread 0x00000250f1805210 Thread exited: 0x00000250f1805210
Event: 8848.838 Thread 0x00000250f40bfec0 Thread exited: 0x00000250f40bfec0
Event: 8848.866 Thread 0x00000250d57a96c0 Thread exited: 0x00000250d57a96c0
Event: 8848.900 Thread 0x00000250dbd50550 Thread exited: 0x00000250dbd50550
Event: 8848.930 Thread 0x00000250dc880cd0 Thread exited: 0x00000250dc880cd0
Event: 8848.931 Thread 0x00000250dbbba410 Thread exited: 0x00000250dbbba410
Event: 8848.959 Thread 0x00000250d64617d0 Thread exited: 0x00000250d64617d0
Event: 8848.989 Thread 0x00000250d57a9e90 Thread exited: 0x00000250d57a9e90
Event: 8849.020 Thread 0x00000250dd6bb360 Thread exited: 0x00000250dd6bb360
Event: 8849.051 Thread 0x00000250dc87ed90 Thread exited: 0x00000250dc87ed90
Event: 8849.082 Thread 0x00000250de617e20 Thread exited: 0x00000250de617e20
Event: 8849.110 Thread 0x00000250de61a530 Thread exited: 0x00000250de61a530
Event: 8849.141 Thread 0x00000250dd6be240 Thread exited: 0x00000250dd6be240
Event: 8849.173 Thread 0x00000250df1d06d0 Thread exited: 0x00000250df1d06d0
Event: 8849.203 Thread 0x00000250d6460830 Thread exited: 0x00000250d6460830
Event: 8849.233 Thread 0x00000250d6461fa0 Thread exited: 0x00000250d6461fa0
Event: 8854.521 Thread 0x00000250dd738810 Thread added: 0x00000250d515df00


Dynamic libraries:
0x00007ff6941b0000 - 0x00007ff6941ba000 	C:\Users\julye\.gradle\jdks\jetbrains_s_r_o_-25-amd64-windows.2\bin\java.exe
0x00007ffc31120000 - 0x00007ffc31386000 	C:\WINDOWS\SYSTEM32\ntdll.dll
0x00007ffc30750000 - 0x00007ffc30819000 	C:\WINDOWS\System32\KERNEL32.DLL
0x00007ffc2e9b0000 - 0x00007ffc2edaf000 	C:\WINDOWS\System32\KERNELBASE.dll
0x00007ffc2b1e0000 - 0x00007ffc2b27f000 	C:\WINDOWS\SYSTEM32\apphelp.dll
0x00007ffc2e720000 - 0x00007ffc2e86c000 	C:\WINDOWS\System32\ucrtbase.dll
0x00007ffc188d0000 - 0x00007ffc188ee000 	C:\Users\julye\.gradle\jdks\jetbrains_s_r_o_-25-amd64-windows.2\bin\VCRUNTIME140.dll
0x00007ffc1fac0000 - 0x00007ffc1fad7000 	C:\Users\julye\.gradle\jdks\jetbrains_s_r_o_-25-amd64-windows.2\bin\jli.dll
0x00007ffc30f10000 - 0x00007ffc310d6000 	C:\WINDOWS\System32\USER32.dll
0x00007ffc2e640000 - 0x00007ffc2e667000 	C:\WINDOWS\System32\win32u.dll
0x00007ffc19f60000 - 0x00007ffc1a1f1000 	C:\WINDOWS\WinSxS\amd64_microsoft.windows.common-controls_6595b64144ccf1df_6.0.26100.8972_none_3e0da176e32f9d4b\COMCTL32.dll
0x00007ffc30c70000 - 0x00007ffc30c9b000 	C:\WINDOWS\System32\GDI32.dll
0x00007ffc30150000 - 0x00007ffc301f9000 	C:\WINDOWS\System32\msvcrt.dll
0x00007ffc2e880000 - 0x00007ffc2e9a9000 	C:\WINDOWS\System32\gdi32full.dll
0x00007ffc2e670000 - 0x00007ffc2e713000 	C:\WINDOWS\System32\msvcp_win.dll
0x00007ffc2f680000 - 0x00007ffc2f6b2000 	C:\WINDOWS\System32\IMM32.DLL
0x00007ffc25de0000 - 0x00007ffc25dec000 	C:\Users\julye\.gradle\jdks\jetbrains_s_r_o_-25-amd64-windows.2\bin\vcruntime140_1.dll
0x00007ffbf9290000 - 0x00007ffbf9319000 	C:\Users\julye\.gradle\jdks\jetbrains_s_r_o_-25-amd64-windows.2\bin\msvcp140.dll
0x00007ffb6c3c0000 - 0x00007ffb6d31e000 	C:\Users\julye\.gradle\jdks\jetbrains_s_r_o_-25-amd64-windows.2\bin\server\jvm.dll
0x00007ffc305c0000 - 0x00007ffc3067c000 	C:\WINDOWS\System32\ADVAPI32.dll
0x00007ffc30bb0000 - 0x00007ffc30c5a000 	C:\WINDOWS\System32\sechost.dll
0x00007ffc30a90000 - 0x00007ffc30ba8000 	C:\WINDOWS\System32\RPCRT4.dll
0x00007ffc2f080000 - 0x00007ffc2f102000 	C:\WINDOWS\System32\WS2_32.dll
0x00007ffc2e190000 - 0x00007ffc2e1ee000 	C:\WINDOWS\SYSTEM32\POWRPROF.dll
0x00007ffc26e30000 - 0x00007ffc26e3b000 	C:\WINDOWS\SYSTEM32\VERSION.dll
0x00007ffc25ba0000 - 0x00007ffc25bd6000 	C:\WINDOWS\SYSTEM32\WINMM.dll
0x00007ffc2e170000 - 0x00007ffc2e185000 	C:\WINDOWS\SYSTEM32\UMPDC.dll
0x00007ffc2d020000 - 0x00007ffc2d03b000 	C:\WINDOWS\SYSTEM32\kernel.appcore.dll
0x00007ffc23230000 - 0x00007ffc2323a000 	C:\Users\julye\.gradle\jdks\jetbrains_s_r_o_-25-amd64-windows.2\bin\jimage.dll
0x00007ffc21000000 - 0x00007ffc21242000 	C:\WINDOWS\SYSTEM32\DBGHELP.DLL
0x00007ffc30230000 - 0x00007ffc305b5000 	C:\WINDOWS\System32\combase.dll
0x00007ffc2f110000 - 0x00007ffc2f1e9000 	C:\WINDOWS\System32\OLEAUT32.dll
0x00007ffc18e80000 - 0x00007ffc18ebb000 	C:\WINDOWS\SYSTEM32\dbgcore.DLL
0x00007ffc2e4c0000 - 0x00007ffc2e56c000 	C:\WINDOWS\System32\bcryptPrimitives.dll
0x00007ffc1fab0000 - 0x00007ffc1fac0000 	C:\Users\julye\.gradle\jdks\jetbrains_s_r_o_-25-amd64-windows.2\bin\instrument.dll
0x00007ffc18860000 - 0x00007ffc1887f000 	C:\Users\julye\.gradle\jdks\jetbrains_s_r_o_-25-amd64-windows.2\bin\java.dll
0x00007ffc2eee0000 - 0x00007ffc2f079000 	C:\WINDOWS\System32\ole32.dll
0x00007ffc2f960000 - 0x00007ffc300e8000 	C:\WINDOWS\System32\SHELL32.dll
0x00007ffc2be00000 - 0x00007ffc2c69b000 	C:\WINDOWS\SYSTEM32\windows.storage.dll
0x00007ffc30e10000 - 0x00007ffc30f09000 	C:\WINDOWS\System32\SHCORE.dll
0x00007ffc30920000 - 0x00007ffc30986000 	C:\WINDOWS\System32\shlwapi.dll
0x00007ffc2e250000 - 0x00007ffc2e279000 	C:\WINDOWS\SYSTEM32\profapi.dll
0x00007ffc0e900000 - 0x00007ffc0e916000 	C:\Users\julye\.gradle\jdks\jetbrains_s_r_o_-25-amd64-windows.2\bin\zip.dll
0x00007ffc0e1b0000 - 0x00007ffc0e1c2000 	C:\Users\julye\.gradle\jdks\jetbrains_s_r_o_-25-amd64-windows.2\bin\net.dll
0x00007ffc2d5d0000 - 0x00007ffc2d63c000 	C:\WINDOWS\system32\mswsock.dll
0x00007ffc03cd0000 - 0x00007ffc03ce6000 	C:\Users\julye\.gradle\jdks\jetbrains_s_r_o_-25-amd64-windows.2\bin\nio.dll
0x00007ffc113d0000 - 0x00007ffc113e0000 	C:\Users\julye\.gradle\jdks\jetbrains_s_r_o_-25-amd64-windows.2\bin\verify.dll
0x00007ffc18750000 - 0x00007ffc18777000 	C:\Users\julye\.gradle\native\660c5614fbf4a5f2a75b1949f50a0caf5cd603558e7d8a26e50b933a0cfb79d1\windows-amd64\native-platform.dll
0x00007ffbf9210000 - 0x00007ffbf9287000 	C:\Users\julye\.gradle\native\0.2.8\x86_64-windows-gnu\gradle-fileevents.dll
0x00007ffc110c0000 - 0x00007ffc110ca000 	C:\Users\julye\.gradle\jdks\jetbrains_s_r_o_-25-amd64-windows.2\bin\management.dll
0x00007ffc10ee0000 - 0x00007ffc10eec000 	C:\Users\julye\.gradle\jdks\jetbrains_s_r_o_-25-amd64-windows.2\bin\management_ext.dll
0x00007ffc300f0000 - 0x00007ffc300f8000 	C:\WINDOWS\System32\PSAPI.DLL
0x00007ffc2caa0000 - 0x00007ffc2cad3000 	C:\WINDOWS\SYSTEM32\IPHLPAPI.DLL
0x00007ffc30720000 - 0x00007ffc3072a000 	C:\WINDOWS\System32\NSI.dll
0x00007ffc0bcc0000 - 0x00007ffc0bcc9000 	C:\Users\julye\.gradle\jdks\jetbrains_s_r_o_-25-amd64-windows.2\bin\extnet.dll
0x00007ffc2d8e0000 - 0x00007ffc2d8fb000 	C:\WINDOWS\SYSTEM32\CRYPTSP.dll
0x00007ffc2cf80000 - 0x00007ffc2cfb9000 	C:\WINDOWS\system32\rsaenh.dll
0x00007ffc2d680000 - 0x00007ffc2d6b2000 	C:\WINDOWS\SYSTEM32\USERENV.dll
0x00007ffc2e220000 - 0x00007ffc2e24a000 	C:\WINDOWS\SYSTEM32\bcrypt.dll
0x00007ffc2d8c0000 - 0x00007ffc2d8cc000 	C:\WINDOWS\SYSTEM32\CRYPTBASE.dll
0x00007ffc091f0000 - 0x00007ffc091fe000 	C:\Users\julye\.gradle\jdks\jetbrains_s_r_o_-25-amd64-windows.2\bin\sunmscapi.dll
0x00007ffc2e330000 - 0x00007ffc2e4ae000 	C:\WINDOWS\System32\CRYPT32.dll
0x00007ffc2db00000 - 0x00007ffc2db30000 	C:\WINDOWS\SYSTEM32\ncrypt.dll
0x00007ffc2dab0000 - 0x00007ffc2daef000 	C:\WINDOWS\SYSTEM32\NTASN1.dll
0x00007ffc0b9d0000 - 0x00007ffc0b9d8000 	C:\WINDOWS\system32\wshunix.dll
0x00007ffc2d150000 - 0x00007ffc2d186000 	C:\WINDOWS\SYSTEM32\ntmarta.dll
0x00007ffbb96c0000 - 0x00007ffbb987d000 	C:\Users\julye\.gradle\jdks\jetbrains_s_r_o_-25-amd64-windows.2\bin\awt.dll
0x00007ffc2b700000 - 0x00007ffc2b72f000 	C:\WINDOWS\SYSTEM32\dwmapi.dll
0x00007ffbeacb0000 - 0x00007ffbeacf4000 	C:\Users\julye\.gradle\jdks\jetbrains_s_r_o_-25-amd64-windows.2\bin\nvdaControllerClient64.dll
0x00007ffc01df0000 - 0x00007ffc01e65000 	C:\WINDOWS\SYSTEM32\OLEACC.dll
0x00007ffc2b4a0000 - 0x00007ffc2b548000 	C:\WINDOWS\system32\uxtheme.dll
0x00007ffc30ca0000 - 0x00007ffc30dfd000 	C:\WINDOWS\System32\MSCTF.dll
0x00007ffc2cae0000 - 0x00007ffc2cc38000 	C:\WINDOWS\SYSTEM32\DNSAPI.dll
0x00007ffc2d3d0000 - 0x00007ffc2d3dd000 	C:\WINDOWS\SYSTEM32\DSPARSE.dll
0x00007ffc26340000 - 0x00007ffc2634b000 	C:\Windows\System32\rasadhlp.dll
0x00007ffc27db0000 - 0x00007ffc27e36000 	C:\WINDOWS\System32\fwpuclnt.dll
0x00007ffc232a0000 - 0x00007ffc232a7000 	C:\Users\julye\.gradle\jdks\jetbrains_s_r_o_-25-amd64-windows.2\bin\rmi.dll
0x00007ffbe9a70000 - 0x00007ffbe9ab1000 	C:\Users\julye\AppData\Local\Temp\jna-101486413\jna4556719714779417986.dll
0x00007ffbe63a0000 - 0x00007ffbe6489000 	C:\Users\julye\AppData\Local\Temp\sqlite-3.41.2.2-920335ca-e7ec-4b0a-8477-a0c3973e1c61-sqlitejdbc.dll

JVMTI agents:
C:\Users\julye\.gradle\wrapper\dists\gradle-9.6.1-bin\4ticwg1pgcbps2hj28r8so764\gradle-9.6.1\lib\agents\gradle-instrumentation-agent-9.6.1.jar path:C:\Users\julye\.gradle\jdks\jetbrains_s_r_o_-25-amd64-windows.2\bin\instrument.dll, loaded, initialized, instrumentlib options:none

dbghelp: loaded successfully - version: 4.0.5 - missing functions: none
symbol engine: initialized successfully - sym options: 0x614 - pdb path: .;C:\Users\julye\.gradle\jdks\jetbrains_s_r_o_-25-amd64-windows.2\bin;C:\WINDOWS\SYSTEM32;C:\WINDOWS\WinSxS\amd64_microsoft.windows.common-controls_6595b64144ccf1df_6.0.26100.8972_none_3e0da176e32f9d4b;C:\Users\julye\.gradle\jdks\jetbrains_s_r_o_-25-amd64-windows.2\bin\server;C:\Users\julye\.gradle\native\660c5614fbf4a5f2a75b1949f50a0caf5cd603558e7d8a26e50b933a0cfb79d1\windows-amd64;C:\Users\julye\.gradle\native\0.2.8\x86_64-windows-gnu;C:\Users\julye\AppData\Local\Temp;C:\Users\julye\AppData\Local\Temp\jna-101486413

VM Arguments:
jvm_args: --add-opens=java.base/java.lang=ALL-UNNAMED --add-opens=java.base/java.lang.invoke=ALL-UNNAMED --add-opens=java.base/java.util=ALL-UNNAMED --add-opens=java.prefs/java.util.prefs=ALL-UNNAMED --add-exports=jdk.compiler/com.sun.tools.javac.api=ALL-UNNAMED --add-exports=jdk.compiler/com.sun.tools.javac.util=ALL-UNNAMED --add-opens=java.base/java.nio.charset=ALL-UNNAMED --add-opens=java.base/java.net=ALL-UNNAMED --add-opens=java.base/java.util.concurrent=ALL-UNNAMED --add-opens=java.base/java.util.concurrent.atomic=ALL-UNNAMED --add-opens=java.xml/javax.xml.namespace=ALL-UNNAMED --add-opens=java.base/java.time=ALL-UNNAMED --enable-native-access=ALL-UNNAMED -Xmx2048m -Dfile.encoding=UTF-8 -Duser.country=BR -Duser.language=pt -Duser.variant -javaagent:C:\Users\julye\.gradle\wrapper\dists\gradle-9.6.1-bin\4ticwg1pgcbps2hj28r8so764\gradle-9.6.1\lib\agents\gradle-instrumentation-agent-9.6.1.jar 
java_command: org.gradle.launcher.daemon.bootstrap.GradleDaemon 9.6.1
java_class_path (initial): C:\Users\julye\.gradle\wrapper\dists\gradle-9.6.1-bin\4ticwg1pgcbps2hj28r8so764\gradle-9.6.1\lib\gradle-daemon-main-9.6.1.jar
Launcher Type: SUN_STANDARD

[Global flags]
     intx CICompilerCount                          = 12                                        {product} {ergonomic}
     uint ConcGCThreads                            = 3                                         {product} {ergonomic}
     uint G1ConcRefinementThreads                  = 13                                        {product} {ergonomic}
   size_t G1HeapRegionSize                         = 1048576                                   {product} {ergonomic}
   size_t InitialHeapSize                          = 260046848                                 {product} {ergonomic}
   size_t MarkStackSize                            = 4194304                                   {product} {ergonomic}
   size_t MarkStackSizeMax                         = 536870912                                 {product} {ergonomic}
   size_t MaxHeapSize                              = 2147483648                                {product} {command line}
   size_t MaxNewSize                               = 1287651328                                {product} {ergonomic}
   size_t MinHeapDeltaBytes                        = 1048576                                   {product} {ergonomic}
   size_t MinHeapSize                              = 8388608                                   {product} {ergonomic}
    uintx NonNMethodCodeHeapSize                   = 7667712                                {pd product} {ergonomic}
    uintx NonProfiledCodeHeapSize                  = 122028032                              {pd product} {ergonomic}
    uintx ProfiledCodeHeapSize                     = 122028032                              {pd product} {ergonomic}
    uintx ReservedCodeCacheSize                    = 251723776                              {pd product} {ergonomic}
     bool SegmentedCodeCache                       = true                                      {product} {ergonomic}
   size_t SoftMaxHeapSize                          = 2147483648                             {manageable} {ergonomic}
     bool UseCompressedOops                        = true                           {product lp64_product} {ergonomic}
     bool UseG1GC                                  = true                                      {product} {ergonomic}
     bool UseLargePagesIndividualAllocation        = false                                  {pd product} {ergonomic}

Logging:
Log output configuration:
 #0: stdout all=warning uptime,level,tags foldmultilines=false
 #1: stderr all=off uptime,level,tags foldmultilines=false

Release file:
JAVA_VERSION="25.0.4.1" 
MODULES="java.base java.datatransfer java.xml java.prefs java.desktop gluegen.rt java.compiler java.instrument java.logging java.management java.security.sasl java.naming java.rmi java.management.rmi java.net.http java.scripting java.security.jgss java.transaction.xa java.sql java.sql.rowset java.xml.crypto java.se java.smartcardio jogl.all jcef jdk.accessibility jdk.internal.jvmstat jdk.attach jdk.charsets jdk.internal.opt jdk.zipfs jdk.compiler jdk.crypto.cryptoki jdk.crypto.ec jdk.crypto.mscapi jdk.dynalink jdk.internal.ed jdk.editpad jdk.internal.vm.ci jdk.graal.compiler jdk.graal.compiler.management jdk.hotspot.agent jdk.httpserver jdk.incubator.vector jdk.internal.le jdk.internal.md jdk.jartool jdk.javadoc jdk.jcmd jdk.management jdk.management.agent jdk.jconsole jdk.jdeps jdk.jdwp.agent jdk.jdi jdk.jfr jdk.jlink jdk.jpackage jdk.jshell jdk.jsobject jdk.jstatd jdk.localedata jdk.management.jfr jdk.naming.dns jdk.naming.rmi jdk.net jdk.nio.mapmode jdk.sctp jdk.security.auth jdk.security.jgss jdk.unsupported jdk.unsupported.desktop jdk.xml.dom" 
IMPLEMENTOR="JetBrains s.r.o." 
IMPLEMENTOR_VERSION="JBRSDK-25.0.4.1+1-583.48-jcef" 
JAVA_RUNTIME_VERSION="25.0.4.1+1-b583.48" 
LIBC="default" 
OS_ARCH="x86_64" 
OS_NAME="Windows" 
SOURCE=".:git:868e6eaecc70+ VulkanSDK:git:183b6868ae0c jcef_git:git:4a605f44671a" 
JCEF_VERSION="150.0.14.1214+g3f4e03e" 
JCEF_COMMIT_HASH="3f4e03e099488e0e2ae264041986a9a1e19536a7" 
JCEF_VERSION_DETAILED=150.0.14-g7c1aa68-chromium-150.0.7871.129-api-1.21-263-b10

Environment Variables:
PATH=C:\Program Files\Common Files\Oracle\Java\javapath;C:\MinGW\bin;C:\WINDOWS\system32;C:\WINDOWS;C:\WINDOWS\System32\Wbem;C:\WINDOWS\System32\WindowsPowerShell\v1.0\;C:\WINDOWS\System32\OpenSSH\;C:\Program Files\dotnet\;C:\Program Files\Git\cmd;C:\Program Files\nodejs\;C:\Users\julye\AppData\Local\hermes\bin;C:\Program Files\Common Files\Oracle\Java\javapath;C:\WINDOWS\system32;C:\WINDOWS;C:\WINDOWS\System32\Wbem;C:\WINDOWS\System32\WindowsPowerShell\v1.0\;C:\WINDOWS\System32\OpenSSH\;C:\Program Files\dotnet\;C:\Users\julye\AppData\Local\Programs\Python\Launcher\;C:\Users\julye\AppData\Local\Microsoft\WindowsApps;C:\Users\julye\AppData\Local\spicetify;C:\Users\julye\AppData\Local\Programs\Microsoft VS Code\bin;C:\Users\julye\.dotnet\tools;c:\program files (x86)\steam\ext\bin;C:\altera_lite\25.1std\questa_fse\win64;C:\Users\julye\AppData\Local\GitHubDesktop\bin;C:\Users\julye\AppData\Local\Programs\cursor\resources\app\bin;C:\Users\julye\AppData\Roaming\npm;C:\Users\julye\AppData\Local\Microsoft\WinGet\Packages\BurntSushi.ripgrep.MSVC_Microsoft.Winget.Source_8wekyb3d8bbwe\ripgrep-15.2.0-x86_64-pc-windows-msvc;C:\Users\julye\AppData\Local\Microsoft\WinGet\Packages\Gyan.FFmpeg_Microsoft.Winget.Source_8wekyb3d8bbwe\ffmpeg-9.0.1-full_build\bin;
USERNAME=julye
OS=Windows_NT
PROCESSOR_IDENTIFIER=AMD64 Family 25 Model 80 Stepping 0, AuthenticAMD
TMP=C:\Users\julye\AppData\Local\Temp
TEMP=C:\Users\julye\AppData\Local\Temp




Compilation memory statistics disabled.

Periodic native trim disabled

JNI global refs:
JNI global refs: 61, weak refs: 55

JNI global refs memory usage: 835, weak refs: 1913

Process memory usage:
Resident Set Size: 102544K (0% of 16151348K total physical memory with 16300K free physical memory)

OOME stack traces (most recent first):
Classloader memory used:
Loader org.gradle.internal.classloader.VisitableURLClassLoader$InstrumentingVisitableURLClassLoader: 93876 K
Loader java.net.URLClassLoader                                                         : 93006 K
Loader org.gradle.internal.classloader.VisitableURLClassLoader                         : 60939 K
Loader bootstrap                                                                       : 22629 K
Loader org.gradle.internal.classloader.VisitableURLClassLoader                         : 22175 K
Loader org.gradle.initialization.MixInLegacyTypesClassLoader                           : 18886 K
Loader jdk.internal.loader.ClassLoaders$AppClassLoader                                 : 11073 K
Loader jdk.internal.loader.ClassLoaders$PlatformClassLoader                            : 938 K
Loader jdk.internal.jrtfs.JrtFileSystemProvider$JrtFsLoader                            : 297 K
Loader org.gradle.groovy.scripts.internal.DefaultScriptCompilationHandler$ScriptClassLoader: 157 K
Loader org.codehaus.groovy.runtime.callsite.CallSiteClassLoader                        : 76744 B
Loader sun.reflect.misc.MethodUtil                                                     : 3064 B

Classes loaded by more than one classloader:
Class com.google.testing.platform.lib.logging.jvm.LoggerExtKt                         : loaded 8 times (x 73B)
Class Program                                                                         : loaded 7 times (x 74B)
Class com.google.testing.platform.api.context.ContextExtKt                            : loaded 6 times (x 73B)
Class com.google.common.collect.Iterators                                             : loaded 4 times (x 73B)
Class com.google.common.util.concurrent.AbstractFuture$Trusted                        : loaded 4 times (x 72B)
Class com.google.common.base.CharMatcher$And                                          : loaded 4 times (x 114B)
Class kotlin.collections.MapsKt__MapsJVMKt                                            : loaded 4 times (x 73B)
Class com.google.common.collect.IndexedImmutableSet                                   : loaded 4 times (x 154B)
Class kotlin.reflect.KCallable                                                        : loaded 4 times (x 72B)
Class com.google.common.collect.ImmutableMap$1                                        : loaded 4 times (x 83B)
Class com.google.common.collect.RegularImmutableAsList                                : loaded 4 times (x 219B)
Class com.google.common.collect.BiMap                                                 : loaded 4 times (x 72B)
Class com.google.common.collect.RegularImmutableMap$KeySet                            : loaded 4 times (x 154B)
Class com.google.common.primitives.Ints                                               : loaded 4 times (x 73B)
Class kotlin.text.StringsKt__StringsKt                                                : loaded 4 times (x 73B)
Class kotlin.NotImplementedError                                                      : loaded 4 times (x 84B)
Class com.google.common.collect.AbstractIterator                                      : loaded 4 times (x 84B)
Class com.google.common.collect.ObjectArrays                                          : loaded 4 times (x 73B)
Class com.google.common.math.MathPreconditions                                        : loaded 4 times (x 73B)
Class com.google.common.collect.AbstractIndexedListIterator                           : loaded 4 times (x 98B)
Class kotlin.collections.ArraysKt__ArraysKt                                           : loaded 4 times (x 73B)
Class com.google.common.collect.Iterables                                             : loaded 4 times (x 73B)
Class kotlin.collections.CollectionsKt__MutableCollectionsKt                          : loaded 4 times (x 73B)
Class kotlin.reflect.KProperty2                                                       : loaded 4 times (x 72B)
Class com.google.common.base.Splitter$Strategy                                        : loaded 4 times (x 72B)
Class com.google.common.collect.ImmutableMapEntrySet                                  : loaded 4 times (x 154B)
Class kotlin.collections.SetsKt__SetsJVMKt                                            : loaded 4 times (x 73B)
Class com.google.common.collect.RegularImmutableSet                                   : loaded 4 times (x 150B)
Class com.google.common.collect.Iterators$MergingIterator                             : loaded 4 times (x 83B)
Class kotlin.Function                                                                 : loaded 4 times (x 72B)
Class com.google.common.collect.ImmutableList$Builder                                 : loaded 4 times (x 79B)
Class kotlin.reflect.KMutableProperty                                                 : loaded 4 times (x 72B)
Class kotlin.jvm.internal.PropertyReference                                           : loaded 4 times (x 117B)
Class com.google.common.util.concurrent.AbstractFuture$Cancellation                   : loaded 4 times (x 74B)
Class com.google.common.base.NullnessCasts                                            : loaded 4 times (x 73B)
Class com.google.common.collect.ImmutableMap$Builder                                  : loaded 4 times (x 84B)
Class kotlin.reflect.KClass                                                           : loaded 4 times (x 72B)
Class kotlin.reflect.KProperty1                                                       : loaded 4 times (x 72B)
Class kotlin.Pair                                                                     : loaded 4 times (x 74B)
Class com.google.common.collect.AbstractMapEntry                                      : loaded 4 times (x 83B)
Class [Lcom.google.common.base.AbstractIterator$State;                                : loaded 4 times (x 71B)
Class com.google.common.base.CharMatcher$IsEither                                     : loaded 4 times (x 113B)
Class kotlin.collections.CollectionsKt                                                : loaded 4 times (x 73B)
Class kotlin.reflect.KMutableProperty2                                                : loaded 4 times (x 72B)
Class com.google.common.collect.Iterators$SingletonIterator                           : loaded 4 times (x 83B)
Class com.google.common.collect.SingletonImmutableBiMap                               : loaded 4 times (x 145B)
Class [Lkotlin.reflect.KAnnotatedElement;                                             : loaded 4 times (x 71B)
Class com.google.common.primitives.IntsMethodsForWeb                                  : loaded 4 times (x 73B)
Class kotlin.jvm.JvmClassMappingKt                                                    : loaded 4 times (x 73B)
Class kotlin.reflect.KProperty                                                        : loaded 4 times (x 72B)
Class kotlin.jvm.internal.Reflection                                                  : loaded 4 times (x 73B)
Class kotlin.reflect.KProperty0                                                       : loaded 4 times (x 72B)
Class com.google.common.collect.UnmodifiableIterator                                  : loaded 4 times (x 82B)
Class kotlin.text.StringsKt__StringsJVMKt                                             : loaded 4 times (x 73B)
Class com.google.common.collect.SingletonImmutableList                                : loaded 4 times (x 209B)
Class kotlin.collections.CollectionsKt__ReversedViewsKt                               : loaded 4 times (x 73B)
Class com.google.common.collect.Platform                                              : loaded 4 times (x 73B)
Class kotlin.text.StringsKt__IndentKt                                                 : loaded 4 times (x 73B)
Class kotlin.collections.SetsKt                                                       : loaded 4 times (x 73B)
Class kotlin.reflect.KMutableProperty1                                                : loaded 4 times (x 72B)
Class kotlin.jvm.KotlinReflectionNotSupportedError                                    : loaded 4 times (x 84B)
Class com.google.common.collect.ImmutableList$SubList                                 : loaded 4 times (x 211B)
Class com.google.common.base.JdkPattern                                               : loaded 4 times (x 77B)
Class com.google.common.collect.ImmutableList$ReverseImmutableList                    : loaded 4 times (x 211B)
Class kotlin.reflect.KFunction                                                        : loaded 4 times (x 72B)
Class [Lkotlin.reflect.KDeclarationContainer;                                         : loaded 4 times (x 71B)
Class kotlin.text.CharsKt                                                             : loaded 4 times (x 73B)
Class kotlin.reflect.KClassifier                                                      : loaded 4 times (x 72B)
Class kotlin.collections.CollectionsKt__IteratorsJVMKt                                : loaded 4 times (x 73B)
Class kotlin.comparisons.ComparisonsKt___ComparisonsJvmKt                             : loaded 4 times (x 73B)
Class com.google.common.collect.Iterators$1                                           : loaded 4 times (x 83B)
Class kotlin.reflect.KMutableProperty0                                                : loaded 4 times (x 72B)
Class com.google.common.collect.ImmutableSet$SetBuilderImpl                           : loaded 4 times (x 78B)
Class com.google.common.base.Joiner                                                   : loaded 4 times (x 81B)
Class com.google.common.collect.SingletonImmutableSet                                 : loaded 4 times (x 148B)
Class com.google.common.collect.ImmutableMap$IteratorBasedImmutableMap                : loaded 4 times (x 128B)
Class kotlin.UninitializedPropertyAccessException                                     : loaded 4 times (x 84B)
Class kotlin.reflect.KProperty$Getter                                                 : loaded 4 times (x 72B)
Class com.google.common.collect.ImmutableList                                         : loaded 4 times (x 208B)
Class com.google.common.collect.Iterators$4                                           : loaded 4 times (x 84B)
Class com.google.common.util.concurrent.ExecutionError                                : loaded 4 times (x 84B)
Class com.google.common.collect.ImmutableBiMap                                        : loaded 4 times (x 145B)
Class kotlin.SafePublicationLazyImpl                                                  : loaded 4 times (x 78B)
Class com.google.common.util.concurrent.internal.InternalFutureFailureAccess          : loaded 4 times (x 74B)
Class com.google.common.collect.ImmutableSet$JdkBackedSetBuilderImpl                  : loaded 4 times (x 78B)
Class com.google.common.collect.ImmutableEnumSet                                      : loaded 4 times (x 148B)
Class com.google.common.collect.ImmutableList$1                                       : loaded 4 times (x 99B)
Class kotlin.jvm.internal.PropertyReference1Impl                                      : loaded 4 times (x 129B)
Class kotlin.SafePublicationLazyImpl$Companion                                        : loaded 4 times (x 73B)
Class kotlin.jvm.internal.MutablePropertyReference1                                   : loaded 4 times (x 139B)
Class Build_gradle                                                                    : loaded 4 times (x 128B)
Class kotlin.jvm.internal.markers.KMappedMarker                                       : loaded 4 times (x 72B)
Class [Lkotlin.reflect.KProperty;                                                     : loaded 4 times (x 71B)
Class kotlin.enums.EnumEntriesList                                                    : loaded 4 times (x 225B)
Class kotlin.jvm.internal.FunctionBase                                                : loaded 4 times (x 72B)
Class kotlin.jvm.internal.FunctionReference                                           : loaded 4 times (x 124B)
Class com.google.common.base.Splitter$SplittingIterator                               : loaded 4 times (x 85B)
Class com.google.common.collect.Iterators$ArrayItr                                    : loaded 4 times (x 99B)
Class com.google.common.base.CharMatcher$InRange                                      : loaded 4 times (x 113B)
Class com.google.common.collect.Iterators$5                                           : loaded 4 times (x 84B)
Class com.google.common.collect.ImmutableSet$Builder                                  : loaded 4 times (x 87B)
Class com.google.common.collect.ImmutableCollection$Builder                           : loaded 4 times (x 78B)
Class com.google.common.base.CharMatcher$ForPredicate                                 : loaded 4 times (x 114B)
Class kotlin.NoWhenBranchMatchedException                                             : loaded 4 times (x 84B)
Class kotlin.Lazy                                                                     : loaded 4 times (x 72B)
Class kotlin.jvm.functions.Function19                                                 : loaded 4 times (x 72B)
Class com.google.common.collect.ImmutableMapEntrySet$RegularEntrySet                  : loaded 4 times (x 154B)
Class com.google.common.base.CharMatcher$AnyOf                                        : loaded 4 times (x 114B)
Class com.google.common.collect.ImmutableCollection                                   : loaded 4 times (x 127B)
Class kotlin.collections.CollectionsKt__CollectionsJVMKt                              : loaded 4 times (x 73B)
Class com.google.common.collect.Maps$BiMapConverter                                   : loaded 4 times (x 92B)
Class kotlin.text.Regex$Companion                                                     : loaded 4 times (x 73B)
Class kotlin._Assertions                                                              : loaded 4 times (x 73B)
Class com.google.common.collect.RegularImmutableMap                                   : loaded 4 times (x 122B)
Class com.google.common.collect.ImmutableMap$MapViewOfValuesAsSingletonSets           : loaded 4 times (x 128B)
Class com.google.common.collect.Lists                                                 : loaded 4 times (x 73B)
Class com.google.common.base.Converter                                                : loaded 4 times (x 92B)
Class kotlin.text.StringsKt__StringBuilderKt                                          : loaded 4 times (x 73B)
Class kotlin.jvm.internal.CallableReference$NoReceiver                                : loaded 4 times (x 73B)
Class kotlin.jvm.functions.Function18                                                 : loaded 4 times (x 72B)
Class com.google.common.util.concurrent.ListenableFuture                              : loaded 4 times (x 72B)
Class com.google.common.collect.ImmutableSet$CachingAsList                            : loaded 4 times (x 150B)
Class kotlin.collections.CollectionsKt__IteratorsKt                                   : loaded 4 times (x 73B)
Class com.google.common.util.concurrent.AbstractFuture                                : loaded 4 times (x 108B)
Class kotlin.collections.ArraysKt__ArraysJVMKt                                        : loaded 4 times (x 73B)
Class kotlin.jvm.functions.Function17                                                 : loaded 4 times (x 72B)
Class com.google.common.collect.Iterators$9                                           : loaded 4 times (x 83B)
Class com.google.common.base.CharMatcher$NamedFastMatcher                             : loaded 4 times (x 114B)
Class com.google.common.base.CharMatcher$1                                            : loaded 4 times (x 115B)
Class com.google.common.collect.ImmutableAsList                                       : loaded 4 times (x 211B)
Class com.google.common.base.Joiner$2                                                 : loaded 4 times (x 81B)
Class kotlin.collections.MapsKt__MapsKt                                               : loaded 4 times (x 73B)
Class com.google.common.util.concurrent.UncheckedExecutionException                   : loaded 4 times (x 84B)
Class kotlin.LazyKt                                                                   : loaded 4 times (x 73B)
Class kotlin.collections.SetsKt__SetsKt                                               : loaded 4 times (x 73B)
Class kotlin.jvm.functions.Function16                                                 : loaded 4 times (x 72B)
Class com.google.common.collect.PeekingIterator                                       : loaded 4 times (x 72B)
Class kotlin.text.StringsKt                                                           : loaded 4 times (x 73B)
Class kotlin.LazyKt__LazyJVMKt                                                        : loaded 4 times (x 73B)
Class com.google.common.collect.Maps$EntryTransformer                                 : loaded 4 times (x 72B)
Class com.google.common.base.CharMatcher                                              : loaded 4 times (x 113B)
Class kotlin.collections.CollectionsKt__CollectionsKt                                 : loaded 4 times (x 73B)
Class com.google.common.base.Joiner$1                                                 : loaded 4 times (x 82B)
Class kotlin.collections.ArraysKt___ArraysJvmKt                                       : loaded 4 times (x 73B)
Class kotlin.text.StringsKt__RegexExtensionsJVMKt                                     : loaded 4 times (x 73B)
Class kotlin.reflect.KTypeParameter                                                   : loaded 4 times (x 72B)
Class com.google.common.collect.UnmodifiableListIterator                              : loaded 4 times (x 97B)
Class kotlin.collections.ArraysKt                                                     : loaded 4 times (x 73B)
Class kotlin.text.CharsKt__CharKt                                                     : loaded 4 times (x 73B)
Class kotlin.jvm.functions.Function15                                                 : loaded 4 times (x 72B)
Class com.google.common.base.Preconditions                                            : loaded 4 times (x 73B)
Class com.google.common.collect.Hashing                                               : loaded 4 times (x 73B)
Class kotlin.text.StringsKt__StringNumberConversionsKt                                : loaded 4 times (x 73B)
Class com.google.common.util.concurrent.AbstractFuture$Failure                        : loaded 4 times (x 74B)
Class com.google.common.base.PatternCompiler                                          : loaded 4 times (x 72B)
Class kotlin.ranges.RangesKt___RangesKt                                               : loaded 4 times (x 73B)
Class kotlin.jvm.functions.Function14                                                 : loaded 4 times (x 72B)
Class com.google.common.base.Splitter$1                                               : loaded 4 times (x 79B)
Class com.google.common.collect.RegularImmutableBiMap                                 : loaded 4 times (x 150B)
Class com.google.common.base.CharMatcher$Is                                           : loaded 4 times (x 113B)
Class com.google.common.base.CharMatcher$Negated                                      : loaded 4 times (x 115B)
Class com.google.common.collect.MapDifference                                         : loaded 4 times (x 72B)
Class com.google.common.base.CharMatcher$IsNot                                        : loaded 4 times (x 113B)
Class kotlin.KotlinNullPointerException                                               : loaded 4 times (x 84B)
Class kotlin.jvm.functions.Function13                                                 : loaded 4 times (x 72B)
Class com.google.common.base.CommonPattern                                            : loaded 4 times (x 76B)
Class com.google.common.collect.ImmutableMap$SerializedForm                           : loaded 4 times (x 75B)
Class com.google.common.math.IntMath                                                  : loaded 4 times (x 73B)
Class kotlin.collections.CollectionsKt__IterablesKt                                   : loaded 4 times (x 73B)
Class kotlin.collections.MapsKt                                                       : loaded 4 times (x 73B)
Class kotlin.jvm.functions.Function12                                                 : loaded 4 times (x 72B)
Class com.google.common.collect.RegularImmutableMap$BucketOverflowException           : loaded 4 times (x 84B)
Class kotlin.jvm.internal.CallableReference                                           : loaded 4 times (x 108B)
Class com.google.common.base.Platform$JdkPatternCompiler                              : loaded 4 times (x 77B)
Class com.google.common.collect.ImmutableMapEntry                                     : loaded 4 times (x 87B)
Class kotlin.jvm.functions.Function22                                                 : loaded 4 times (x 72B)
Class com.google.common.base.Function                                                 : loaded 4 times (x 72B)
Class com.google.common.util.concurrent.SettableFuture                                : loaded 4 times (x 116B)
Class com.google.common.collect.ImmutableMapEntry$NonTerminalImmutableMapEntry        : loaded 4 times (x 87B)
Class kotlin.enums.EnumEntries                                                        : loaded 4 times (x 72B)
Class com.google.common.collect.IndexedImmutableSet$1                                 : loaded 4 times (x 215B)
Class com.google.common.collect.RegularImmutableList                                  : loaded 4 times (x 215B)
Class kotlin.jvm.internal.PropertyReference0                                          : loaded 4 times (x 129B)
Class com.google.common.collect.Maps                                                  : loaded 4 times (x 73B)
Class com.google.common.util.concurrent.LazyLogger                                    : loaded 4 times (x 74B)
Class kotlin.jvm.functions.Function21                                                 : loaded 4 times (x 72B)
Class com.google.common.collect.Sets$4                                                : loaded 4 times (x 141B)
Class [Lkotlin.reflect.KClass;                                                        : loaded 4 times (x 71B)
Class kotlin.jvm.internal.DefaultConstructorMarker                                    : loaded 4 times (x 73B)
Class kotlin.jvm.internal.Intrinsics                                                  : loaded 4 times (x 73B)
Class kotlin.reflect.KAnnotatedElement                                                : loaded 4 times (x 72B)
Class kotlin.jvm.functions.Function11                                                 : loaded 4 times (x 72B)
Class kotlin.jvm.internal.PropertyReference1                                          : loaded 4 times (x 129B)
Class kotlin.LazyKt__LazyJVMKt$WhenMappings                                           : loaded 4 times (x 73B)
Class com.google.common.util.concurrent.AbstractFuture$TrustedFuture                  : loaded 4 times (x 116B)
Class kotlin.jvm.internal.MutablePropertyReference                                    : loaded 4 times (x 121B)
Class kotlin.LazyThreadSafetyMode                                                     : loaded 4 times (x 81B)
Class [Lkotlin.reflect.KClassifier;                                                   : loaded 4 times (x 71B)
Class [Lkotlin.LazyThreadSafetyMode;                                                  : loaded 4 times (x 71B)
Class kotlin.jvm.functions.Function9                                                  : loaded 4 times (x 72B)
Class kotlin.jvm.functions.Function10                                                 : loaded 4 times (x 72B)
Class com.google.common.base.Platform                                                 : loaded 4 times (x 73B)
Class com.google.common.collect.ImmutableSet$RegularSetBuilderImpl                    : loaded 4 times (x 78B)
Class com.google.common.collect.Lists$StringAsImmutableList                           : loaded 4 times (x 209B)
Class kotlin.text.StringsKt__RegexExtensionsKt                                        : loaded 4 times (x 73B)
Class kotlin.SynchronizedLazyImpl                                                     : loaded 4 times (x 78B)
Class com.google.common.collect.Maps$8                                                : loaded 4 times (x 84B)
Class kotlin.collections.CollectionsKt__MutableCollectionsJVMKt                       : loaded 4 times (x 73B)
Class kotlin.enums.EnumEntriesKt                                                      : loaded 4 times (x 73B)
Class kotlin.text.StringsKt___StringsKt                                               : loaded 4 times (x 73B)
Class kotlin.jvm.functions.Function20                                                 : loaded 4 times (x 72B)
Class com.google.common.base.CharMatcher$None                                         : loaded 4 times (x 114B)
Class com.google.common.collect.Sets$3                                                : loaded 4 times (x 141B)
Class kotlin.jvm.functions.Function8                                                  : loaded 4 times (x 72B)
Class kotlin.collections.AbstractList                                                 : loaded 4 times (x 199B)
Class kotlin.collections.AbstractCollection                                           : loaded 4 times (x 119B)
Class com.google.common.collect.Sets$SetView                                          : loaded 4 times (x 140B)
Class kotlin.text.Regex                                                               : loaded 4 times (x 74B)
Class kotlin.text.StringsKt__StringBuilderJVMKt                                       : loaded 4 times (x 73B)
Class com.google.common.base.AbstractIterator$State                                   : loaded 4 times (x 81B)
Class kotlin.LazyKt__LazyKt                                                           : loaded 4 times (x 73B)
Class kotlin.collections.AbstractList$Companion                                       : loaded 4 times (x 73B)
Class kotlin.collections.MapsKt__MapWithDefaultKt                                     : loaded 4 times (x 73B)
Class kotlin.jvm.internal.ReflectionFactory                                           : loaded 4 times (x 93B)
Class kotlin.jvm.functions.Function7                                                  : loaded 4 times (x 72B)
Class kotlin.UNINITIALIZED_VALUE                                                      : loaded 4 times (x 73B)
Class com.google.common.math.IntMath$1                                                : loaded 4 times (x 73B)
Class kotlin.jvm.internal.ClassBasedDeclarationContainer                              : loaded 4 times (x 72B)
Class kotlin.comparisons.ComparisonsKt__ComparisonsKt                                 : loaded 4 times (x 73B)
Class kotlin.collections.SetsKt___SetsKt                                              : loaded 4 times (x 73B)
Class kotlin.ranges.RangesKt__RangesKt                                                : loaded 4 times (x 73B)
Class com.google.common.base.AbstractIterator                                         : loaded 4 times (x 82B)
Class kotlin.text.StringsKt__StringNumberConversionsJVMKt                             : loaded 4 times (x 73B)
Class kotlin.collections.MapsKt___MapsKt                                              : loaded 4 times (x 73B)
Class com.google.common.collect.Sets$2                                                : loaded 4 times (x 141B)
Class kotlin.collections.ArraysKt___ArraysKt                                          : loaded 4 times (x 73B)
Class kotlin.comparisons.ComparisonsKt                                                : loaded 4 times (x 73B)
Class kotlin.jvm.functions.Function6                                                  : loaded 4 times (x 72B)
Class kotlin.comparisons.ComparisonsKt___ComparisonsKt                                : loaded 4 times (x 73B)
Class kotlin.text.CharsKt__CharJVMKt                                                  : loaded 4 times (x 73B)
Class com.google.common.base.CharMatcher$BitSetMatcher                                : loaded 4 times (x 114B)
Class com.google.common.collect.RegularImmutableMap$Values                            : loaded 4 times (x 209B)
Class com.google.common.collect.SortedMapDifference                                   : loaded 4 times (x 72B)
Class com.google.common.collect.ImmutableSet                                          : loaded 4 times (x 147B)
Class kotlin.text.StringsKt___StringsJvmKt                                            : loaded 4 times (x 73B)
Class kotlin.reflect.KDeclarationContainer                                            : loaded 4 times (x 72B)
Class kotlin.jvm.functions.Function5                                                  : loaded 4 times (x 72B)
Class kotlin.reflect.KType                                                            : loaded 4 times (x 72B)
Class com.google.common.collect.CollectPreconditions                                  : loaded 4 times (x 73B)
Class kotlin.collections.CollectionsKt___CollectionsJvmKt                             : loaded 4 times (x 73B)
Class com.google.common.util.concurrent.AbstractFuture$Listener                       : loaded 4 times (x 74B)
Class com.google.common.base.CharMatcher$Or                                           : loaded 4 times (x 114B)
Class kotlin.TuplesKt                                                                 : loaded 4 times (x 73B)
Class [Lkotlin.reflect.KCallable;                                                     : loaded 4 times (x 71B)
Class kotlin.reflect.KProperty$Accessor                                               : loaded 4 times (x 72B)
Class kotlin.collections.CollectionsKt___CollectionsKt                                : loaded 4 times (x 73B)
Class com.google.common.collect.Sets$1                                                : loaded 4 times (x 141B)
Class kotlin.jvm.functions.Function4                                                  : loaded 4 times (x 72B)
Class kotlin.ranges.RangesKt                                                          : loaded 4 times (x 73B)
Class com.google.common.collect.ImmutableEntry                                        : loaded 4 times (x 84B)
Class com.google.common.base.Splitter                                                 : loaded 4 times (x 74B)
Class com.google.common.collect.ImmutableList$SerializedForm                          : loaded 4 times (x 75B)
Class kotlin.collections.ArraysUtilJVM                                                : loaded 4 times (x 73B)
Class kotlin.jvm.functions.Function0                                                  : loaded 4 times (x 72B)
Class kotlin.collections.MapsKt___MapsJvmKt                                           : loaded 4 times (x 73B)
Class com.google.common.base.Strings                                                  : loaded 4 times (x 73B)
Class com.google.common.collect.ImmutableEnumMap                                      : loaded 4 times (x 128B)
Class kotlin.jvm.functions.Function3                                                  : loaded 4 times (x 72B)
Class com.google.common.base.CharMatcher$FastMatcher                                  : loaded 4 times (x 113B)
Class com.google.common.base.CharMatcher$NegatedFastMatcher                           : loaded 4 times (x 115B)
Class com.google.common.collect.Sets                                                  : loaded 4 times (x 73B)
Class kotlin.jvm.functions.Function1                                                  : loaded 4 times (x 72B)
Class com.google.common.base.Predicate                                                : loaded 4 times (x 72B)
Class com.google.common.collect.ImmutableMap                                          : loaded 4 times (x 122B)
Class kotlin.jvm.functions.Function2                                                  : loaded 4 times (x 72B)
Class kotlin.text.StringsKt__AppendableKt                                             : loaded 4 times (x 73B)
Class kotlin.jvm.internal.markers.KMutableIterator                                    : loaded 3 times (x 72B)
Class com.android.ddmlib.JdwpTracerFactory                                            : loaded 3 times (x 72B)
Class com.google.protobuf.Utf8$SafeProcessor                                          : loaded 3 times (x 79B)
Class com.google.protobuf.Internal                                                    : loaded 3 times (x 73B)
Class kotlin.properties.ReadWriteProperty                                             : loaded 3 times (x 72B)
Class kotlin.collections.AbstractMutableList                                          : loaded 3 times (x 208B)
Class kotlinx.coroutines.CoroutineStart                                               : loaded 3 times (x 81B)
Class kotlinx.coroutines.DebugKt                                                      : loaded 3 times (x 73B)
Class [Lcom.android.prefs.LocationValue;                                              : loaded 3 times (x 71B)
Class kotlinx.coroutines.JobKt__JobKt                                                 : loaded 3 times (x 73B)
Class kotlinx.coroutines.CompletedExceptionally                                       : loaded 3 times (x 74B)
Class kotlinx.coroutines.NodeList                                                     : loaded 3 times (x 81B)
Class com.android.ddmlib.CanceledException                                            : loaded 3 times (x 85B)
Class kotlin.reflect.jvm.internal.KDeclarationContainerImpl$Data                      : loaded 3 times (x 74B)
Class com.google.common.base.Ticker                                                   : loaded 3 times (x 74B)
Class kotlin.sequences.GeneratorSequence                                              : loaded 3 times (x 77B)
Class kotlin.sequences.FlatteningSequence$iterator$1                                  : loaded 3 times (x 81B)
Class kotlin.io.FileTreeWalk$WalkState                                                : loaded 3 times (x 75B)
Class kotlinx.coroutines.JobCancellationException                                     : loaded 3 times (x 87B)
Class kotlin.reflect.jvm.internal.KClassImpl                                          : loaded 3 times (x 117B)
Class com.android.ddmlib.AdbHelper$AdbService                                         : loaded 3 times (x 81B)
Class com.android.ddmlib.AdbCommandRejectedException                                  : loaded 3 times (x 86B)
Class [Lcom.android.ddmlib.AdbHelper$AdbService;                                      : loaded 3 times (x 71B)
Class kotlinx.coroutines.CoroutineId                                                  : loaded 3 times (x 95B)
Class com.android.prefs.AbstractAndroidLocations                                      : loaded 3 times (x 84B)
Class com.google.protobuf.ExtensionRegistryLite                                       : loaded 3 times (x 76B)
Class com.google.common.util.concurrent.AbstractFuture$Waiter                         : loaded 3 times (x 74B)
Class com.android.tools.utp.plugins.common.HostPluginAdapter                          : loaded 3 times (x 89B)
Class kotlin.io.FileTreeWalk$DirectoryState                                           : loaded 3 times (x 75B)
Class kotlin.reflect.jvm.internal.impl.builtins.PrimitiveType$Companion               : loaded 3 times (x 73B)
Class kotlin.reflect.jvm.internal.KClassImpl$Data                                     : loaded 3 times (x 74B)
Class com.google.protobuf.CodedOutputStream$UnsafeDirectNioEncoder                    : loaded 3 times (x 111B)
Class com.android.ddmlib.MultiLineReceiver                                            : loaded 3 times (x 84B)
Class [Lcom.google.common.collect.AbstractMapEntry;                                   : loaded 3 times (x 71B)
Class kotlin.annotation.Target                                                        : loaded 3 times (x 72B)
Class kotlin.sequences.SequencesKt___SequencesJvmKt                                   : loaded 3 times (x 73B)
Class kotlin.jvm.internal.ArrayIteratorKt                                             : loaded 3 times (x 73B)
Class kotlin.Unit                                                                     : loaded 3 times (x 73B)
Class kotlin.jvm.internal.markers.KMutableIterable                                    : loaded 3 times (x 72B)
Class kotlin.collections.EmptySet                                                     : loaded 3 times (x 124B)
Class com.android.ddmlib.TimeoutException                                             : loaded 3 times (x 84B)
Class kotlinx.coroutines.CoroutineStart$WhenMappings                                  : loaded 3 times (x 73B)
Class kotlin.io.FileTreeWalk$FileTreeWalkIterator                                     : loaded 3 times (x 85B)
Class kotlin.jvm.internal.FunctionReferenceImpl                                       : loaded 3 times (x 128B)
Class [Lcom.google.common.collect.ImmutableMapEntry;                                  : loaded 3 times (x 71B)
Class kotlin.reflect.jvm.internal.ReflectProperties$Val$1                             : loaded 3 times (x 73B)
Class com.android.prefs.VariableType                                                  : loaded 3 times (x 81B)
Class com.google.protobuf.ByteString                                                  : loaded 3 times (x 103B)
Class kotlinx.coroutines.DebugStringsKt                                               : loaded 3 times (x 73B)
Class com.google.protobuf.UnknownFieldSet                                             : loaded 3 times (x 89B)
Class kotlin.annotation.Retention                                                     : loaded 3 times (x 72B)
Class com.android.ddmlib.internal.DeviceImpl$ThrowingRunnable3                        : loaded 3 times (x 72B)
Class com.google.protobuf.AbstractMessage$BuilderParent                               : loaded 3 times (x 72B)
Class kotlinx.coroutines.Unconfined                                                   : loaded 3 times (x 101B)
Class kotlinx.coroutines.CompletableJob                                               : loaded 3 times (x 72B)
Class kotlinx.coroutines.TimeoutCancellationException                                 : loaded 3 times (x 87B)
Class kotlin.sequences.FilteringSequence                                              : loaded 3 times (x 77B)
Class kotlinx.coroutines.GlobalScope                                                  : loaded 3 times (x 76B)
Class com.google.protobuf.Internal$EnumLiteMap                                        : loaded 3 times (x 72B)
Class kotlin.reflect.jvm.internal.KTypeParameterOwnerImpl                             : loaded 3 times (x 72B)
Class kotlin.Result$Companion                                                         : loaded 3 times (x 73B)
Class com.android.ddmlib.Log                                                          : loaded 3 times (x 73B)
Class com.google.protobuf.AbstractMessage                                             : loaded 3 times (x 166B)
Class kotlin.sequences.SequencesKt___SequencesKt                                      : loaded 3 times (x 73B)
Class kotlin.reflect.jvm.internal.impl.builtins.jvm.JavaToKotlinClassMap$PlatformMutabilityMapping: loaded 3 times (x 74B)
Class kotlin.io.FilesKt                                                               : loaded 3 times (x 73B)
Class kotlin.text.MatchResult                                                         : loaded 3 times (x 72B)
Class kotlin.collections.builders.MapBuilder$EntryRef                                 : loaded 3 times (x 83B)
Class com.google.protobuf.Reader                                                      : loaded 3 times (x 72B)
Class com.google.protobuf.Utf8$Processor                                              : loaded 3 times (x 79B)
Class kotlin.KotlinVersion$Companion                                                  : loaded 3 times (x 73B)
Class com.android.ddmlib.internal.BatteryFetcher$1                                    : loaded 3 times (x 114B)
Class kotlin.sequences.SequencesKt__SequencesKt$sequenceOf$$inlined$Sequence$1        : loaded 3 times (x 77B)
Class kotlin.sequences.SequencesKt__SequencesKt                                       : loaded 3 times (x 73B)
Class kotlin.sequences.SequencesKt__SequencesKt$sequenceOf$1$1                        : loaded 3 times (x 81B)
Class com.google.testing.platform.runtime.android.controller.ext.AndroidDeviceControllerExtKt: loaded 3 times (x 73B)
Class kotlinx.coroutines.internal.Segment                                             : loaded 3 times (x 77B)
Class kotlinx.coroutines.AbstractCoroutine                                            : loaded 3 times (x 145B)
Class com.google.protobuf.LazyStringList                                              : loaded 3 times (x 72B)
Class [Lkotlin.reflect.jvm.internal.impl.resolve.jvm.JvmPrimitiveType;                : loaded 3 times (x 71B)
Class kotlin.sequences.Sequence                                                       : loaded 3 times (x 72B)
Class com.android.ddmlib.internal.jdwp.chunkhandler.HandleViewDebug                   : loaded 3 times (x 79B)
Class com.android.tools.utp.gradle.api.UtpDependency                                  : loaded 3 times (x 81B)
Class kotlinx.coroutines.Job$DefaultImpls                                             : loaded 3 times (x 73B)
Class [Lcom.android.prefs.VariableType;                                               : loaded 3 times (x 71B)
Class com.android.ddmlib.PropertyFetcher$1                                            : loaded 3 times (x 114B)
Class com.android.ddmlib.DDMLibJdwpTracer                                             : loaded 3 times (x 72B)
Class kotlin.reflect.jvm.internal.impl.name.Name                                      : loaded 3 times (x 77B)
Class com.android.ddmlib.AdbDelegateUsageTracker$Method                               : loaded 3 times (x 81B)
Class com.google.protobuf.MessageOrBuilder                                            : loaded 3 times (x 72B)
Class com.google.protobuf.Extension                                                   : loaded 3 times (x 87B)
Class com.google.common.util.concurrent.AbstractFuture$SafeAtomicHelper               : loaded 3 times (x 81B)
Class kotlin.Triple                                                                   : loaded 3 times (x 74B)
Class kotlinx.coroutines.JobNode                                                      : loaded 3 times (x 92B)
Class kotlinx.coroutines.ParentJob                                                    : loaded 3 times (x 72B)
Class com.android.utils.EnvironmentProvider$DirectEnvironmentProvider                 : loaded 3 times (x 82B)
Class kotlinx.coroutines.CancellableContinuation                                      : loaded 3 times (x 72B)
Class com.google.common.base.Splitter$1$1                                             : loaded 3 times (x 88B)
Class com.google.protobuf.MutabilityOracle                                            : loaded 3 times (x 72B)
Class com.android.prefs.QueryResult                                                   : loaded 3 times (x 84B)
Class com.android.utils.EnvironmentProvider                                           : loaded 3 times (x 72B)
Class com.google.protobuf.InvalidProtocolBufferException                              : loaded 3 times (x 89B)
Class com.google.common.util.concurrent.AbstractFuture$SynchronizedHelper             : loaded 3 times (x 80B)
Class kotlin.sequences.SequencesKt__SequencesJVMKt                                    : loaded 3 times (x 73B)
Class com.android.ddmlib.internal.jdwp.chunkhandler.HandleThread                      : loaded 3 times (x 79B)
Class com.android.ddmlib.internal.jdwp.chunkhandler.HandleTest                        : loaded 3 times (x 79B)
Class kotlin.reflect.jvm.internal.impl.name.FqNameUnsafe                              : loaded 3 times (x 74B)
Class kotlinx.coroutines.CopyableThreadContextElement                                 : loaded 3 times (x 72B)
Class com.google.protobuf.Internal$LongList                                           : loaded 3 times (x 72B)
Class kotlin.collections.builders.MapBuilder$Companion                                : loaded 3 times (x 73B)
Class kotlin.collections.EmptyIterator                                                : loaded 3 times (x 91B)
Class kotlin.jvm.internal.SpreadBuilder                                               : loaded 3 times (x 78B)
Class kotlinx.coroutines.CancellableContinuationKt                                    : loaded 3 times (x 73B)
Class kotlin.collections.CollectionsKt___CollectionsKt$asSequence$$inlined$Sequence$1 : loaded 3 times (x 77B)
Class [Lcom.android.ddmlib.IShellEnabledDevice;                                       : loaded 3 times (x 71B)
Class kotlinx.coroutines.internal.Symbol                                              : loaded 3 times (x 74B)
Class com.google.protobuf.Android                                                     : loaded 3 times (x 73B)
Class com.android.ddmlib.internal.DeviceMonitor$DeviceListComparisonResult            : loaded 3 times (x 74B)
Class com.android.ddmlib.AndroidDebugBridgeImpl$1                                     : loaded 3 times (x 114B)
Class kotlin.jvm.internal.ArrayIterator                                               : loaded 3 times (x 81B)
Class kotlin.reflect.jvm.internal.EmptyContainerForLocal                              : loaded 3 times (x 86B)
Class kotlin.reflect.full.IllegalPropertyDelegateAccessException                      : loaded 3 times (x 84B)
Class [Lkotlin.reflect.jvm.internal.impl.builtins.jvm.JavaToKotlinClassMap$PlatformMutabilityMapping;: loaded 3 times (x 71B)
Class com.android.ddmlib.internal.jdwp.chunkhandler.HandleNativeHeap                  : loaded 3 times (x 79B)
Class com.google.protobuf.UninitializedMessageException                               : loaded 3 times (x 86B)
Class kotlinx.coroutines.CoroutineContextKt                                           : loaded 3 times (x 73B)
Class com.android.ddmlib.IUserDataMap                                                 : loaded 3 times (x 72B)
Class kotlin.UnsafeLazyImpl                                                           : loaded 3 times (x 78B)
Class [Lcom.google.common.collect.ImmutableEntry;                                     : loaded 3 times (x 71B)
Class kotlinx.coroutines.IncompleteStateBox                                           : loaded 3 times (x 74B)
Class kotlin.annotation.MustBeDocumented                                              : loaded 3 times (x 72B)
Class com.android.ddmlib.ProfileableClient                                            : loaded 3 times (x 72B)
Class kotlin.jvm.internal.PropertyReference2                                          : loaded 3 times (x 129B)
Class kotlinx.coroutines.internal.LockFreeLinkedListNode                              : loaded 3 times (x 77B)
Class com.google.protobuf.LazyStringArrayList                                         : loaded 3 times (x 317B)
Class [Lcom.google.protobuf.ProtocolMessageEnum;                                      : loaded 3 times (x 71B)
Class com.android.ddmlib.Timeout                                                      : loaded 3 times (x 74B)
Class com.google.protobuf.UnsafeUtil$Android64MemoryAccessor                          : loaded 3 times (x 93B)
Class com.android.ddmlib.AndroidDebugBridgeImpl$2                                     : loaded 3 times (x 114B)
Class kotlin.io.LinesSequence                                                         : loaded 3 times (x 77B)
Class kotlin.reflect.jvm.internal.impl.name.FqName                                    : loaded 3 times (x 74B)
Class kotlin.reflect.full.IllegalCallableAccessException                              : loaded 3 times (x 84B)
Class com.google.protobuf.ByteString$2                                                : loaded 3 times (x 93B)
Class com.android.ddmlib.DdmJdwpExtension                                             : loaded 3 times (x 78B)
Class kotlin.reflect.jvm.internal.impl.name.ClassId                                   : loaded 3 times (x 74B)
Class com.google.protobuf.Internal$IntList                                            : loaded 3 times (x 72B)
Class kotlin.jvm.internal.markers.KMutableCollection                                  : loaded 3 times (x 72B)
Class kotlin.io.FileSystemException                                                   : loaded 3 times (x 84B)
Class kotlin.sequences.EmptySequence                                                  : loaded 3 times (x 80B)
Class kotlin.collections.builders.SetBuilder                                          : loaded 3 times (x 145B)
Class kotlin.ranges.IntRange$Companion                                                : loaded 3 times (x 73B)
Class com.android.ddmlib.internal.DeviceMonitor$MonitorErrorHandler                   : loaded 3 times (x 72B)
Class com.android.ddmlib.internal.jdwp.chunkhandler.HandleProfiling                   : loaded 3 times (x 79B)
Class kotlinx.coroutines.NonDisposableHandle                                          : loaded 3 times (x 80B)
Class com.google.common.base.Charsets                                                 : loaded 3 times (x 73B)
Class com.google.common.util.concurrent.Uninterruptibles                              : loaded 3 times (x 73B)
Class kotlin.reflect.jvm.internal.KDeclarationContainerImpl$Companion                 : loaded 3 times (x 73B)
Class com.android.tools.utp.gradle.api.RunUtpWorkParameters$UtpRunConfig              : loaded 3 times (x 72B)
Class com.android.build.gradle.internal.testing.utp.worker.RunUtpWorkAction           : loaded 3 times (x 80B)
Class com.android.ddmlib.internal.jdwp.chunkhandler.HandleSTAG                        : loaded 3 times (x 79B)
Class com.android.ddmlib.internal.DeviceListMonitorTask                               : loaded 3 times (x 83B)
Class com.android.ddmlib.AndroidDebugBridgeImpl$ThrowingSupplier1                     : loaded 3 times (x 72B)
Class com.android.sdklib.AndroidVersion                                               : loaded 3 times (x 77B)
Class kotlin.collections.EmptyMap                                                     : loaded 3 times (x 110B)
Class com.android.prefs.PathLocator                                                   : loaded 3 times (x 75B)
Class kotlinx.coroutines.Active                                                       : loaded 3 times (x 73B)
Class kotlinx.coroutines.CoroutineDispatcher                                          : loaded 3 times (x 101B)
Class kotlinx.coroutines.CancellableContinuationImpl                                  : loaded 3 times (x 130B)
Class kotlinx.coroutines.scheduling.SchedulerTimeSource                               : loaded 3 times (x 74B)
Class kotlinx.coroutines.scheduling.CoroutineScheduler                                : loaded 3 times (x 83B)
Class com.android.prefs.LocationValue                                                 : loaded 3 times (x 72B)
Class com.android.ddmlib.IDeviceUsageTracker$Method                                   : loaded 3 times (x 81B)
Class com.android.ddmlib.internal.DeviceImpl                                          : loaded 3 times (x 182B)
Class com.android.ddmlib.IDevice                                                      : loaded 3 times (x 72B)
Class com.google.protobuf.AbstractProtobufList                                        : loaded 3 times (x 231B)
Class kotlinx.coroutines.CompletionStateKt                                            : loaded 3 times (x 73B)
Class [Lcom.android.ddmlib.Log$LogLevel;                                              : loaded 3 times (x 71B)
Class com.android.sdklib.AndroidVersion$PreviewType                                   : loaded 3 times (x 81B)
Class kotlinx.coroutines.internal.SystemPropsKt                                       : loaded 3 times (x 73B)
Class kotlinx.coroutines.JobImpl                                                      : loaded 3 times (x 140B)
Class kotlin.properties.ReadOnlyProperty                                              : loaded 3 times (x 72B)
Class kotlin.ranges.IntRange                                                          : loaded 3 times (x 95B)
Class com.google.protobuf.Utf8$UnpairedSurrogateException                             : loaded 3 times (x 84B)
Class com.google.protobuf.ExtensionRegistry                                           : loaded 3 times (x 89B)
Class com.android.tools.utp.gradle.api.ShardConfig                                    : loaded 3 times (x 73B)
Class com.android.ddmlib.internal.BatteryFetcher                                      : loaded 3 times (x 76B)
Class kotlin.jvm.internal.markers.KMutableMap                                         : loaded 3 times (x 72B)
Class kotlin.collections.builders.MapBuilderEntries                                   : loaded 3 times (x 147B)
Class kotlin.reflect.jvm.internal.impl.descriptors.runtime.structure.ReflectClassUtilKt: loaded 3 times (x 73B)
Class com.android.ddmlib.internal.DeviceImpl$ThrowingRunnable1                        : loaded 3 times (x 72B)
Class com.android.ddmlib.DdmPreferences                                               : loaded 3 times (x 73B)
Class com.android.ddmlib.internal.commands.ICommand                                   : loaded 3 times (x 72B)
Class [Lcom.android.ddmlib.IDevice;                                                   : loaded 3 times (x 71B)
Class kotlin.collections.AbstractList$IteratorImpl                                    : loaded 3 times (x 84B)
Class com.android.ddmlib.Log$LogLevel                                                 : loaded 3 times (x 81B)
Class kotlin.io.FileTreeWalk$FileTreeWalkIterator$TopDownDirectoryState               : loaded 3 times (x 75B)
Class kotlin.reflect.jvm.internal.impl.builtins.PrimitiveType                         : loaded 3 times (x 81B)
Class kotlinx.coroutines.internal.LockFreeTaskQueueCore$Companion                     : loaded 3 times (x 73B)
Class com.google.protobuf.UnsafeUtil                                                  : loaded 3 times (x 73B)
Class com.google.protobuf.Message$Builder                                             : loaded 3 times (x 72B)
Class kotlin.text.Charsets                                                            : loaded 3 times (x 73B)
Class com.android.ddmlib.AdbHelper$AdbResponse                                        : loaded 3 times (x 74B)
Class com.android.ddmlib.PropertyFetcher$CacheState                                   : loaded 3 times (x 81B)
Class kotlinx.coroutines.ChildContinuation                                            : loaded 3 times (x 92B)
Class kotlin.jvm.internal.MutablePropertyReference1Impl                               : loaded 3 times (x 178B)
Class [Lkotlin.sequences.Sequence;                                                    : loaded 3 times (x 71B)
Class com.android.ddmlib.internal.jdwp.chunkhandler.HandleNativeHeap$NativeBuffer32   : loaded 3 times (x 76B)
Class com.google.protobuf.FieldSet$FieldDescriptorLite                                : loaded 3 times (x 72B)
Class com.google.protobuf.ExtensionLite                                               : loaded 3 times (x 79B)
Class kotlinx.coroutines.ChildHandleNode                                              : loaded 3 times (x 96B)
Class kotlinx.coroutines.scheduling.SchedulerCoroutineDispatcher                      : loaded 3 times (x 109B)
Class kotlin.ranges.IntProgression                                                    : loaded 3 times (x 83B)
Class [Lcom.android.ddmlib.IDevice$DeviceState;                                       : loaded 3 times (x 71B)
Class kotlin.ranges.OpenEndRange                                                      : loaded 3 times (x 72B)
Class com.android.ddmlib.TimeoutRemainder                                             : loaded 3 times (x 77B)
Class com.android.ddmlib.internal.AdbSocketUtils                                      : loaded 3 times (x 73B)
Class com.android.ddmlib.SyncException                                                : loaded 3 times (x 86B)
Class kotlin.io.FilesKt__FileReadWriteKt                                              : loaded 3 times (x 73B)
Class kotlinx.coroutines.DispatchedTask                                               : loaded 3 times (x 83B)
Class [Lkotlin.Pair;                                                                  : loaded 3 times (x 71B)
Class kotlin.jvm.internal.markers.KMutableList                                        : loaded 3 times (x 72B)
Class com.android.ddmlib.AdbInitOptions$Builder                                       : loaded 3 times (x 86B)
Class kotlin.sequences.TransformingSequence                                           : loaded 3 times (x 77B)
Class com.google.protobuf.IterableByteBufferInputStream                               : loaded 3 times (x 94B)
Class kotlinx.coroutines.ChildJob                                                     : loaded 3 times (x 72B)
Class com.google.protobuf.InvalidProtocolBufferException$InvalidWireTypeException     : loaded 3 times (x 89B)
Class com.google.protobuf.Internal$BooleanList                                        : loaded 3 times (x 72B)
Class com.google.protobuf.Internal$FloatList                                          : loaded 3 times (x 72B)
Class com.google.protobuf.MessageLiteOrBuilder                                        : loaded 3 times (x 72B)
Class kotlinx.coroutines.internal.SystemPropsKt__SystemPropsKt                        : loaded 3 times (x 73B)
Class com.android.utils.ILogger                                                       : loaded 3 times (x 72B)
Class com.android.utils.NullLogger                                                    : loaded 3 times (x 87B)
Class kotlinx.coroutines.BuildersKt__Builders_commonKt                                : loaded 3 times (x 73B)
Class kotlinx.coroutines.CoroutineName$Key                                            : loaded 3 times (x 73B)
Class kotlinx.coroutines.scheduling.TasksKt                                           : loaded 3 times (x 73B)
Class kotlinx.coroutines.ChildHandle                                                  : loaded 3 times (x 72B)
Class kotlinx.coroutines.CopyableThrowable                                            : loaded 3 times (x 72B)
Class kotlinx.coroutines.CoroutineScope                                               : loaded 3 times (x 72B)
Class com.android.ddmlib.internal.DeviceMonitor$DeviceListUpdateListener              : loaded 3 times (x 82B)
Class kotlin.jvm.internal.markers.KMutableSet                                         : loaded 3 times (x 72B)
Class com.google.protobuf.PrimitiveNonBoxingCollection                                : loaded 3 times (x 72B)
Class com.android.ddmlib.TimeoutRemainder$DefaultSystemNanoTime                       : loaded 3 times (x 77B)
Class com.android.ddmlib.AdbVersion                                                   : loaded 3 times (x 78B)
Class com.android.ddmlib.internal.jdwp.chunkhandler.HandleNativeHeap$NativeBuffer     : loaded 3 times (x 76B)
Class kotlinx.coroutines.internal.Removed                                             : loaded 3 times (x 74B)
Class com.android.ddmlib.TimeoutRemainder$SystemNanoTimeProvider                      : loaded 3 times (x 72B)
Class kotlin.InitializedLazyImpl                                                      : loaded 3 times (x 78B)
Class kotlin.sequences.SequencesKt                                                    : loaded 3 times (x 73B)
Class kotlin.KotlinVersionCurrentValue                                                : loaded 3 times (x 73B)
Class kotlin.collections.IndexedValue                                                 : loaded 3 times (x 74B)
Class kotlin.collections.builders.MapBuilder$Itr                                      : loaded 3 times (x 74B)
Class kotlin.ranges.IntProgression$Companion                                          : loaded 3 times (x 73B)
Class kotlin.reflect.jvm.internal.impl.name.SpecialNames                              : loaded 3 times (x 73B)
Class kotlin.collections.builders.MapBuilder                                          : loaded 3 times (x 114B)
Class com.android.ddmlib.InstallReceiver                                              : loaded 3 times (x 88B)
Class [Lcom.android.ddmlib.IDeviceUsageTracker$Method;                                : loaded 3 times (x 71B)
Class com.android.ddmlib.AdbHelper                                                    : loaded 3 times (x 73B)
Class com.android.ddmlib.internal.jdwp.chunkhandler.ChunkHandler                      : loaded 3 times (x 79B)
Class com.google.protobuf.CodedOutputStream$HeapNioEncoder                            : loaded 3 times (x 112B)
Class com.google.protobuf.CodedOutputStream$ArrayEncoder                              : loaded 3 times (x 111B)
Class com.google.protobuf.ByteString$ByteArrayCopier                                  : loaded 3 times (x 72B)
Class kotlin.jvm.internal.MutablePropertyReference2                                   : loaded 3 times (x 139B)
Class kotlin.reflect.jvm.internal.ReflectProperties$Val                               : loaded 3 times (x 76B)
Class com.android.ddmlib.jdwp.JdwpExtension                                           : loaded 3 times (x 74B)
Class com.google.common.base.Ticker$1                                                 : loaded 3 times (x 74B)
Class com.android.ddmlib.IDeviceSharedImpl                                            : loaded 3 times (x 89B)
Class kotlin.io.FilesKt__UtilsKt                                                      : loaded 3 times (x 73B)
Class com.android.prefs.Global                                                        : loaded 3 times (x 81B)
Class com.android.ddmlib.AdbInitOptions                                               : loaded 3 times (x 74B)
Class com.android.ddmlib.jdwp.JdwpInterceptor                                         : loaded 3 times (x 74B)
Class com.android.ddmlib.internal.jdwp.chunkhandler.HandleNativeHeap$NativeBuffer64   : loaded 3 times (x 76B)
Class [Lcom.android.prefs.Global;                                                     : loaded 3 times (x 71B)
Class com.google.protobuf.WireFormat                                                  : loaded 3 times (x 73B)
Class com.android.ddmlib.internal.DeviceMonitor                                       : loaded 3 times (x 79B)
Class kotlin.text.RegexKt                                                             : loaded 3 times (x 73B)
Class kotlin.reflect.jvm.internal.KDeclarationContainerImpl                           : loaded 3 times (x 86B)
Class com.android.tools.utp.gradle.api.RunUtpWorkParameters                           : loaded 3 times (x 72B)
Class com.android.ddmlib.AndroidDebugBridgeChangeEvents                               : loaded 3 times (x 90B)
Class com.google.protobuf.AbstractMessageLite                                         : loaded 3 times (x 103B)
Class com.android.ddmlib.ClientTracker                                                : loaded 3 times (x 72B)
Class kotlinx.coroutines.Job$Key                                                      : loaded 3 times (x 73B)
Class com.android.ddmlib.IDevice$DeviceState                                          : loaded 3 times (x 81B)
Class com.google.common.util.concurrent.AbstractFuture$UnsafeAtomicHelper             : loaded 3 times (x 80B)
Class kotlin.reflect.KMutableProperty$Setter                                          : loaded 3 times (x 72B)
Class kotlinx.coroutines.DisposableHandle                                             : loaded 3 times (x 72B)
Class com.android.tools.utp.gradle.api.EmulatorControlConfig                          : loaded 3 times (x 74B)
Class kotlinx.coroutines.Incomplete                                                   : loaded 3 times (x 72B)
Class com.android.ProgressManagerAdapter                                              : loaded 3 times (x 75B)
Class com.google.protobuf.Descriptors$GenericDescriptor                               : loaded 3 times (x 83B)
Class com.google.protobuf.AbstractParser                                              : loaded 3 times (x 152B)
Class com.google.protobuf.ByteString$LeafByteString                                   : loaded 3 times (x 105B)
Class com.google.protobuf.Descriptors$Descriptor                                      : loaded 3 times (x 83B)
Class kotlinx.coroutines.AbstractTimeSourceKt                                         : loaded 3 times (x 73B)
Class kotlinx.coroutines.CoroutineName                                                : loaded 3 times (x 91B)
Class kotlin.sequences.ConstrainedOnceSequence                                        : loaded 3 times (x 77B)
Class com.android.ddmlib.DebugViewDumpHandler                                         : loaded 3 times (x 78B)
Class kotlinx.coroutines.Empty                                                        : loaded 3 times (x 77B)
Class [Lkotlin.annotation.AnnotationTarget;                                           : loaded 3 times (x 71B)
Class com.google.protobuf.CodedInputStream$StreamDecoder                              : loaded 3 times (x 121B)
Class [Lcom.google.protobuf.Internal$EnumLite;                                        : loaded 3 times (x 71B)
Class kotlin.reflect.jvm.internal.ReflectProperties                                   : loaded 3 times (x 73B)
Class com.google.common.io.Closeables                                                 : loaded 3 times (x 73B)
Class com.google.protobuf.CodedInputStream$ArrayDecoder                               : loaded 3 times (x 121B)
Class com.android.ddmlib.internal.DebugViewChunkHandler                               : loaded 3 times (x 80B)
Class com.google.protobuf.Parser                                                      : loaded 3 times (x 72B)
Class com.android.ddmlib.IShellEnabledDevice                                          : loaded 3 times (x 72B)
Class [Lkotlin.io.FileWalkDirection;                                                  : loaded 3 times (x 71B)
Class com.android.ddmlib.JdwpProcessor                                                : loaded 3 times (x 72B)
Class com.google.protobuf.MessageLite$Builder                                         : loaded 3 times (x 72B)
Class kotlinx.coroutines.internal.ConcurrentLinkedListNode                            : loaded 3 times (x 75B)
Class kotlin.properties.Delegates                                                     : loaded 3 times (x 73B)
Class kotlin.Metadata                                                                 : loaded 3 times (x 72B)
Class kotlin.collections.AbstractMutableSet                                           : loaded 3 times (x 144B)
Class com.android.ddmlib.InstallMetrics                                               : loaded 3 times (x 77B)
Class com.google.common.util.concurrent.ImmediateFuture                               : loaded 3 times (x 101B)
Class com.google.common.util.concurrent.Futures                                       : loaded 3 times (x 73B)
Class com.google.protobuf.Utf8                                                        : loaded 3 times (x 73B)
Class com.google.protobuf.ProtocolStringList                                          : loaded 3 times (x 72B)
Class com.android.ddmlib.clientmanager.ClientManager                                  : loaded 3 times (x 72B)
Class kotlinx.coroutines.scheduling.CoroutineScheduler$Companion                      : loaded 3 times (x 73B)
Class com.android.ddmlib.PropertyFetcher$GetPropReceiver                              : loaded 3 times (x 85B)
Class kotlin.jvm.internal.markers.KMutableMap$Entry                                   : loaded 3 times (x 72B)
Class kotlin.sequences.SequencesKt__SequenceBuilderKt                                 : loaded 3 times (x 73B)
Class com.android.ddmlib.internal.jdwp.chunkhandler.HandleViewDebug$NullChunkHandler  : loaded 3 times (x 78B)
Class com.google.protobuf.UnsafeUtil$MemoryAccessor                                   : loaded 3 times (x 93B)
Class [Lcom.android.tools.utp.gradle.api.UtpDependency;                               : loaded 3 times (x 71B)
Class com.google.protobuf.GeneratedMessage$GeneratedExtension                         : loaded 3 times (x 89B)
Class com.android.ddmlib.internal.DefaultJdwpProcessorFactory                         : loaded 3 times (x 77B)
Class kotlin.reflect.jvm.internal.impl.name.FqNamesUtilKt                             : loaded 3 times (x 73B)
Class kotlin.jvm.internal.Lambda                                                      : loaded 3 times (x 77B)
Class kotlin.sequences.FilteringSequence$iterator$1                                   : loaded 3 times (x 81B)
Class kotlin.io.FilesKt__FileTreeWalkKt                                               : loaded 3 times (x 73B)
Class kotlin.io.FileTreeWalk                                                          : loaded 3 times (x 77B)
Class kotlin.collections.builders.ListBuilder$Companion                               : loaded 3 times (x 73B)
Class kotlin.collections.builders.ListBuilder                                         : loaded 3 times (x 209B)
Class kotlin.collections.builders.AbstractMapBuilderEntrySet                          : loaded 3 times (x 146B)
Class com.android.ddmlib.AndroidDebugBridge$AdbOutputProcessor                        : loaded 3 times (x 72B)
Class com.android.prefs.AndroidLocationsProvider                                      : loaded 3 times (x 72B)
Class kotlinx.coroutines.CoroutineDispatcher$Key                                      : loaded 3 times (x 74B)
Class [Lkotlinx.coroutines.CoroutineStart;                                            : loaded 3 times (x 71B)
Class com.google.common.util.concurrent.AbstractFuture$AtomicHelper                   : loaded 3 times (x 80B)
Class com.android.ddmlib.InstallException                                             : loaded 3 times (x 86B)
Class com.android.sdklib.AndroidApiLevel$Companion                                    : loaded 3 times (x 73B)
Class kotlinx.coroutines.scheduling.Task                                              : loaded 3 times (x 78B)
Class [Lkotlin.reflect.jvm.internal.impl.name.FqName;                                 : loaded 3 times (x 71B)
Class com.android.ddmlib.DdmJdwpExtension$DdmInterceptor                              : loaded 3 times (x 75B)
Class com.android.ddmlib.Client                                                       : loaded 3 times (x 72B)
Class kotlin.jvm.internal.CollectionToArray                                           : loaded 3 times (x 73B)
Class com.android.ddmlib.internal.DeviceListMonitorTask$UpdateListener                : loaded 3 times (x 72B)
Class [Lcom.android.ddmlib.PropertyFetcher$CacheState;                                : loaded 3 times (x 71B)
Class com.android.tools.utp.gradle.api.TestData                                       : loaded 3 times (x 74B)
Class kotlinx.coroutines.NotCompleted                                                 : loaded 3 times (x 72B)
Class com.google.common.util.concurrent.AbstractFuture$SetFuture                      : loaded 3 times (x 77B)
Class kotlinx.coroutines.CompletedContinuation                                        : loaded 3 times (x 74B)
Class kotlinx.coroutines.internal.LockFreeTaskQueue                                   : loaded 3 times (x 74B)
Class kotlin.jvm.internal.MutablePropertyReference0                                   : loaded 3 times (x 139B)
Class com.android.ddmlib.AndroidDebugBridgeBase                                       : loaded 3 times (x 165B)
Class kotlinx.coroutines.scheduling.NanoTimeSource                                    : loaded 3 times (x 74B)
Class com.google.protobuf.UnknownFieldSet$Parser                                      : loaded 3 times (x 152B)
Class com.google.common.base.Splitter$5                                               : loaded 3 times (x 82B)
Class com.google.protobuf.ByteString$LiteralByteString                                : loaded 3 times (x 108B)
Class com.google.protobuf.Utf8$UnsafeProcessor                                        : loaded 3 times (x 79B)
Class kotlin.collections.IntIterator                                                  : loaded 3 times (x 84B)
Class kotlin.reflect.jvm.internal.impl.builtins.CompanionObjectMapping                : loaded 3 times (x 73B)
Class com.google.protobuf.ByteString$ByteIterator                                     : loaded 3 times (x 72B)
Class kotlin.reflect.jvm.internal.impl.resolve.jvm.JvmPrimitiveType                   : loaded 3 times (x 81B)
Class com.android.ddmlib.internal.MonitorThread                                       : loaded 3 times (x 114B)
Class kotlin.Result                                                                   : loaded 3 times (x 74B)
Class com.google.protobuf.MapField                                                    : loaded 3 times (x 91B)
Class com.android.ddmlib.AndroidDebugBridge                                           : loaded 3 times (x 83B)
Class com.android.prefs.PathLocator$singlePathOf$values$2                             : loaded 3 times (x 80B)
Class kotlinx.coroutines.ThreadContextElement                                         : loaded 3 times (x 72B)
Class kotlinx.coroutines.internal.SystemPropsKt__SystemProps_commonKt                 : loaded 3 times (x 73B)
Class kotlinx.coroutines.DispatchedTaskKt                                             : loaded 3 times (x 73B)
Class kotlin.ranges.ClosedRange                                                       : loaded 3 times (x 72B)
Class kotlin.annotation.AnnotationTarget                                              : loaded 3 times (x 81B)
Class com.google.protobuf.CodedInputStream$UnsafeDirectNioDecoder                     : loaded 3 times (x 121B)
Class kotlinx.coroutines.scheduling.DefaultScheduler                                  : loaded 3 times (x 109B)
Class kotlinx.coroutines.Dispatchers                                                  : loaded 3 times (x 73B)
Class com.android.prefs.PathLocator$singlePathOf$values$1                             : loaded 3 times (x 81B)
Class com.google.protobuf.CodedOutputStream$OutputStreamEncoder                       : loaded 3 times (x 112B)
Class com.android.sdklib.AndroidApiLevel                                              : loaded 3 times (x 76B)
Class com.google.protobuf.Message                                                     : loaded 3 times (x 72B)
Class kotlin.reflect.jvm.internal.ReflectProperties$LazySoftVal                       : loaded 3 times (x 80B)
Class com.android.ddmlib.AndroidDebugBridgeImpl$MonitorErrorHandler                   : loaded 3 times (x 77B)
Class com.google.common.util.concurrent.OverflowAvoidingLockSupport                   : loaded 3 times (x 73B)
Class kotlin.reflect.jvm.internal.impl.builtins.StandardNames                         : loaded 3 times (x 73B)
Class [Lkotlin.reflect.jvm.internal.impl.builtins.PrimitiveType;                      : loaded 3 times (x 71B)
Class com.android.ddmlib.JdwpProcessorFactory                                         : loaded 3 times (x 72B)
Class com.android.tools.utp.gradle.api.UtpDependency$13                               : loaded 3 times (x 133B)
Class kotlin.collections.IndexingIterator                                             : loaded 3 times (x 81B)
Class com.android.prefs.PathLocator$WhenMappings                                      : loaded 3 times (x 73B)
Class com.android.ddmlib.AndroidDebugBridgeDelegate                                   : loaded 3 times (x 72B)
Class com.android.ddmlib.AndroidDebugBridgeImpl                                       : loaded 3 times (x 166B)
Class kotlinx.coroutines.CoroutineScopeKt                                             : loaded 3 times (x 73B)
Class kotlinx.coroutines.BuildersKt                                                   : loaded 3 times (x 73B)
Class kotlin.io.NoSuchFileException                                                   : loaded 3 times (x 84B)
Class kotlinx.coroutines.internal.ThreadContextKt                                     : loaded 3 times (x 73B)
Class com.android.ddmlib.ShellCommandUnresponsiveException                            : loaded 3 times (x 84B)
Class com.android.tools.utp.gradle.api.UtpDependency$12                               : loaded 3 times (x 133B)
Class kotlin.sequences.TransformingSequence$iterator$1                                : loaded 3 times (x 81B)
Class com.google.protobuf.CodedOutputStream$ByteOutputEncoder                         : loaded 3 times (x 112B)
Class kotlinx.coroutines.internal.ScopeCoroutine                                      : loaded 3 times (x 149B)
Class kotlinx.coroutines.intrinsics.CancellableKt                                     : loaded 3 times (x 73B)
Class com.google.common.util.concurrent.NullnessCasts                                 : loaded 3 times (x 73B)
Class kotlinx.coroutines.CancelHandler                                                : loaded 3 times (x 78B)
Class com.google.protobuf.CodedOutputStream$SafeDirectNioEncoder                      : loaded 3 times (x 111B)
Class com.android.ddmlib.DefaultJdwpTracerFactory                                     : loaded 3 times (x 77B)
Class com.android.ddmlib.internal.jdwp.chunkhandler.HandleAppName                     : loaded 3 times (x 79B)
Class com.android.prefs.AbstractAndroidLocations$Companion                            : loaded 3 times (x 73B)
Class com.android.prefs.VariableValue                                                 : loaded 3 times (x 84B)
Class com.android.tools.utp.gradle.api.UtpDependency$11                               : loaded 3 times (x 133B)
Class kotlinx.coroutines.internal.LockFreeTaskQueueCore                               : loaded 3 times (x 74B)
Class kotlinx.coroutines.internal.LockFreeLinkedListHead                              : loaded 3 times (x 77B)
Class com.google.common.base.Stopwatch                                                : loaded 3 times (x 74B)
Class kotlin.io.FileAlreadyExistsException                                            : loaded 3 times (x 84B)
Class kotlin.KotlinVersion                                                            : loaded 3 times (x 76B)
Class kotlin.internal.ProgressionUtilKt                                               : loaded 3 times (x 73B)
Class com.google.protobuf.AbstractMessage$Builder                                     : loaded 3 times (x 259B)
Class com.google.protobuf.ExtensionRegistry$ExtensionInfo                             : loaded 3 times (x 74B)
Class com.android.tools.utp.gradle.api.UtpDependency$9                                : loaded 3 times (x 133B)
Class com.android.tools.utp.gradle.api.UtpDependency$10                               : loaded 3 times (x 133B)
Class com.google.protobuf.ByteString$BoundedByteString                                : loaded 3 times (x 108B)
Class kotlinx.coroutines.internal.DispatchedContinuationKt                            : loaded 3 times (x 73B)
Class com.google.protobuf.ExtensionRegistryFactory                                    : loaded 3 times (x 73B)
Class com.google.protobuf.ProtocolMessageEnum                                         : loaded 3 times (x 72B)
Class kotlinx.coroutines.scheduling.GlobalQueue                                       : loaded 3 times (x 74B)
Class kotlin.reflect.jvm.internal.RuntimeTypeMapper                                   : loaded 3 times (x 73B)
Class kotlin.reflect.jvm.internal.KotlinReflectionInternalError                       : loaded 3 times (x 84B)
Class com.google.protobuf.CodedOutputStream$AbstractBufferedEncoder                   : loaded 3 times (x 111B)
Class kotlin.reflect.jvm.internal.impl.builtins.jvm.JavaToKotlinClassMap              : loaded 3 times (x 73B)
Class kotlin.ranges.IntProgressionIterator                                            : loaded 3 times (x 84B)
Class com.android.ddmlib.internal.jdwp.chunkhandler.HandleHello                       : loaded 3 times (x 79B)
Class com.google.protobuf.Internal$ProtobufList                                       : loaded 3 times (x 72B)
Class com.android.tools.utp.gradle.api.UtpDependency$8                                : loaded 3 times (x 133B)
Class com.google.protobuf.UnsafeUtil$1                                                : loaded 3 times (x 78B)
Class com.google.protobuf.ByteString$ArraysByteArrayCopier                            : loaded 3 times (x 76B)
Class kotlin.sequences.DropTakeSequence                                               : loaded 3 times (x 72B)
Class kotlin.sequences.FlatteningSequence                                             : loaded 3 times (x 77B)
Class kotlinx.coroutines.Job                                                          : loaded 3 times (x 72B)
Class kotlin.collections.IndexingIterable                                             : loaded 3 times (x 81B)
Class com.google.protobuf.Writer                                                      : loaded 3 times (x 72B)
Class kotlin.Result$Failure                                                           : loaded 3 times (x 74B)
Class kotlin.sequences.GeneratorSequence$iterator$1                                   : loaded 3 times (x 81B)
Class com.google.protobuf.CodedInputStream                                            : loaded 3 times (x 121B)
Class [Lcom.android.ddmlib.AdbDelegateUsageTracker$Method;                            : loaded 3 times (x 71B)
Class com.android.tools.utp.gradle.api.UtpDependency$7                                : loaded 3 times (x 133B)
Class kotlinx.coroutines.ExecutorCoroutineDispatcher                                  : loaded 3 times (x 109B)
Class kotlin.io.TextStreamsKt                                                         : loaded 3 times (x 73B)
Class kotlin.io.CloseableKt                                                           : loaded 3 times (x 73B)
Class com.android.ddmlib.PropertyFetcher                                              : loaded 3 times (x 74B)
Class com.android.ddmlib.internal.UserDataMapImpl                                     : loaded 3 times (x 82B)
Class com.google.protobuf.MessageLite                                                 : loaded 3 times (x 72B)
Class com.google.testing.platform.runtime.android.controller.ext.AndroidDeviceControllerExtKt$logger$2: loaded 3 times (x 80B)
Class kotlin.jvm.internal.KotlinGenericDeclaration                                    : loaded 3 times (x 72B)
Class com.android.tools.utp.gradle.api.UtpDependencies                                : loaded 3 times (x 86B)
Class com.android.prefs.AndroidLocationsException                                     : loaded 3 times (x 84B)
Class com.google.protobuf.Internal$DoubleList                                         : loaded 3 times (x 72B)
Class com.google.protobuf.CodedInputStream$IterableDirectByteBufferDecoder            : loaded 3 times (x 121B)
Class com.android.ddmlib.IShellOutputReceiver                                         : loaded 3 times (x 72B)
Class com.android.ddmlib.CommandFailedException                                       : loaded 3 times (x 84B)
Class com.google.common.util.concurrent.AbstractFuture$UnsafeAtomicHelper$1           : loaded 3 times (x 78B)
Class com.android.tools.utp.gradle.api.UtpDependency$6                                : loaded 3 times (x 133B)
Class com.android.ddmlib.internal.jdwp.chunkhandler.HandleARTT                        : loaded 3 times (x 79B)
Class kotlin.collections.builders.ListBuilderKt                                       : loaded 3 times (x 73B)
Class kotlin.reflect.jvm.internal.impl.builtins.StandardNames$FqNames                 : loaded 3 times (x 73B)
Class com.google.protobuf.CodedOutputStream                                           : loaded 3 times (x 111B)
Class com.android.prefs.AndroidPathLocator                                            : loaded 3 times (x 75B)
Class com.android.ddmlib.internal.jdwp.chunkhandler.HandleWait                        : loaded 3 times (x 79B)
Class kotlin.reflect.jvm.internal.impl.utils.CollectionsKt                            : loaded 3 times (x 73B)
Class com.google.protobuf.UnsafeUtil$JvmMemoryAccessor                                : loaded 3 times (x 93B)
Class kotlinx.coroutines.JobSupportKt                                                 : loaded 3 times (x 73B)
Class kotlinx.coroutines.ExecutorCoroutineDispatcher$Key                              : loaded 3 times (x 74B)
Class com.android.tools.utp.gradle.api.UtpDependency$5                                : loaded 3 times (x 133B)
Class kotlinx.coroutines.JobSupport                                                   : loaded 3 times (x 134B)
Class kotlin.collections.EmptyList                                                    : loaded 3 times (x 176B)
Class kotlin.collections.ArraysKt___ArraysKt$asSequence$$inlined$Sequence$1           : loaded 3 times (x 77B)
Class kotlin.collections.builders.SetBuilder$Companion                                : loaded 3 times (x 73B)
Class kotlin.io.TerminateException                                                    : loaded 3 times (x 84B)
Class kotlin.io.FilesKt__FilePathComponentsKt                                         : loaded 3 times (x 73B)
Class com.google.protobuf.AbstractMessageLite$Builder                                 : loaded 3 times (x 128B)
Class kotlin.reflect.jvm.internal.ReflectionFactoryImpl                               : loaded 3 times (x 93B)
Class com.android.ddmlib.internal.jdwp.chunkhandler.HandleHeap                        : loaded 3 times (x 79B)
Class [Lcom.android.prefs.VariableValue;                                              : loaded 3 times (x 71B)
Class com.google.protobuf.AbstractMessageLite$Builder$LimitedInputStream              : loaded 3 times (x 94B)
Class com.google.protobuf.Extension$ExtensionType                                     : loaded 3 times (x 81B)
Class kotlinx.coroutines.Waiter                                                       : loaded 3 times (x 72B)
Class com.android.tools.utp.gradle.api.UtpDependency$4                                : loaded 3 times (x 133B)
Class com.google.protobuf.UnsafeUtil$Android32MemoryAccessor                          : loaded 3 times (x 93B)
Class kotlinx.coroutines.internal.ResizableAtomicArray                                : loaded 3 times (x 74B)
Class kotlinx.coroutines.JobSupport$Finishing                                         : loaded 3 times (x 78B)
Class com.google.protobuf.MapFieldReflectionAccessor                                  : loaded 3 times (x 76B)
Class kotlin.collections.builders.MapBuilder$EntriesItr                               : loaded 3 times (x 83B)
Class kotlin.io.FileTreeWalk$FileTreeWalkIterator$WhenMappings                        : loaded 3 times (x 73B)
Class com.android.tools.utp.gradle.api.TargetApkConfigBundle                          : loaded 3 times (x 74B)
Class com.android.tools.utp.gradle.api.UtpDependency$3                                : loaded 3 times (x 133B)
Class com.google.protobuf.ByteOutput                                                  : loaded 3 times (x 78B)
Class com.android.tools.utp.gradle.api.UtpDependency$1                                : loaded 3 times (x 133B)
Class com.google.protobuf.Descriptors$FieldDescriptor                                 : loaded 3 times (x 95B)
Class com.android.io.CancellableFileIo                                                : loaded 3 times (x 73B)
Class com.google.common.util.concurrent.GwtFuturesCatchingSpecialization              : loaded 3 times (x 73B)
Class kotlin.io.FileWalkDirection                                                     : loaded 3 times (x 81B)
Class kotlin.io.LinesSequence$iterator$1                                              : loaded 3 times (x 81B)
Class kotlin.collections.AbstractIterator                                             : loaded 3 times (x 85B)
Class [Lcom.android.ddmlib.IUserDataMap;                                              : loaded 3 times (x 71B)
Class com.google.protobuf.Internal$EnumLite                                           : loaded 3 times (x 72B)
Class com.android.tools.utp.gradle.api.UtpDependency$2                                : loaded 3 times (x 133B)
Class com.google.protobuf.CodedOutputStream$OutOfSpaceException                       : loaded 3 times (x 84B)
Class kotlinx.coroutines.internal.DispatchedContinuation                              : loaded 3 times (x 92B)
Class kotlinx.coroutines.intrinsics.UndispatchedKt                                    : loaded 3 times (x 73B)
Class kotlinx.coroutines.JobKt                                                        : loaded 3 times (x 73B)
Class kotlin.reflect.jvm.internal.impl.resolve.scopes.MemberScope$Empty               : loaded 2 times (x 94B)
Class kotlin.reflect.jvm.internal.impl.storage.LockBasedStorageManager$LockBasedNotNullLazyValue: loaded 2 times (x 86B)
Class org.jetbrains.kotlin.build.report.metrics.RUN_COMPILATION_IN_WORKER             : loaded 2 times (x 74B)
Class com.google.common.collect.Range                                                 : loaded 2 times (x 89B)
Class com.google.common.base.Optional                                                 : loaded 2 times (x 82B)
Class com.google.testing.platform.driver.TestDriverProxy                              : loaded 2 times (x 83B)
Class com.google.testing.platform.core.extension.LabelExtKt                           : loaded 2 times (x 73B)
Class com.google.testing.platform.executor.inject.MultiDeviceExecutorModule           : loaded 2 times (x 73B)
Class com.google.testing.platform.proto.api.service.RunnerGrpc$AsyncService           : loaded 2 times (x 72B)
Class com.google.testing.platform.config.TextProtoConfigProvider                      : loaded 2 times (x 82B)
Class kotlin.reflect.jvm.internal.impl.metadata.ProtoBuf$Annotation$1                 : loaded 2 times (x 89B)
Class kotlin.reflect.jvm.internal.impl.serialization.deserialization.AnnotationAndConstantLoaderImpl: loaded 2 times (x 86B)
Class kotlin.reflect.jvm.internal.impl.descriptors.runtime.structure.ReflectJavaPackage: loaded 2 times (x 84B)
Class com.google.testing.platform.api.context.Context                                 : loaded 2 times (x 72B)
Class com.android.tools.utp.plugins.host.additionaltestoutput.proto.AndroidAdditionalTestOutputConfigProto: loaded 2 times (x 73B)
Class com.google.protobuf.Duration                                                    : loaded 2 times (x 195B)
Class com.google.testing.platform.proto.api.config.InstrumentationProto$InstrumentationArgs$1: loaded 2 times (x 153B)
Class [Lkotlin.reflect.jvm.internal.impl.metadata.ProtoBuf$Type$Argument$Projection;  : loaded 2 times (x 71B)
Class [Lcom.google.protobuf.Descriptors$EnumDescriptor;                               : loaded 2 times (x 71B)
Class com.google.protobuf.GeneratedMessage$ExtendableMessage$ExtensionSerializer      : loaded 2 times (x 72B)
Class com.google.protobuf.DescriptorProtos$DescriptorProto$1                          : loaded 2 times (x 153B)
Class kotlin.reflect.jvm.internal.impl.serialization.deserialization.descriptors.DeserializedContainerAbiStability: loaded 2 times (x 81B)
Class com.google.testing.platform.proto.api.config.AdbConfigProto$AdbConfigOrBuilder  : loaded 2 times (x 72B)
Class [Lkotlin.reflect.jvm.internal.impl.descriptors.TypeParameterDescriptor;         : loaded 2 times (x 71B)
Class kotlin.reflect.jvm.internal.impl.builtins.functions.FunctionTypeKind$SuspendFunction: loaded 2 times (x 74B)
Class kotlin.reflect.jvm.internal.impl.descriptors.impl.PropertySetterDescriptorImpl  : loaded 2 times (x 193B)
Class kotlin.reflect.jvm.internal.impl.serialization.deserialization.AnnotatedCallableKind: loaded 2 times (x 81B)
Class kotlin.reflect.jvm.internal.impl.serialization.deserialization.ProtoEnumFlagsUtilsKt: loaded 2 times (x 73B)
Class kotlin.reflect.jvm.internal.impl.resolve.scopes.receivers.ReceiverValue         : loaded 2 times (x 72B)
Class kotlin.reflect.jvm.internal.impl.descriptors.impl.ClassDescriptorImpl           : loaded 2 times (x 177B)
Class kotlin.reflect.jvm.internal.impl.descriptors.CallableMemberDescriptor           : loaded 2 times (x 72B)
Class kotlin.reflect.jvm.internal.impl.descriptors.Substitutable                      : loaded 2 times (x 72B)
Class kotlin.reflect.jvm.internal.impl.descriptors.Modality                           : loaded 2 times (x 81B)
Class kotlin.reflect.jvm.internal.impl.storage.LockBasedStorageManager$NotValue       : loaded 2 times (x 81B)
Class kotlin.reflect.jvm.internal.ModuleByClassLoaderKt                               : loaded 2 times (x 73B)
Class jdk.internal.jimage.ImageLocation                                               : loaded 2 times (x 92B)
Class jdk.internal.jrtfs.JrtDirectoryStream$1                                         : loaded 2 times (x 85B)
Class kotlin.collections.MutableMapWithDefault                                        : loaded 2 times (x 72B)
Class kotlin.coroutines.ContinuationInterceptor$Key                                   : loaded 2 times (x 73B)
Class kotlin.text.DelimitedRangesSequence$iterator$1                                  : loaded 2 times (x 81B)
Class com.google.common.collect.ExplicitOrdering                                      : loaded 2 times (x 117B)
Class com.google.common.io.ByteSink$AsCharSink                                        : loaded 2 times (x 82B)
Class org.gradle.kotlin.dsl.VersionCatalogAccessorsKt                                 : loaded 2 times (x 73B)
Class com.google.testing.platform.server.inject.ConfigModule_BinaryParserFactory      : loaded 2 times (x 79B)
Class com.google.testing.platform.main.inject.DaggerMainComponent$Builder             : loaded 2 times (x 80B)
Class kotlin.reflect.jvm.internal.impl.types.model.TypeSystemInferenceExtensionContext: loaded 2 times (x 72B)
Class com.google.testing.platform.proto.api.service.SecurityConfigProto$SecurityConfigOrBuilder: loaded 2 times (x 72B)
Class com.google.protobuf.GeneratedMessage$ExtendableMessageOrBuilder                 : loaded 2 times (x 72B)
Class com.google.protobuf.DescriptorProtos$FieldOptions$EditionDefault                : loaded 2 times (x 198B)
Class com.google.protobuf.DescriptorProtos$FileOptions$1                              : loaded 2 times (x 153B)
Class com.google.protobuf.Descriptors$1                                               : loaded 2 times (x 73B)
Class com.android.tools.utp.plugins.host.additionaltestoutput.proto.AndroidAdditionalTestOutputConfigProto$AndroidAdditionalTestOutputConfigOrBuilder: loaded 2 times (x 72B)
Class com.google.testing.platform.core.error.UtpException                             : loaded 2 times (x 88B)
Class com.google.testing.platform.core.telemetry.Telemetry                            : loaded 2 times (x 73B)
Class kotlin.reflect.jvm.internal.impl.load.java.lazy.descriptors.JavaDescriptorUtilKt: loaded 2 times (x 73B)
Class kotlin.reflect.jvm.internal.impl.descriptors.DescriptorUtilKt                   : loaded 2 times (x 73B)
Class kotlin.reflect.jvm.internal.impl.resolve.MemberComparator$NameAndTypeMemberComparator: loaded 2 times (x 93B)
Class kotlin.reflect.jvm.internal.impl.renderer.DescriptorRendererModifier            : loaded 2 times (x 81B)
Class kotlin.reflect.jvm.internal.impl.resolve.constants.ConstantValue                : loaded 2 times (x 76B)
Class kotlin.reflect.jvm.internal.impl.load.java.lazy.ModuleClassResolver             : loaded 2 times (x 72B)
Class kotlin.reflect.jvm.internal.impl.descriptors.annotations.Annotations            : loaded 2 times (x 72B)
Class kotlin.reflect.jvm.internal.impl.descriptors.annotations.Annotated              : loaded 2 times (x 72B)
Class org.jetbrains.org.objectweb.asm.ClassTooLargeException                          : loaded 2 times (x 84B)
Class kotlin.jvm.internal.Ref$IntRef                                                  : loaded 2 times (x 73B)
Class com.google.testing.platform.plugin.PluginLifecycle$onAfterAll$1$1$1$1$1$1       : loaded 2 times (x 81B)
Class com.google.testing.platform.api.device.DeviceController                         : loaded 2 times (x 72B)
Class com.google.testing.platform.proto.api.config.ShardingConfigProto$ShardingConfig$1: loaded 2 times (x 153B)
Class kotlinx.coroutines.internal.ThreadLocalKt                                       : loaded 2 times (x 73B)
Class dagger.internal.Factory                                                         : loaded 2 times (x 72B)
Class com.google.testing.platform.proto.api.core.RegexPatternProto$RegexPatternOrBuilder: loaded 2 times (x 72B)
Class com.google.protobuf.Descriptors$OneofDescriptor                                 : loaded 2 times (x 83B)
Class com.google.testing.platform.config.v1.extension.RunnerConfigExtKt$WhenMappings  : loaded 2 times (x 73B)
Class com.google.protobuf.DescriptorProtos$FieldDescriptorProto$Builder               : loaded 2 times (x 323B)
Class com.google.testing.platform.proto.api.core.TestSuiteResultProto$TestSuiteMetaData: loaded 2 times (x 199B)
Class com.google.testing.platform.proto.api.config.FixtureProto$TestFixtureOrBuilder  : loaded 2 times (x 72B)
Class com.google.testing.platform.executor.DeviceControllerProxy                      : loaded 2 times (x 86B)
Class com.google.common.hash.AbstractHashFunction                                     : loaded 2 times (x 97B)
Class com.google.common.collect.ImmutableRangeSet$1                                   : loaded 2 times (x 212B)
Class kotlin.coroutines.CoroutineContext$Element                                      : loaded 2 times (x 72B)
Class androidx.room.processor.Context$Companion                                       : loaded 2 times (x 73B)
Class kotlin.ReplaceWith                                                              : loaded 2 times (x 72B)
Class org.jetbrains.kotlin.build.report.metrics.ValueType                             : loaded 2 times (x 81B)
Class kotlin.reflect.jvm.internal.impl.storage.LockBasedStorageManager$MapBasedMemoizedFunctionToNotNull: loaded 2 times (x 86B)
Class kotlin.reflect.KClasses                                                         : loaded 2 times (x 73B)
Class org.jetbrains.kotlin.cli.common.arguments.Disables                              : loaded 2 times (x 72B)
Class kotlin.reflect.jvm.internal.impl.load.java.descriptors.JavaCallableMemberDescriptor: loaded 2 times (x 72B)
Class kotlin.reflect.jvm.internal.impl.renderer.DescriptorRenderer$Companion          : loaded 2 times (x 73B)
Class kotlin.reflect.jvm.internal.impl.metadata.jvm.JvmProtoBuf$JvmPropertySignature$Builder: loaded 2 times (x 93B)
Class kotlin.reflect.jvm.internal.impl.metadata.jvm.JvmProtoBuf$StringTableTypes$Record$Operation$1: loaded 2 times (x 76B)
Class kotlin.reflect.jvm.internal.impl.protobuf.AbstractMessageLite$Builder$LimitedInputStream: loaded 2 times (x 94B)
Class kotlin.reflect.jvm.internal.impl.load.java.lazy.types.JavaTypeResolver          : loaded 2 times (x 74B)
Class kotlin.reflect.jvm.internal.impl.descriptors.deserialization.AdditionalClassPartsProvider: loaded 2 times (x 72B)
Class kotlin.reflect.jvm.internal.impl.descriptors.runtime.components.RuntimeSourceElementFactory: loaded 2 times (x 76B)
Class kotlin.reflect.jvm.internal.impl.renderer.DescriptorRendererImpl                : loaded 2 times (x 101B)
Class jdk.internal.jimage.ImageBufferCache$1                                          : loaded 2 times (x 84B)
Class kotlin.DeprecationLevel                                                         : loaded 2 times (x 81B)
Class kotlin.time.DurationUnitKt__DurationUnitJvmKt                                   : loaded 2 times (x 73B)
Class com.google.common.collect.HashMultimapGwtSerializationDependencies              : loaded 2 times (x 175B)
Class com.google.common.collect.AbstractMapBasedMultimap$KeySet$1                     : loaded 2 times (x 84B)
Class org.objectweb.asm.ClassWriter                                                   : loaded 2 times (x 107B)
Class com.google.common.cache.CacheLoader$UnsupportedLoadingOperationException        : loaded 2 times (x 84B)
Class com.google.testing.platform.executor.DeviceProviderProxy$provideDevice$1$1      : loaded 2 times (x 81B)
Class com.google.testing.platform.plugin.PluginLifecycleKt                            : loaded 2 times (x 73B)
Class com.google.testing.platform.result.TestResultListenerManager$Companion          : loaded 2 times (x 73B)
Class com.google.testing.platform.core.error.config.ErrorMessageUpdater$Companion     : loaded 2 times (x 73B)
Class kotlin.reflect.jvm.internal.impl.types.SimpleTypeImpl                           : loaded 2 times (x 91B)
Class com.google.testing.platform.proto.api.core.TestArtifactProto$ArtifactOrBuilder  : loaded 2 times (x 72B)
Class [Lcom.google.protobuf.DescriptorProtos$FeatureSet$RepeatedFieldEncoding;        : loaded 2 times (x 71B)
Class com.google.protobuf.DescriptorProtos$FieldOptions$OptionTargetType$1            : loaded 2 times (x 78B)
Class com.google.protobuf.DescriptorProtos$FileDescriptorProtoOrBuilder               : loaded 2 times (x 72B)
Class kotlin.reflect.jvm.internal.impl.metadata.ProtoBuf$Annotation$Argument$1        : loaded 2 times (x 89B)
Class kotlin.reflect.jvm.internal.impl.resolve.DescriptorFactory                      : loaded 2 times (x 73B)
Class kotlin.reflect.jvm.internal.CacheByClass                                        : loaded 2 times (x 75B)
Class com.google.protobuf.LazyFieldLite                                               : loaded 2 times (x 86B)
Class androidx.room.compiler.processing.XAnnotated                                    : loaded 2 times (x 72B)
Class [Landroidx.room.compiler.processing.XProcessingEnv$Backend;                     : loaded 2 times (x 71B)
Class com.google.testing.platform.proto.api.config.ExecutionProto$DeviceExecutionOrBuilder: loaded 2 times (x 72B)
Class kotlin.reflect.jvm.internal.impl.load.java.SpecialGenericSignatures$TypeSafeBarrierDescription$MAP_GET_OR_DEFAULT: loaded 2 times (x 81B)
Class kotlin.reflect.jvm.internal.impl.descriptors.runtime.structure.ReflectJavaType  : loaded 2 times (x 86B)
Class kotlinx.coroutines.internal.LimitedDispatcherKt                                 : loaded 2 times (x 73B)
Class kotlin.reflect.jvm.internal.impl.descriptors.ParameterDescriptor                : loaded 2 times (x 72B)
Class kotlin.reflect.jvm.internal.impl.serialization.deserialization.ContractDeserializer: loaded 2 times (x 72B)
Class kotlin.reflect.jvm.internal.WeakClassLoaderBox                                  : loaded 2 times (x 74B)
Class jdk.internal.jimage.ImageBufferCache$2                                          : loaded 2 times (x 93B)
Class kotlin.text.LinesIterator$State                                                 : loaded 2 times (x 73B)
Class kotlin.coroutines.ContinuationKt                                                : loaded 2 times (x 73B)
Class com.google.common.collect.FluentIterable$1                                      : loaded 2 times (x 83B)
Class com.google.common.base.Objects                                                  : loaded 2 times (x 73B)
Class com.google.common.collect.AbstractMapBasedMultimap$Itr                          : loaded 2 times (x 85B)
Class org.objectweb.asm.FieldVisitor                                                  : loaded 2 times (x 79B)
Class org.gradle.api.internal.classpath.DefaultModuleRegistry$DefaultModule           : loaded 2 times (x 84B)
Class com.google.testing.platform.executor.inject.ExecutorRequisitesModule$testDriverProviders$2$1: loaded 2 times (x 81B)
Class com.google.testing.platform.main.MainKt$main$3$1                                : loaded 2 times (x 97B)
Class com.google.testing.platform.config.CommandLineArgs$Arg                          : loaded 2 times (x 74B)
Class com.google.testing.platform.main.inject.MainModule_RootCoroutineScopeFactory    : loaded 2 times (x 79B)
Class com.google.testing.platform.runtime.android.device.AndroidDevice$Companion      : loaded 2 times (x 73B)
Class com.google.testing.platform.proto.api.config.DeviceProto                        : loaded 2 times (x 73B)
Class com.google.protobuf.TextFormat                                                  : loaded 2 times (x 73B)
Class [Lcom.google.protobuf.GeneratedMessage;                                         : loaded 2 times (x 71B)
Class com.google.protobuf.MapField$StorageMode                                        : loaded 2 times (x 81B)
Class com.google.protobuf.DescriptorProtos$FeatureSet$Utf8Validation                  : loaded 2 times (x 89B)
Class com.google.testing.platform.core.telemetry.core.Detail$Companion                : loaded 2 times (x 73B)
Class com.google.testing.platform.inject.RunnerComponent                              : loaded 2 times (x 72B)
Class com.google.protobuf.DescriptorProtos$Edition                                    : loaded 2 times (x 89B)
Class com.google.testing.platform.inject.RunnerModule_ProvidesRunnerFactory           : loaded 2 times (x 79B)
Class com.google.common.cache.LocalCache$2                                            : loaded 2 times (x 144B)
Class com.google.common.collect.AbstractMultimap                                      : loaded 2 times (x 125B)
Class kotlin.reflect.jvm.internal.ClassValueCache                                     : loaded 2 times (x 76B)
Class kotlinx.coroutines.flow.FlowKt                                                  : loaded 2 times (x 73B)
Class kotlin.reflect.jvm.internal.impl.descriptors.impl.PropertyGetterDescriptorImpl  : loaded 2 times (x 193B)
Class kotlin.reflect.jvm.internal.impl.types.TypeSubstitutor                          : loaded 2 times (x 81B)
Class kotlin.reflect.jvm.internal.impl.resolve.scopes.receivers.ImplicitReceiver      : loaded 2 times (x 72B)
Class kotlin.reflect.jvm.internal.impl.protobuf.SmallSortedMap$EntryIterator          : loaded 2 times (x 85B)
Class kotlin.reflect.jvm.internal.impl.serialization.deserialization.ProtoEnumFlags   : loaded 2 times (x 73B)
Class kotlin.reflect.jvm.internal.impl.descriptors.runtime.components.ReflectAnnotationSource: loaded 2 times (x 77B)
Class kotlin.reflect.jvm.internal.impl.storage.LockBasedStorageManager$KeyWithComputation: loaded 2 times (x 74B)
Class kotlin.reflect.jvm.internal.impl.metadata.ProtoBuf$Property                     : loaded 2 times (x 103B)
Class kotlin.reflect.jvm.internal.impl.descriptors.SupertypeLoopChecker$EMPTY         : loaded 2 times (x 76B)
Class com.google.common.collect.Sets$ImprovedAbstractSet                              : loaded 2 times (x 137B)
Class kotlin.ResultKt                                                                 : loaded 2 times (x 73B)
Class com.google.common.collect.NullsFirstOrdering                                    : loaded 2 times (x 117B)
Class com.google.common.reflect.Reflection                                            : loaded 2 times (x 73B)
Class com.google.common.base.Absent                                                   : loaded 2 times (x 82B)
Class com.google.common.collect.FluentIterable$2                                      : loaded 2 times (x 83B)
Class com.google.common.collect.MapMakerInternalMap$AbstractStrongKeyEntry            : loaded 2 times (x 82B)
Class com.google.testing.platform.core.executor.Executor                              : loaded 2 times (x 72B)
Class com.google.testing.platform.lib.extension.ServiceLoaderWrapper                  : loaded 2 times (x 72B)
Class com.google.testing.platform.executor.inject.PluginsModule$pluginProviders$1$factory$1: loaded 2 times (x 77B)
Class com.google.testing.platform.executor.inject.ExecutorRequisitesModule_PortPickerFactory: loaded 2 times (x 79B)
Class com.google.testing.platform.server.inject.DaggerServerComponent$Builder         : loaded 2 times (x 82B)
Class com.google.testing.platform.main.inject.CommandLineModule_ProvidesServerBinaryProtoProviderFactory: loaded 2 times (x 79B)
Class com.google.testing.platform.proto.api.core.TestResultProto$TestResult$TestDetailsEntryOrBuilder: loaded 2 times (x 72B)
Class com.google.testing.platform.proto.api.core.ErrorDetailProto$ErrorDetailOrBuilder: loaded 2 times (x 72B)
Class com.google.common.reflect.TypeToken$SimpleTypeToken                             : loaded 2 times (x 75B)
Class com.google.common.collect.AbstractSetMultimap                                   : loaded 2 times (x 175B)
Class com.google.common.io.ByteSource$ByteArrayByteSource                             : loaded 2 times (x 87B)
Class com.google.protobuf.WireFormat$Utf8Validation$1                                 : loaded 2 times (x 82B)
Class com.google.testing.platform.proto.api.config.DeviceIdKt$Dsl                     : loaded 2 times (x 74B)
Class com.google.protobuf.DescriptorProtos$OneofOptionsOrBuilder                      : loaded 2 times (x 72B)
Class kotlin.reflect.jvm.internal.impl.load.kotlin.KotlinClassFinder                  : loaded 2 times (x 72B)
Class kotlin.reflect.jvm.internal.impl.load.java.NullabilityAnnotationStates$Companion: loaded 2 times (x 73B)
Class com.android.tools.utp.plugins.host.apkinstaller.proto.AndroidApkInstallerConfigProto$InstallableApk: loaded 2 times (x 202B)
Class kotlin.reflect.jvm.internal.impl.descriptors.Visibilities$Inherited             : loaded 2 times (x 77B)
Class kotlin.reflect.jvm.internal.impl.metadata.jvm.JvmProtoBuf$StringTableTypes      : loaded 2 times (x 98B)
Class kotlin.reflect.jvm.internal.impl.metadata.ProtoBuf$Annotation$Argument$Value$Builder: loaded 2 times (x 93B)
Class androidx.room.compiler.processing.XTypeElement                                  : loaded 2 times (x 72B)
Class kotlin.reflect.jvm.internal.impl.serialization.deserialization.descriptors.DescriptorWithContainerSource: loaded 2 times (x 72B)
Class kotlin.reflect.jvm.internal.impl.load.java.structure.JavaPrimitiveType          : loaded 2 times (x 72B)
Class kotlin.reflect.jvm.internal.impl.metadata.ProtoBuf$Visibility                   : loaded 2 times (x 84B)
Class ijJvmDebugger1_1bwvgae90ok7ffema3cud77z7$_run_closure1$_closure2                : loaded 2 times (x 141B)
Class kotlin.reflect.jvm.internal.impl.builtins.jvm.JvmBuiltInClassDescriptorFactory  : loaded 2 times (x 79B)
Class kotlin.reflect.jvm.internal.impl.metadata.ProtoBuf$ConstructorOrBuilder         : loaded 2 times (x 72B)
Class kotlin.reflect.jvm.internal.impl.types.TypeSubstitution                         : loaded 2 times (x 79B)
Class kotlin.reflect.jvm.internal.impl.load.java.typeEnhancement.SignatureEnhancement : loaded 2 times (x 74B)
Class kotlin.reflect.jvm.internal.impl.load.java.NullabilityAnnotationStatesImpl      : loaded 2 times (x 77B)
Class org.jetbrains.org.objectweb.asm.FieldVisitor                                    : loaded 2 times (x 79B)
Class kotlin.Deprecated                                                               : loaded 2 times (x 72B)
Class com.google.common.collect.FluentIterable$3                                      : loaded 2 times (x 83B)
Class com.google.common.collect.Multiset                                              : loaded 2 times (x 72B)
Class com.google.common.collect.ArrayListMultimapGwtSerializationDependencies         : loaded 2 times (x 173B)
Class com.google.testing.platform.lib.proto.Sanitize                                  : loaded 2 times (x 73B)
Class com.google.testing.platform.lib.extension.ExtensionClassLoaderFactory           : loaded 2 times (x 72B)
Class com.google.testing.platform.core.net.inject.PortPickerModule                    : loaded 2 times (x 73B)
Class com.google.testing.platform.result.inject.ProtoLogModule                        : loaded 2 times (x 73B)
Class com.google.testing.platform.config.inject.ConfigModule_ProvidesBinaryParserFactory: loaded 2 times (x 79B)
Class com.google.testing.platform.server.inject.ConfigModule_ServerConfigBaseProviderFactory: loaded 2 times (x 79B)
Class com.google.protobuf.WireFormat$Utf8Validation$2                                 : loaded 2 times (x 82B)
Class com.google.testing.platform.core.driver.TestDriverException                     : loaded 2 times (x 88B)
Class com.google.testing.platform.api.config.DefaultConfigBase                        : loaded 2 times (x 83B)
Class kotlinx.coroutines.channels.BufferOverflow                                      : loaded 2 times (x 81B)
Class kotlinx.coroutines.ExecutorsKt                                                  : loaded 2 times (x 73B)
Class com.google.protobuf.DurationProto                                               : loaded 2 times (x 73B)
Class com.google.testing.platform.plugin.android.proto.AndroidDevicePluginProto$AndroidDevicePluginOrBuilder: loaded 2 times (x 72B)
Class com.google.testing.platform.proto.api.config.AndroidInstrumentationDriverProto$AndroidInstrumentationDriverOrBuilder: loaded 2 times (x 72B)
Class com.google.testing.platform.proto.api.config.FixtureProto$TestFixtureId$Builder : loaded 2 times (x 297B)
Class com.google.protobuf.DescriptorProtos$FileOptionsOrBuilder                       : loaded 2 times (x 72B)
Class androidx.room.compiler.processing.XHasModifiers                                 : loaded 2 times (x 72B)
Class [Lcom.google.protobuf.Descriptors$FieldDescriptor$JavaType;                     : loaded 2 times (x 71B)
Class com.google.protobuf.DescriptorProtos$FieldOptions$OptionRetention               : loaded 2 times (x 89B)
Class com.google.protobuf.FieldSet$1                                                  : loaded 2 times (x 73B)
Class com.google.testing.platform.proto.api.config.LocalAndroidDeviceProviderProto$DeviceType: loaded 2 times (x 89B)
Class androidx.room.compiler.processing.XProcessingEnvConfig$Builder                  : loaded 2 times (x 74B)
Class com.google.testing.platform.proto.api.config.AdbConfigProto$AdbConfig$Builder   : loaded 2 times (x 301B)
Class dagger.Lazy                                                                     : loaded 2 times (x 72B)
Class com.google.testing.platform.core.telemetry.core.Diagnostics                     : loaded 2 times (x 72B)
Class com.google.testing.platform.lib.property.SingleWrite                            : loaded 2 times (x 72B)
Class kotlin.reflect.jvm.internal.impl.metadata.jvm.JvmProtoBuf$StringTableTypes$Record: loaded 2 times (x 98B)
Class kotlin.reflect.jvm.internal.impl.metadata.ProtoBuf$Annotation$Argument$Value$Type: loaded 2 times (x 84B)
Class kotlin.reflect.jvm.internal.impl.types.ClassTypeConstructorImpl                 : loaded 2 times (x 99B)
Class org.jetbrains.kotlin.build.report.metrics.LOAD_CLASSES_PATHS_ONLY               : loaded 2 times (x 74B)
Class org.apache.commons.io.output.NullOutputStream                                   : loaded 2 times (x 87B)
Class org.gradle.api.internal.classpath.Module                                        : loaded 2 times (x 72B)
Class com.google.testing.platform.plugin.PluginLifecycle$onBeforeAll$1$1              : loaded 2 times (x 81B)
Class com.google.testing.platform.core.telemetry.opencensus.OpencensusDiagnosticScope$Companion: loaded 2 times (x 73B)
Class com.google.testing.platform.core.telemetry.TelemetryConstantsKt                 : loaded 2 times (x 73B)
Class com.google.protobuf.WireFormat$Utf8Validation$3                                 : loaded 2 times (x 82B)
Class com.android.ddmlib.testrunner.ITestRunListener                                  : loaded 2 times (x 72B)
Class com.google.testing.platform.api.device.DeviceProperties                         : loaded 2 times (x 72B)
Class com.android.tools.utp.gradle.UtpRunner$execute$7                                : loaded 2 times (x 78B)
Class com.google.testing.platform.proto.api.config.InstrumentationProto$InstrumentationArgs$ArgsMapDefaultEntryHolder: loaded 2 times (x 73B)
Class com.google.testing.platform.proto.api.config.EnvironmentProto$AndroidEnvironment: loaded 2 times (x 209B)
Class com.google.protobuf.DescriptorProtos$EnumValueOptions$1                         : loaded 2 times (x 153B)
Class com.google.protobuf.DescriptorProtos$FeatureSet$Builder                         : loaded 2 times (x 339B)
Class com.google.protobuf.GeneratedMessage$GeneratedExtension$1                       : loaded 2 times (x 78B)
Class [Lcom.google.protobuf.DescriptorProtos$FieldDescriptorProto$Type;               : loaded 2 times (x 71B)
Class com.google.protobuf.GeneratedMessage$ExtendableMessage                          : loaded 2 times (x 206B)
Class com.google.protobuf.Descriptors$FileDescriptor                                  : loaded 2 times (x 83B)
Class com.google.testing.platform.proto.api.core.ErrorProto                           : loaded 2 times (x 73B)
Class com.google.testing.platform.proto.api.core.TestStatusProto                      : loaded 2 times (x 73B)
Class kotlinx.coroutines.sync.Mutex                                                   : loaded 2 times (x 72B)
Class com.google.testing.platform.plugin.TrivialPluginGraph$Companion                 : loaded 2 times (x 73B)
Class androidx.room.compiler.processing.XParameterizable                              : loaded 2 times (x 72B)
Class kotlin.reflect.jvm.internal.KClassImpl$Data$$Lambda$0                           : loaded 2 times (x 78B)
Class kotlin.reflect.jvm.internal.KClassifierImpl                                     : loaded 2 times (x 72B)
Class com.google.testing.platform.inject.RunnerModule_ProvidesEnvironmentFactory      : loaded 2 times (x 79B)
Class kotlinx.coroutines.flow.Flow                                                    : loaded 2 times (x 72B)
Class org.jetbrains.kotlin.cli.common.arguments.Disables$Container                    : loaded 2 times (x 72B)
Class kotlin.reflect.jvm.internal.impl.resolve.OverridingStrategy                     : loaded 2 times (x 77B)
Class kotlin.reflect.jvm.internal.impl.metadata.ProtoBuf$QualifiedNameTable$1         : loaded 2 times (x 89B)
Class com.google.common.cache.LocalCache$1                                            : loaded 2 times (x 91B)
Class kotlin.reflect.jvm.internal.impl.protobuf.RopeByteString                        : loaded 2 times (x 101B)
Class kotlin.reflect.jvm.internal.impl.incremental.UtilsKt                            : loaded 2 times (x 73B)
Class kotlin.reflect.jvm.internal.impl.metadata.jvm.JvmProtoBuf$JvmMethodSignatureOrBuilder: loaded 2 times (x 72B)
Class kotlin.reflect.jvm.internal.impl.resolve.sam.SamConversionResolver              : loaded 2 times (x 72B)
Class com.google.common.base.Ascii                                                    : loaded 2 times (x 73B)
Class kotlin.reflect.jvm.internal.impl.builtins.jvm.JvmBuiltIns                       : loaded 2 times (x 115B)
Class com.google.common.collect.HashBiMap$BiEntry                                     : loaded 2 times (x 84B)
Class com.google.common.cache.Weigher                                                 : loaded 2 times (x 72B)
Class org.gradle.api.internal.classpath.UnknownModuleException                        : loaded 2 times (x 84B)
Class com.google.testing.platform.executor.SingleDeviceExecutor$execute$2$1           : loaded 2 times (x 81B)
Class com.google.testing.platform.executor.inject.MultiDeviceExecutorModule_ExecutionsFactory: loaded 2 times (x 79B)
Class com.google.testing.platform.proto.api.core.PlatformErrorProto$PlatformError$Builder: loaded 2 times (x 300B)
Class com.google.common.collect.ImmutableSortedMap$Builder                            : loaded 2 times (x 92B)
Class com.google.testing.platform.api.driver.TestDriver                               : loaded 2 times (x 72B)
Class org.apache.commons.io.FileExistsException                                       : loaded 2 times (x 84B)
Class jdk.internal.jrtfs.JrtFileSystemProvider                                        : loaded 2 times (x 103B)
Class kotlinx.coroutines.JobCancellingNode                                            : loaded 2 times (x 92B)
Class com.google.testing.platform.plugin.android.proto.AndroidDevicePluginProto$InstallableApk$Builder: loaded 2 times (x 303B)
Class com.google.testing.platform.proto.api.config.InstrumentationProto$InstrumentationOrBuilder: loaded 2 times (x 72B)
Class com.google.testing.platform.proto.api.config.InstrumentationProto               : loaded 2 times (x 73B)
Class com.google.protobuf.DescriptorProtos$FieldOptions$FeatureSupport$1              : loaded 2 times (x 153B)
Class [Lcom.google.protobuf.WireFormat$JavaType;                                      : loaded 2 times (x 71B)
Class com.google.protobuf.SmallSortedMap                                              : loaded 2 times (x 132B)
Class [Lkotlin.Function;                                                              : loaded 2 times (x 71B)
Class com.google.testing.platform.proto.api.config.ExecutorProto$SingleDeviceExecutorOrBuilder: loaded 2 times (x 72B)
Class com.google.protobuf.GeneratedMessage                                            : loaded 2 times (x 178B)
Class kotlin.reflect.jvm.internal.impl.storage.DefaultSimpleLock                      : loaded 2 times (x 80B)
Class kotlin.reflect.jvm.internal.impl.protobuf.LazyField                             : loaded 2 times (x 79B)
Class kotlin.reflect.jvm.internal.impl.protobuf.SmallSortedMap                        : loaded 2 times (x 130B)
Class kotlin.reflect.jvm.internal.impl.metadata.jvm.JvmProtoBuf$JvmFieldSignature     : loaded 2 times (x 98B)
Class kotlin.reflect.jvm.internal.KClassImpl$Data$$Lambda$1                           : loaded 2 times (x 78B)
Class [Lkotlin.reflect.jvm.internal.impl.metadata.ProtoBuf$Annotation$Argument$Value$Type;: loaded 2 times (x 71B)
Class org.jetbrains.kotlin.config.ApiVersion                                          : loaded 2 times (x 88B)
Class kotlin.reflect.jvm.internal.impl.protobuf.CodedOutputStream$OutOfSpaceException : loaded 2 times (x 84B)
Class kotlin.reflect.jvm.internal.impl.load.kotlin.KotlinJvmBinaryClass$AnnotationVisitor: loaded 2 times (x 72B)
Class kotlin.reflect.jvm.internal.impl.protobuf.SmallSortedMap$EmptySet$1             : loaded 2 times (x 80B)
Class kotlin.reflect.jvm.internal.impl.protobuf.FieldSet                              : loaded 2 times (x 74B)
Class kotlin.reflect.jvm.internal.impl.descriptors.ConstructorDescriptor              : loaded 2 times (x 72B)
Class kotlin.reflect.jvm.internal.impl.storage.LockBasedStorageManager$ExceptionHandlingStrategy$1: loaded 2 times (x 76B)
Class jdk.internal.jimage.ImageHeader                                                 : loaded 2 times (x 73B)
Class kotlin.sequences.DistinctIterator                                               : loaded 2 times (x 85B)
Class org.apache.commons.io.Charsets                                                  : loaded 2 times (x 73B)
Class com.google.common.cache.LocalCache$Strength                                     : loaded 2 times (x 83B)
Class com.google.common.cache.Cache                                                   : loaded 2 times (x 72B)
Class com.google.gson.stream.JsonReader$1                                             : loaded 2 times (x 74B)
Class com.google.testing.platform.executor.DeviceControllerProxy$executeAsync$2$1     : loaded 2 times (x 81B)
Class com.google.testing.platform.result.TextProtoLogWriter                           : loaded 2 times (x 78B)
Class com.google.testing.platform.result.inject.ListenerModule_ExternalListenersFactory: loaded 2 times (x 79B)
Class com.google.testing.platform.extension.ExtensionLoaderUtil                       : loaded 2 times (x 73B)
Class com.google.testing.platform.inject.RunnerModule                                 : loaded 2 times (x 73B)
Class com.google.testing.platform.main.MainKt$main$3$shutdownHook$1                   : loaded 2 times (x 81B)
Class com.google.testing.platform.plugin.android.proto.AndroidDevicePluginProto$AndroidDevicePluginArtifactsInstalled: loaded 2 times (x 193B)
Class [Lkotlin.reflect.jvm.internal.impl.descriptors.impl.DeclarationDescriptorImpl;  : loaded 2 times (x 71B)
Class kotlin.reflect.jvm.internal.impl.metadata.deserialization.VersionSpecificBehaviorKt: loaded 2 times (x 73B)
Class com.google.testing.platform.api.event.Events$DefaultImpls                       : loaded 2 times (x 73B)
Class com.google.protobuf.TextFormat$1                                                : loaded 2 times (x 73B)
Class kotlin.reflect.jvm.internal.impl.metadata.deserialization.NameResolverImpl      : loaded 2 times (x 79B)
Class com.google.testing.platform.api.config.Environment                              : loaded 2 times (x 74B)
Class com.google.testing.platform.api.config.DefaultConfigBase$setup$2                : loaded 2 times (x 81B)
Class kotlin.reflect.jvm.internal.impl.load.java.structure.JavaTypeParameterListOwner : loaded 2 times (x 72B)
Class kotlin.reflect.jvm.internal.impl.descriptors.impl.ValueParameterDescriptorImpl  : loaded 2 times (x 166B)
Class com.google.protobuf.DescriptorProtos$FeatureSet$JsonFormat                      : loaded 2 times (x 89B)
Class com.google.protobuf.SmallSortedMap$1                                            : loaded 2 times (x 132B)
Class kotlin.reflect.jvm.internal.impl.load.java.SpecialGenericSignatures$Companion$NameAndSignature: loaded 2 times (x 74B)
Class com.google.testing.platform.proto.api.config.DeviceProto$DeviceIdOrBuilder      : loaded 2 times (x 72B)
Class kotlinx.coroutines.StandaloneCoroutine                                          : loaded 2 times (x 145B)
Class androidx.room.compiler.processing.XFiler                                        : loaded 2 times (x 72B)
Class kotlin.reflect.jvm.internal.KClassImpl$Data$$Lambda$2                           : loaded 2 times (x 78B)
Class kotlin.reflect.KProperty1$Getter                                                : loaded 2 times (x 72B)
Class kotlin.reflect.jvm.internal.impl.types.AbstractTypeChecker                      : loaded 2 times (x 73B)
Class [Lkotlin.reflect.jvm.internal.impl.descriptors.DeclarationDescriptorNonRoot;    : loaded 2 times (x 71B)
Class kotlin.reflect.jvm.internal.impl.storage.SingleThreadValue                      : loaded 2 times (x 76B)
Class kotlin.reflect.jvm.internal.impl.serialization.deserialization.descriptors.NonEmptyDeserializedAnnotations: loaded 2 times (x 91B)
Class kotlin.reflect.jvm.internal.impl.serialization.deserialization.ProtoEnumFlags$WhenMappings: loaded 2 times (x 73B)
Class com.google.protobuf.RuntimeVersion$RuntimeDomain                                : loaded 2 times (x 81B)
Class kotlin.reflect.jvm.internal.impl.metadata.ProtoBuf$PackageOrBuilder             : loaded 2 times (x 72B)
Class kotlin.reflect.jvm.internal.impl.protobuf.SmallSortedMap$EmptySet$2             : loaded 2 times (x 80B)
Class kotlin.reflect.jvm.internal.impl.descriptors.ClassifierDescriptorWithTypeParameters: loaded 2 times (x 72B)
Class org.jetbrains.kotlin.build.report.metrics.BuildMetricsReporter                  : loaded 2 times (x 72B)
Class kotlin.coroutines.CombinedContext                                               : loaded 2 times (x 80B)
Class org.apache.commons.io.filefilter.IOFileFilter                                   : loaded 2 times (x 72B)
Class com.google.common.io.AppendableWriter                                           : loaded 2 times (x 101B)
Class com.google.common.collect.AbstractMultimap$Entries                              : loaded 2 times (x 122B)
Class com.google.testing.platform.executor.DeviceControllerProxy$logsFlow$2           : loaded 2 times (x 81B)
Class kotlinx.coroutines.internal.AtomicOp                                            : loaded 2 times (x 78B)
Class com.android.tools.utp.gradle.UtpConfigFactoryKt$createApkInstallerPlugin$1      : loaded 2 times (x 131B)
Class com.google.protobuf.DescriptorProtos$FieldOptions$OptionTargetType              : loaded 2 times (x 89B)
Class com.google.protobuf.DescriptorProtos$EnumValueOptions                           : loaded 2 times (x 240B)
Class com.google.protobuf.DescriptorProtos$SourceCodeInfoOrBuilder                    : loaded 2 times (x 72B)
Class com.google.testing.platform.proto.api.config.EnvironmentProto$EnvironmentOrBuilder: loaded 2 times (x 72B)
Class com.google.testing.platform.plugin.android.proto.AndroidDevicePluginProto       : loaded 2 times (x 73B)
Class com.google.testing.platform.api.config.ConfigBaseKt                             : loaded 2 times (x 73B)
Class kotlin.reflect.jvm.internal.KClassImpl$Data$$Lambda$3                           : loaded 2 times (x 78B)
Class com.google.protobuf.TextFormatEscaper$1                                         : loaded 2 times (x 80B)
Class io.grpc.protobuf.services.ProtoReflectionService                                : loaded 2 times (x 81B)
Class org.jetbrains.kotlin.incremental.IncrementalModuleInfo                          : loaded 2 times (x 74B)
Class kotlin.reflect.jvm.internal.impl.load.java.typeEnhancement.JavaTypeQualifiers$Companion: loaded 2 times (x 73B)
Class kotlin.reflect.jvm.internal.impl.load.java.typeEnhancement.JavaTypeQualifiers   : loaded 2 times (x 74B)
Class kotlin.reflect.jvm.internal.impl.metadata.deserialization.Flags                 : loaded 2 times (x 73B)
Class kotlin.reflect.jvm.internal.impl.metadata.ProtoBuf$TypeParameter                : loaded 2 times (x 103B)
Class kotlin.reflect.jvm.internal.impl.metadata.ProtoBuf$Annotation                   : loaded 2 times (x 98B)
Class [Lkotlin.reflect.jvm.internal.impl.descriptors.DescriptorVisibility;            : loaded 2 times (x 71B)
Class kotlin.reflect.jvm.internal.impl.descriptors.VariableDescriptor                 : loaded 2 times (x 72B)
Class kotlin.reflect.jvm.internal.impl.descriptors.PackageFragmentProvider            : loaded 2 times (x 72B)
Class kotlin.reflect.jvm.internal.impl.load.java.JavaNullabilityAnnotationsStatus     : loaded 2 times (x 74B)
Class org.jetbrains.org.objectweb.asm.FieldWriter                                     : loaded 2 times (x 79B)
Class org.jetbrains.org.objectweb.asm.MethodVisitor                                   : loaded 2 times (x 107B)
Class kotlin.io.ByteStreamsKt                                                         : loaded 2 times (x 73B)
Class com.google.common.collect.Maps$EntryFunction$1                                  : loaded 2 times (x 93B)
Class com.google.common.base.Present                                                  : loaded 2 times (x 83B)
Class com.google.common.collect.AbstractMapBasedMultimap$WrappedCollection$WrappedIterator: loaded 2 times (x 86B)
Class com.google.common.cache.RemovalListener                                         : loaded 2 times (x 72B)
Class org.gradle.api.internal.DefaultClassPathRegistry                                : loaded 2 times (x 78B)
Class com.google.testing.platform.lib.process.inject.DaggerSubprocessComponent$SubprocessComponentImpl: loaded 2 times (x 77B)
Class com.google.testing.platform.executor.DeviceControllerProxy$Companion            : loaded 2 times (x 73B)
Class com.google.testing.platform.result.GlobalTestResultPublisher$Companion          : loaded 2 times (x 73B)
Class com.google.testing.platform.server.strategy.NonInteractiveServerStrategy$run$3  : loaded 2 times (x 81B)
Class com.google.testing.platform.server.inject.ServerComponent$Builder               : loaded 2 times (x 72B)
Class com.google.testing.platform.lib.extension.internals.DefaultServiceLoaderWrapper : loaded 2 times (x 76B)
Class com.google.testing.platform.proto.api.core.TestSuiteResultProto$TestSuiteMetaDataOrBuilder: loaded 2 times (x 72B)
Class com.google.testing.platform.proto.api.core.PhaseProto$TestPhase                 : loaded 2 times (x 89B)
Class org.gradle.internal.service.ServiceLocator                                      : loaded 2 times (x 72B)
Class com.google.protobuf.TypeRegistry                                                : loaded 2 times (x 75B)
Class com.android.tools.utp.plugins.result.listener.gradle.proto.GradleAndroidTestResultListenerConfigProto$GradleAndroidTestResultListenerConfig: loaded 2 times (x 208B)
Class com.android.tools.utp.gradle.UtpConfigFactoryKt$createApkInstallerPlugin$2      : loaded 2 times (x 81B)
Class com.google.protobuf.DescriptorProtos$EnumDescriptorProto$1                      : loaded 2 times (x 153B)
Class com.google.protobuf.GeneratedMessage$ExtendableBuilder                          : loaded 2 times (x 308B)
Class com.google.protobuf.SchemaFactory                                               : loaded 2 times (x 72B)
Class [Lorg.objectweb.asm.Type;                                                       : loaded 2 times (x 71B)
Class org.gradle.kotlin.dsl.Accessors2sci8yewa96g0fyfhouaecr70Kt                      : loaded 2 times (x 73B)
Class kotlin.reflect.jvm.internal.KClassImpl$Data$$Lambda$4                           : loaded 2 times (x 78B)
Class kotlin.reflect.jvm.internal.KPropertyImpl                                       : loaded 2 times (x 117B)
Class [Lorg.jetbrains.kotlin.com.intellij.openapi.diagnostic.LogLevel;                : loaded 2 times (x 71B)
Class [Lkotlin.reflect.jvm.internal.impl.incremental.components.NoLookupLocation;     : loaded 2 times (x 71B)
Class org.jetbrains.kotlin.cli.common.messages.MessageCollector                       : loaded 2 times (x 72B)
Class kotlin.reflect.jvm.internal.impl.utils.SmartList                                : loaded 2 times (x 201B)
Class kotlin.reflect.jvm.internal.impl.load.kotlin.header.ReadKotlinClassHeaderAnnotationVisitor$KotlinMetadataArgumentVisitor: loaded 2 times (x 88B)
Class kotlin.reflect.jvm.internal.impl.metadata.deserialization.TypeTable             : loaded 2 times (x 74B)
Class kotlin.reflect.jvm.internal.impl.metadata.ProtoBuf$VersionRequirement$VersionKind$1: loaded 2 times (x 76B)
Class kotlin.reflect.jvm.internal.impl.descriptors.runtime.components.ReflectKotlinClass: loaded 2 times (x 81B)
Class [Lkotlin.reflect.jvm.internal.impl.descriptors.PackageFragmentProviderOptimized;: loaded 2 times (x 71B)
Class kotlin.reflect.jvm.internal.impl.metadata.ProtoBuf$ValueParameterOrBuilder      : loaded 2 times (x 72B)
Class kotlin.reflect.jvm.internal.impl.metadata.ProtoBuf$Function                     : loaded 2 times (x 103B)
Class kotlin.reflect.jvm.internal.impl.renderer.RenderingFormat$PLAIN                 : loaded 2 times (x 82B)
Class org.apache.commons.io.file.DeleteOption                                         : loaded 2 times (x 72B)
Class com.google.common.collect.Maps$EntryFunction$2                                  : loaded 2 times (x 93B)
Class com.google.common.reflect.Invokable$ConstructorInvokable                        : loaded 2 times (x 109B)
Class com.google.common.collect.ImmutableMultimap$Keys                                : loaded 2 times (x 168B)
Class com.google.common.collect.Multimap                                              : loaded 2 times (x 72B)
Class org.gradle.internal.classpath.DefaultClassPath$ImmutableUniqueList              : loaded 2 times (x 201B)
Class org.gradle.api.internal.ClassPathRegistry                                       : loaded 2 times (x 72B)
Class com.google.testing.platform.lib.process.inject.DaggerSubprocessComponent$Builder: loaded 2 times (x 78B)
Class com.google.testing.platform.inject.DaggerRunnerComponent                        : loaded 2 times (x 73B)
Class com.google.testing.platform.lib.coroutines.Dispatchers                          : loaded 2 times (x 73B)
Class com.android.ddmlib.IDeviceSharedImpl$1                                          : loaded 2 times (x 73B)
Class kotlinx.coroutines.EventLoopImplBase$DelayedTaskQueue                           : loaded 2 times (x 74B)
Class com.google.testing.platform.core.telemetry.EventRecordRequest                   : loaded 2 times (x 74B)
Class kotlin.reflect.jvm.internal.impl.serialization.deserialization.descriptors.DeserializedClassDescriptor$DeserializedClassTypeConstructor: loaded 2 times (x 99B)
Class kotlin.reflect.jvm.internal.impl.serialization.deserialization.descriptors.DeserializedClassDescriptor$DeserializedClassMemberScope$generateFakeOverrides$1: loaded 2 times (x 79B)
Class kotlin.reflect.jvm.internal.impl.descriptors.Visibilities                       : loaded 2 times (x 73B)
Class com.google.testing.platform.proto.api.config.ShardingConfigProto$ShardingConfigOrBuilder: loaded 2 times (x 72B)
Class com.android.tools.utp.plugins.host.additionaltestoutput.proto.AndroidAdditionalTestOutputConfigProto$AndroidAdditionalTestOutputConfig$1: loaded 2 times (x 153B)
Class com.android.tools.utp.plugins.host.apkinstaller.proto.AndroidApkInstallerConfigProto$InstallableApk$Builder: loaded 2 times (x 304B)
Class com.google.protobuf.MessageReflection                                           : loaded 2 times (x 73B)
Class com.google.protobuf.DescriptorProtos$FileOptions                                : loaded 2 times (x 281B)
Class com.google.testing.platform.proto.api.config.RunnerConfigProto$ServicesOrBuilder: loaded 2 times (x 72B)
Class kotlin.reflect.jvm.internal.impl.descriptors.java.JavaVisibilities$ProtectedStaticVisibility: loaded 2 times (x 77B)
Class org.jetbrains.kotlin.cli.common.arguments.PreprocessCommandLineArgumentsKt      : loaded 2 times (x 73B)
Class com.android.build.gradle.internal.testing.utp.worker.RunUtpWorkAction$Inject_   : loaded 2 times (x 111B)
Class kotlin.reflect.jvm.internal.KClassImpl$Data$$Lambda$5                           : loaded 2 times (x 78B)
Class kotlin.reflect.jvm.internal.ComputableClassValue                                : loaded 2 times (x 81B)
Class com.google.protobuf.DescriptorProtos$FieldDescriptorProtoOrBuilder              : loaded 2 times (x 72B)
Class kotlin.reflect.jvm.internal.impl.load.java.JvmAbi                               : loaded 2 times (x 73B)
Class kotlin.reflect.jvm.internal.impl.resolve.DescriptorFactory$DefaultClassConstructorDescriptor: loaded 2 times (x 217B)
Class kotlin.reflect.jvm.internal.impl.metadata.ProtoBuf$QualifiedNameTableOrBuilder  : loaded 2 times (x 72B)
Class com.google.protobuf.DescriptorProtos$FieldDescriptorProto                       : loaded 2 times (x 221B)
Class kotlin.reflect.jvm.internal.impl.resolve.scopes.ChainedMemberScope$Companion    : loaded 2 times (x 73B)
Class kotlin.reflect.jvm.internal.impl.descriptors.impl.SubpackagesScope              : loaded 2 times (x 95B)
Class kotlin.reflect.jvm.internal.impl.protobuf.GeneratedMessageLite$ExtensionDescriptor: loaded 2 times (x 85B)
Class kotlin.reflect.jvm.internal.impl.load.java.lazy.LazyJavaPackageFragmentProvider : loaded 2 times (x 82B)
Class org.jetbrains.org.objectweb.asm.ByteVector                                      : loaded 2 times (x 80B)
Class org.jetbrains.kotlin.build.report.metrics.INCREMENTAL_COMPILATION_DAEMON        : loaded 2 times (x 74B)
Class kotlin.jvm.internal.TypeIntrinsics                                              : loaded 2 times (x 73B)
Class org.apache.commons.io.IOUtils                                                   : loaded 2 times (x 73B)
Class com.google.common.reflect.TypeToken                                             : loaded 2 times (x 75B)
Class com.google.common.collect.NullnessCasts                                         : loaded 2 times (x 73B)
Class com.google.common.base.ExtraObjectsMethodsForWeb                                : loaded 2 times (x 73B)
Class com.google.common.collect.MapMakerInternalMap$Segment                           : loaded 2 times (x 143B)
Class com.google.testing.platform.plugin.PluginLifecycle$onAfterAll$1                 : loaded 2 times (x 81B)
Class com.google.testing.platform.proto.api.config.AnnotationFilterProto              : loaded 2 times (x 73B)
Class com.android.tools.utp.plugins.host.apkinstaller.proto.AndroidApkInstallerConfigProto$InstallableApk$InstallOption: loaded 2 times (x 202B)
Class com.google.testing.platform.proto.api.config.EnvironmentProto$Environment$Builder: loaded 2 times (x 308B)
Class com.google.protobuf.WireFormat$FieldType$1                                      : loaded 2 times (x 84B)
Class com.google.testing.platform.proto.api.config.AndroidInstrumentationDriverProto$AndroidInstrumentationDriver$Builder: loaded 2 times (x 303B)
Class com.android.tools.utp.plugins.result.listener.gradle.proto.GradleAndroidTestResultListenerConfigProto$GradleAndroidTestResultListenerConfigOrBuilder: loaded 2 times (x 72B)
Class kotlinx.coroutines.BuildersKt__BuildersKt                                       : loaded 2 times (x 73B)
Class com.google.testing.platform.proto.api.config.RegexFilterProto                   : loaded 2 times (x 73B)
Class [Lcom.google.testing.platform.proto.api.core.PhaseProto$TestPhase;              : loaded 2 times (x 71B)
Class kotlin.reflect.jvm.internal.KClassImpl$Data$$Lambda$6                           : loaded 2 times (x 78B)
Class com.google.testing.platform.lib.dagger.LazyImpl                                 : loaded 2 times (x 77B)
Class com.google.testing.platform.driver.TestCoordinators$PrimaryTestCoordinator$Companion: loaded 2 times (x 73B)
Class kotlinx.coroutines.flow.SharedFlowKt                                            : loaded 2 times (x 73B)
Class [Lorg.jetbrains.org.objectweb.asm.AnnotationWriter;                             : loaded 2 times (x 71B)
Class kotlin.reflect.jvm.internal.impl.load.java.AnnotationQualifierApplicabilityType : loaded 2 times (x 81B)
Class org.jetbrains.kotlin.cli.common.arguments.K2JVMCompilerArgumentsConfigurator    : loaded 2 times (x 76B)
Class [Lkotlin.reflect.jvm.internal.impl.resolve.ExternalOverridabilityCondition$Result;: loaded 2 times (x 71B)
Class kotlin.reflect.jvm.internal.impl.builtins.jvm.CloneableClassScope               : loaded 2 times (x 96B)
Class kotlin.reflect.jvm.internal.impl.serialization.deserialization.descriptors.DeserializedPackageMemberScope: loaded 2 times (x 105B)
Class kotlin.reflect.jvm.internal.impl.serialization.deserialization.descriptors.DeserializedMemberScope$Implementation: loaded 2 times (x 72B)
Class kotlin.reflect.jvm.internal.impl.serialization.deserialization.descriptors.DeserializedAnnotations: loaded 2 times (x 91B)
Class kotlin.reflect.jvm.internal.impl.load.kotlin.KotlinClassFinder$Result$KotlinClass: loaded 2 times (x 74B)
Class kotlin.reflect.jvm.internal.impl.load.kotlin.header.KotlinClassHeader           : loaded 2 times (x 74B)
Class kotlin.reflect.jvm.internal.impl.protobuf.WireFormat$FieldType$1                : loaded 2 times (x 84B)
Class kotlin.reflect.jvm.internal.impl.descriptors.Visibilities$Protected             : loaded 2 times (x 77B)
Class kotlin.reflect.jvm.internal.impl.renderer.RenderingFormat                       : loaded 2 times (x 82B)
Class kotlin.reflect.jvm.internal.impl.load.kotlin.DeserializationComponentsForJavaKt : loaded 2 times (x 73B)
Class kotlin.reflect.jvm.internal.impl.builtins.KotlinBuiltIns$1                      : loaded 2 times (x 79B)
Class kotlin.time.DurationUnit                                                        : loaded 2 times (x 81B)
Class com.google.testing.platform.result.TestSuiteResultExt                           : loaded 2 times (x 73B)
Class com.google.common.cache.RemovalCause                                            : loaded 2 times (x 82B)
Class com.google.common.io.ByteSink                                                   : loaded 2 times (x 78B)
Class com.google.common.cache.CacheBuilder                                            : loaded 2 times (x 74B)
Class Settings_gradle$1                                                               : loaded 2 times (x 77B)
Class org.gradle.internal.classpath.ClassPath                                         : loaded 2 times (x 72B)
Class com.google.testing.platform.executor.DeviceProviderProxy$Companion              : loaded 2 times (x 73B)
Class com.google.testing.platform.core.error.config.ErrorUpdater                      : loaded 2 times (x 72B)
Class kotlinx.coroutines.sync.MutexKt                                                 : loaded 2 times (x 73B)
Class com.google.testing.platform.proto.api.core.IssueProto$Issue$Severity            : loaded 2 times (x 89B)
Class com.google.common.base.MoreObjects                                              : loaded 2 times (x 73B)
Class com.google.common.collect.BaseImmutableMultimap                                 : loaded 2 times (x 125B)
Class com.google.common.collect.EmptyImmutableListMultimap                            : loaded 2 times (x 178B)
Class com.google.protobuf.DurationOrBuilder                                           : loaded 2 times (x 72B)
Class com.google.testing.platform.proto.api.config.InstrumentationProto$InstrumentationArgs$Builder: loaded 2 times (x 308B)
Class com.google.testing.platform.proto.api.config.LocalAndroidDeviceProviderProto$DeviceType$1: loaded 2 times (x 78B)
Class com.google.protobuf.DescriptorProtos$EnumValueDescriptorProto$1                 : loaded 2 times (x 153B)
Class com.google.protobuf.WireFormat$FieldType$2                                      : loaded 2 times (x 84B)
Class com.google.protobuf.Descriptors                                                 : loaded 2 times (x 73B)
Class com.google.testing.platform.proto.api.config.DeviceProto$DeviceId$1             : loaded 2 times (x 153B)
Class com.google.testing.platform.proto.api.config.ErrorConfigProto$ErrorConfig       : loaded 2 times (x 196B)
Class com.google.protobuf.DescriptorMessageInfoFactory$OneofState                     : loaded 2 times (x 74B)
Class com.google.testing.platform.proto.api.config.CancellationConfigProto$CancellationConfigOrBuilder: loaded 2 times (x 72B)
Class com.google.common.reflect.TypeResolver$TypeVariableKey                          : loaded 2 times (x 74B)
Class org.apache.commons.io.output.ByteArrayOutputStream                              : loaded 2 times (x 104B)
Class jdk.internal.jrtfs.SystemImage$2                                                : loaded 2 times (x 78B)
Class kotlin.reflect.jvm.internal.KClassImpl$Data$$Lambda$7                           : loaded 2 times (x 78B)
Class kotlin.reflect.jvm.internal.impl.load.java.JavaClassesTracker$Default           : loaded 2 times (x 76B)
Class kotlin.reflect.jvm.internal.impl.types.DisjointKeysUnionTypeSubstitution        : loaded 2 times (x 80B)
Class kotlin.reflect.jvm.internal.impl.util.collectionUtils.ScopeUtilsKt              : loaded 2 times (x 73B)
Class kotlin.reflect.jvm.internal.impl.protobuf.WireFormat$FieldType$2                : loaded 2 times (x 84B)
Class kotlin.reflect.jvm.internal.impl.descriptors.DescriptorVisibilities             : loaded 2 times (x 73B)
Class kotlin.reflect.jvm.internal.impl.descriptors.ModuleDescriptor$DefaultImpls      : loaded 2 times (x 73B)
Class kotlin.reflect.jvm.internal.impl.renderer.ClassifierNamePolicy$SHORT            : loaded 2 times (x 76B)
Class kotlin.reflect.jvm.internal.impl.builtins.KotlinBuiltIns$2                      : loaded 2 times (x 79B)
Class kotlin.reflect.jvm.internal.impl.storage.StorageManager                         : loaded 2 times (x 72B)
Class kotlin.reflect.jvm.internal.impl.descriptors.runtime.components.RuntimeErrorReporter: loaded 2 times (x 77B)
Class kotlin.collections.ArrayDeque                                                   : loaded 2 times (x 209B)
Class build_ek302ks9573q57t46z0itk6xk$_run_closure1                                   : loaded 2 times (x 140B)
Class [Lcom.google.common.reflect.Types$JavaVersion;                                  : loaded 2 times (x 71B)
Class com.google.common.collect.Interners$InternerBuilder                             : loaded 2 times (x 78B)
Class com.google.common.io.Files$FileByteSource                                       : loaded 2 times (x 87B)
Class com.google.common.collect.LinkedListMultimap$Node                               : loaded 2 times (x 84B)
Class com.google.testing.platform.result.GlobalTestResultPublisher                    : loaded 2 times (x 88B)
Class com.google.testing.platform.executor.inject.SingleDeviceExecutorModule_SingleDeviceExecutorFactory: loaded 2 times (x 79B)
Class com.google.testing.platform.core.telemetry.inject.DiagnosticsModule_AndroidSdkFactory: loaded 2 times (x 79B)
Class com.google.testing.platform.config.FileConfigProvider$Companion                 : loaded 2 times (x 73B)
Class com.google.testing.platform.lib.cancellation.ProcessCancellationContext         : loaded 2 times (x 74B)
Class kotlin.reflect.jvm.internal.impl.renderer.DescriptorRendererOptionsImpl         : loaded 2 times (x 94B)
Class kotlinx.coroutines.DisposeOnCompletion                                          : loaded 2 times (x 92B)
Class com.google.testing.platform.runtime.android.device.AndroidDeviceProperties      : loaded 2 times (x 74B)
Class kotlin.reflect.jvm.internal.impl.descriptors.impl.VariableDescriptorWithInitializerImpl: loaded 2 times (x 144B)
Class kotlin.reflect.jvm.internal.impl.descriptors.PropertySetterDescriptor           : loaded 2 times (x 72B)
Class com.google.testing.platform.config.v1.extension.EnvironmentExtKt                : loaded 2 times (x 73B)
Class kotlin.reflect.jvm.internal.impl.metadata.ProtoBuf$Type$1                       : loaded 2 times (x 89B)
Class kotlin.reflect.jvm.internal.impl.serialization.deserialization.ClassDeserializer$ClassKey: loaded 2 times (x 74B)
Class com.google.testing.platform.proto.api.config.AndroidSdkProto$AndroidSdk$Builder : loaded 2 times (x 307B)
Class com.google.testing.platform.proto.api.config.EnvironmentProto$AndroidEnvironmentOrBuilder: loaded 2 times (x 72B)
Class com.google.testing.platform.proto.api.config.FixtureProto$TestFixtureIdOrBuilder: loaded 2 times (x 72B)
Class com.google.protobuf.DescriptorProtos$FeatureSetDefaults$FeatureSetEditionDefault: loaded 2 times (x 201B)
Class com.google.protobuf.ExtensionRegistry$1                                         : loaded 2 times (x 73B)
Class [Lcom.google.protobuf.Descriptors$DescriptorPool$SearchFilter;                  : loaded 2 times (x 71B)
Class com.google.protobuf.DescriptorProtos$DescriptorProto$ReservedRange$Builder      : loaded 2 times (x 299B)
Class com.google.protobuf.WireFormat$FieldType$3                                      : loaded 2 times (x 84B)
Class [Lcom.google.protobuf.Descriptors$FieldDescriptor;                              : loaded 2 times (x 71B)
Class kotlin.reflect.jvm.internal.impl.metadata.ProtoBuf$QualifiedNameTable$QualifiedName$Kind$1: loaded 2 times (x 76B)
Class androidx.room.compiler.processing.CommonProcessorDelegate                       : loaded 2 times (x 74B)
Class kotlin.reflect.jvm.internal.KClassImpl$Data$$Lambda$8                           : loaded 2 times (x 78B)
Class kotlin.reflect.jvm.internal.impl.descriptors.impl.LazyClassReceiverParameterDescriptor: loaded 2 times (x 139B)
Class org.jetbrains.kotlin.incremental.IncrementalCompilationFeatures$Companion       : loaded 2 times (x 73B)
Class org.jetbrains.kotlin.daemon.common.MultiModuleICSettings                        : loaded 2 times (x 74B)
Class org.jetbrains.kotlin.cli.common.arguments.Enables                               : loaded 2 times (x 72B)
Class org.jetbrains.kotlin.cli.common.arguments.Freezable                             : loaded 2 times (x 74B)
Class kotlin.reflect.jvm.internal.impl.utils.SmartSet$Companion                       : loaded 2 times (x 73B)
Class kotlin.reflect.jvm.internal.impl.protobuf.CodedInputStream                      : loaded 2 times (x 74B)
Class kotlin.reflect.jvm.internal.impl.load.java.lazy.descriptors.LazyJavaScope       : loaded 2 times (x 106B)
Class kotlin.reflect.jvm.internal.impl.protobuf.WireFormat$FieldType$3                : loaded 2 times (x 84B)
Class kotlin.reflect.jvm.internal.impl.incremental.components.LookupTracker           : loaded 2 times (x 72B)
Class kotlin.reflect.jvm.internal.impl.storage.LockBasedStorageManager$CacheWithNullableValuesBasedOnMemoizedFunction: loaded 2 times (x 85B)
Class kotlin.reflect.jvm.internal.impl.builtins.KotlinBuiltIns$3                      : loaded 2 times (x 79B)
Class org.jetbrains.kotlin.com.intellij.openapi.diagnostic.Logger                     : loaded 2 times (x 101B)
Class org.jetbrains.kotlin.build.report.metrics.CLASSPATH_ENTRY_SNAPSHOT_TRANSFORM    : loaded 2 times (x 74B)
Class kotlin.reflect.jvm.internal.impl.name.StandardClassIdsKt                        : loaded 2 times (x 73B)
Class kotlin.time.DurationUnitKt__DurationUnitKt                                      : loaded 2 times (x 73B)
Class com.google.common.io.CharStreams$NullWriter                                     : loaded 2 times (x 101B)
Class org.objectweb.asm.SymbolTable$Entry                                             : loaded 2 times (x 75B)
Class com.google.gson.internal.JsonReaderInternalAccess                               : loaded 2 times (x 74B)
Class org.gradle.api.internal.classpath.DefaultModuleRegistry$DefaultModuleAlias      : loaded 2 times (x 82B)
Class com.google.testing.platform.main.inject.MainComponent                           : loaded 2 times (x 72B)
Class com.android.ddmlib.IDevice$Feature                                              : loaded 2 times (x 81B)
Class com.google.testing.platform.api.config.Environment$Creator$default$2            : loaded 2 times (x 80B)
Class dagger.internal.SingleCheck                                                     : loaded 2 times (x 77B)
Class com.google.testing.platform.proto.api.core.PathProto$Path$1                     : loaded 2 times (x 153B)
Class com.google.protobuf.DescriptorProtos$EnumOptions$1                              : loaded 2 times (x 153B)
Class com.google.protobuf.WireFormat$FieldType$4                                      : loaded 2 times (x 84B)
Class com.google.protobuf.Descriptors$DescriptorPool$PackageDescriptor                : loaded 2 times (x 83B)
Class [Lcom.google.protobuf.GeneratedMessage$FieldAccessorTable$FieldAccessor;        : loaded 2 times (x 71B)
Class com.google.protobuf.DescriptorProtos$FeatureSet$EnumType$1                      : loaded 2 times (x 78B)
Class androidx.room.compiler.processing.InternalXAnnotated                            : loaded 2 times (x 72B)
Class kotlin.reflect.jvm.internal.KClassImpl$Data$$Lambda$9                           : loaded 2 times (x 78B)
Class com.android.tools.utp.gradle.UtpConfigFactoryKt$createAndroidTestPlugin$2       : loaded 2 times (x 80B)
Class kotlin.reflect.jvm.internal.impl.resolve.OverridingUtil$OverrideCompatibilityInfo: loaded 2 times (x 75B)
Class kotlin.reflect.jvm.internal.impl.types.checker.ClassicTypeCheckerStateKt        : loaded 2 times (x 73B)
Class [Lkotlin.reflect.jvm.internal.impl.resolve.scopes.MemberScope;                  : loaded 2 times (x 71B)
Class kotlin.reflect.jvm.internal.impl.protobuf.WireFormat$FieldType$4                : loaded 2 times (x 84B)
Class kotlin.reflect.jvm.internal.impl.descriptors.impl.FunctionDescriptorImpl        : loaded 2 times (x 193B)
Class kotlin.reflect.jvm.internal.impl.types.ClassifierBasedTypeConstructor           : loaded 2 times (x 88B)
Class kotlin.reflect.jvm.internal.impl.renderer.PropertyAccessorRenderingPolicy       : loaded 2 times (x 81B)
Class kotlin.reflect.jvm.internal.impl.load.kotlin.AbstractBinaryClassAnnotationAndConstantLoader: loaded 2 times (x 101B)
Class kotlin.reflect.jvm.internal.impl.incremental.components.LookupTracker$DO_NOTHING: loaded 2 times (x 77B)
Class kotlin.reflect.jvm.internal.impl.builtins.KotlinBuiltIns$4                      : loaded 2 times (x 79B)
Class org.jetbrains.org.objectweb.asm.ClassWriter                                     : loaded 2 times (x 107B)
Class jdk.internal.jimage.ImageStringsReader                                          : loaded 2 times (x 82B)
Class org.objectweb.asm.Edge                                                          : loaded 2 times (x 74B)
Class com.google.common.base.Suppliers$SupplierOfInstance                             : loaded 2 times (x 81B)
Class com.google.testing.platform.result.BinaryProtoLogWriter                         : loaded 2 times (x 78B)
Class com.google.testing.platform.proto.api.core.TestResultProto$TestResult$TestDetailsEntry: loaded 2 times (x 197B)
Class com.google.testing.platform.proto.api.core.TestSuiteResultProto$TestSuiteResultOrBuilder: loaded 2 times (x 72B)
Class com.android.ddmlib.InstallCreateReceiver                                        : loaded 2 times (x 89B)
Class com.android.tools.utp.plugins.result.listener.gradle.proto.GradleAndroidTestResultListenerConfigProto$GradleAndroidTestResultListenerConfig$Builder: loaded 2 times (x 310B)
Class com.google.testing.platform.proto.api.config.InstrumentationProto$InstrumentationFilter$Builder: loaded 2 times (x 300B)
Class com.google.testing.platform.core.telemetry.DiagnosticsExtKt                     : loaded 2 times (x 73B)
Class [Lcom.google.protobuf.Message;                                                  : loaded 2 times (x 71B)
Class com.android.ddmlib.testrunner.TestRunResult                                     : loaded 2 times (x 112B)
Class com.google.testing.platform.proto.api.core.IssueProto$IssueOrBuilder            : loaded 2 times (x 72B)
Class kotlinx.coroutines.ExecutorCoroutineDispatcher$Key$1                            : loaded 2 times (x 80B)
Class com.android.tools.utp.plugins.host.apkinstaller.proto.AndroidApkInstallerConfigProto$AndroidApkInstallerConfigOrBuilder: loaded 2 times (x 72B)
Class com.google.protobuf.DescriptorProtos$EnumValueDescriptorProtoOrBuilder          : loaded 2 times (x 72B)
Class [Lcom.google.protobuf.Descriptors$Descriptor;                                   : loaded 2 times (x 71B)
Class com.google.testing.platform.main.inject.MainModule_ProvidesServerStrategyFactory: loaded 2 times (x 79B)
Class com.google.protobuf.DescriptorProtos$FieldDescriptorProto$Type                  : loaded 2 times (x 89B)
Class com.google.testing.platform.plugin.PluginLifecycle$onAfterAll$1$1               : loaded 2 times (x 81B)
Class com.google.common.cache.CacheLoader$FunctionToCacheLoader                       : loaded 2 times (x 77B)
Class kotlin.comparisons.NaturalOrderComparator                                       : loaded 2 times (x 90B)
Class com.google.common.collect.ImmutableListMultimap                                 : loaded 2 times (x 178B)
Class org.jetbrains.kotlin.incremental.ClasspathChanges$ClasspathSnapshotEnabled$IncrementalRun$NoChanges: loaded 2 times (x 75B)
Class com.google.common.reflect.Types$ParameterizedTypeImpl                           : loaded 2 times (x 83B)
Class kotlin.reflect.jvm.internal.impl.types.model.TypeSystemContext                  : loaded 2 times (x 72B)
Class kotlin.reflect.jvm.internal.impl.load.java.structure.ListBasedJavaAnnotationOwner: loaded 2 times (x 72B)
Class com.google.common.collect.Maps$IteratorBasedAbstractMap$1                       : loaded 2 times (x 140B)
Class kotlin.reflect.jvm.internal.impl.descriptors.runtime.components.RuntimeSourceElementFactory$RuntimeSourceElement: loaded 2 times (x 80B)
Class kotlin.reflect.jvm.internal.impl.descriptors.runtime.structure.ReflectJavaClass : loaded 2 times (x 117B)
Class kotlin.reflect.jvm.internal.impl.serialization.deserialization.SuspendFunctionTypeUtilKt: loaded 2 times (x 73B)
Class kotlin.reflect.jvm.internal.impl.metadata.ProtoBuf$QualifiedNameTable$QualifiedName$Kind: loaded 2 times (x 84B)
Class kotlin.reflect.jvm.internal.impl.metadata.ProtoBuf$StringTable$1                : loaded 2 times (x 89B)
Class kotlin.reflect.jvm.internal.impl.metadata.deserialization.Flags$EnumLiteFlagField: loaded 2 times (x 78B)
Class kotlin.reflect.jvm.internal.impl.serialization.deserialization.FlexibleTypeDeserializer$ThrowException: loaded 2 times (x 76B)
Class kotlin.reflect.jvm.internal.impl.metadata.jvm.JvmProtoBuf                       : loaded 2 times (x 73B)
Class kotlin.reflect.jvm.internal.impl.descriptors.impl.ClassDescriptorBase           : loaded 2 times (x 176B)
Class org.apache.commons.io.output.UnsynchronizedByteArrayOutputStream                : loaded 2 times (x 104B)
Class kotlin.reflect.jvm.internal.impl.resolve.constants.IntegerValueConstant         : loaded 2 times (x 76B)
Class kotlin.reflect.jvm.internal.impl.types.checker.NewKotlinTypeChecker$Companion   : loaded 2 times (x 73B)
Class kotlin.reflect.jvm.internal.impl.load.java.JavaClassesTracker                   : loaded 2 times (x 72B)
Class kotlin.reflect.jvm.internal.impl.builtins.ReflectionTypes$Companion             : loaded 2 times (x 73B)
Class kotlin.reflect.jvm.internal.impl.descriptors.DeclarationDescriptorNonRoot       : loaded 2 times (x 72B)
Class com.google.devtools.ksp.processing.KSPJvmConfig                                 : loaded 2 times (x 74B)
Class com.google.common.reflect.TypeToken$1                                           : loaded 2 times (x 112B)
Class com.google.common.cache.LocalCache$ComputingValueReference                      : loaded 2 times (x 98B)
Class com.google.testing.platform.plugin.PluginGraphFactory                           : loaded 2 times (x 74B)
Class com.google.testing.platform.plugin.PluginLifecycle                              : loaded 2 times (x 74B)
Class com.google.common.collect.ImmutableRangeSet$AsSet                               : loaded 2 times (x 302B)
Class kotlinx.coroutines.sync.SemaphoreImpl                                           : loaded 2 times (x 84B)
Class kotlinx.coroutines.CancelHandlerBase                                            : loaded 2 times (x 78B)
Class com.google.testing.platform.api.device.Device                                   : loaded 2 times (x 72B)
Class [Lcom.android.ddmlib.testrunner.TestResult$TestStatus;                          : loaded 2 times (x 71B)
Class com.android.tools.utp.plugins.host.additionaltestoutput.proto.AndroidAdditionalTestOutputConfigProto$AndroidAdditionalTestOutputConfig$Builder: loaded 2 times (x 299B)
Class com.google.protobuf.GeneratedMessage$FieldAccessorTable$RepeatedFieldAccessor   : loaded 2 times (x 108B)
Class com.android.tools.utp.plugins.host.apkinstaller.proto.AndroidApkInstallerConfigProto$AndroidApkInstallerConfig$1: loaded 2 times (x 153B)
Class com.google.testing.platform.proto.api.core.ExtensionProto$Extension$1           : loaded 2 times (x 153B)
Class com.google.protobuf.DescriptorProtos$DescriptorProto$ReservedRangeOrBuilder     : loaded 2 times (x 72B)
Class com.android.tools.utp.plugins.deviceprovider.ddmlib.proto.AndroidDeviceProviderDdmlibConfigProto$DdmlibAndroidDeviceProviderConfigOrBuilder: loaded 2 times (x 72B)
Class [Lkotlin.coroutines.intrinsics.CoroutineSingletons;                             : loaded 2 times (x 71B)
Class jdk.internal.jrtfs.SystemImage$1                                                : loaded 2 times (x 80B)
Class [Lorg.jetbrains.org.objectweb.asm.SymbolTable$Entry;                            : loaded 2 times (x 71B)
Class kotlinx.coroutines.flow.MutableSharedFlow                                       : loaded 2 times (x 72B)
Class [Lorg.jetbrains.kotlin.cli.common.messages.CompilerMessageSeverity;             : loaded 2 times (x 71B)
Class kotlin.reflect.jvm.internal.impl.load.java.components.DescriptorResolverUtils$1 : loaded 2 times (x 79B)
Class kotlin.reflect.jvm.internal.impl.load.kotlin.KotlinJvmBinarySourceElement       : loaded 2 times (x 80B)
Class kotlin.reflect.jvm.internal.impl.descriptors.impl.ModuleDependencies            : loaded 2 times (x 72B)
Class kotlin.reflect.jvm.internal.impl.renderer.DescriptorRendererOptions             : loaded 2 times (x 72B)
Class kotlin.reflect.jvm.internal.impl.metadata.deserialization.BinaryVersion         : loaded 2 times (x 74B)
Class jdk.internal.jimage.ImageReader                                                 : loaded 2 times (x 77B)
Class com.google.common.reflect.TypeToken$2                                           : loaded 2 times (x 112B)
Class com.google.common.collect.AbstractMapBasedMultimap$AsMap$AsMapEntries           : loaded 2 times (x 140B)
Class com.google.common.cache.LocalCache$Segment                                      : loaded 2 times (x 155B)
Class com.google.testing.platform.plugin.PluginLifecycle$onConfigure$1$1              : loaded 2 times (x 81B)
Class com.google.testing.platform.plugin.PluginProvider                               : loaded 2 times (x 72B)
Class com.google.testing.platform.main.MainKt                                         : loaded 2 times (x 73B)
Class com.google.protobuf.TypeRegistry$EmptyTypeRegistryHolder                        : loaded 2 times (x 73B)
Class kotlin.reflect.jvm.internal.impl.load.java.components.SignaturePropagator$1     : loaded 2 times (x 77B)
Class com.android.tools.utp.plugins.host.logcat.proto.AndroidTestLogcatConfigProto$AndroidTestLogcatConfigOrBuilder: loaded 2 times (x 72B)
Class com.google.protobuf.RepeatedFieldBuilder                                        : loaded 2 times (x 96B)
Class com.google.testing.platform.proto.api.config.EnvironmentProto$Environment$1     : loaded 2 times (x 153B)
Class com.google.protobuf.Descriptors$DescriptorPool$SearchFilter                     : loaded 2 times (x 81B)
Class com.google.protobuf.DescriptorProtos$EnumDescriptorProto$EnumReservedRange$1    : loaded 2 times (x 153B)
Class [Lcom.google.protobuf.MessageInfoFactory;                                       : loaded 2 times (x 71B)
Class [Lkotlin.reflect.jvm.internal.impl.renderer.AnnotationArgumentsRenderingPolicy; : loaded 2 times (x 71B)
Class kotlin.reflect.jvm.internal.impl.protobuf.GeneratedMessageLite$ExtendableMessage: loaded 2 times (x 101B)
Class kotlin.reflect.jvm.internal.impl.descriptors.deserialization.ClassDescriptorFactory: loaded 2 times (x 72B)
Class kotlin.reflect.jvm.internal.impl.load.java.lazy.LazyJavaAnnotations             : loaded 2 times (x 87B)
Class kotlin.reflect.jvm.internal.impl.metadata.ProtoBuf$QualifiedNameTable$QualifiedName: loaded 2 times (x 98B)
Class [Lkotlin.reflect.jvm.internal.impl.resolve.OverridingUtil$OverrideCompatibilityInfo$Result;: loaded 2 times (x 71B)
Class org.jetbrains.kotlin.cli.jvm.compiler.KotlinCoreEnvironment                     : loaded 2 times (x 74B)
Class org.jetbrains.kotlin.incremental.ClasspathChanges$ClasspathSnapshotEnabled$IncrementalRun: loaded 2 times (x 74B)
Class kotlin.reflect.jvm.internal.impl.types.FlexibleTypesKt                          : loaded 2 times (x 73B)
Class kotlin.reflect.jvm.internal.impl.metadata.jvm.JvmProtoBuf$StringTableTypes$Record$1: loaded 2 times (x 89B)
Class kotlin.reflect.jvm.internal.impl.types.WrappedType                              : loaded 2 times (x 85B)
Class jdk.internal.jimage.ImageReader$SharedImageReader                               : loaded 2 times (x 97B)
Class kotlin.time.DurationJvmKt                                                       : loaded 2 times (x 73B)
Class [Lcom.google.common.base.Supplier;                                              : loaded 2 times (x 71B)
Class com.google.common.collect.SortedIterable                                        : loaded 2 times (x 72B)
Class com.google.common.collect.AbstractListMultimap                                  : loaded 2 times (x 173B)
Class [Lorg.objectweb.asm.SymbolTable$Entry;                                          : loaded 2 times (x 71B)
Class com.google.common.cache.CacheLoader                                             : loaded 2 times (x 76B)
Class org.gradle.api.internal.classpath.ModuleRegistry                                : loaded 2 times (x 72B)
Class org.gradle.internal.installation.GradleInstallation$1                           : loaded 2 times (x 77B)
Class com.google.testing.platform.plugin.PluginLifecycle$onConfigure$1$1$1            : loaded 2 times (x 81B)
Class com.google.testing.platform.proto.api.core.TestResultProto$TestResult$1         : loaded 2 times (x 153B)
Class com.google.testing.platform.proto.api.core.TestSuiteMetaDataKt$Dsl              : loaded 2 times (x 74B)
Class com.google.protobuf.TextFormat$Parser$Builder                                   : loaded 2 times (x 81B)
Class kotlin.reflect.jvm.internal.impl.load.java.JavaDescriptorVisibilities$3         : loaded 2 times (x 78B)
Class kotlin.reflect.jvm.KTypesJvm                                                    : loaded 2 times (x 73B)
Class kotlin.reflect.jvm.internal.impl.name.StandardClassIds                          : loaded 2 times (x 73B)
Class [Lcom.google.protobuf.DescriptorProtos$FeatureSet$MessageEncoding;              : loaded 2 times (x 71B)
Class com.google.protobuf.DescriptorProtos$EnumValueDescriptorProto$Builder           : loaded 2 times (x 303B)
Class com.google.protobuf.DescriptorProtos$EnumValueOptionsOrBuilder                  : loaded 2 times (x 72B)
Class com.google.testing.platform.proto.api.config.ExecutorProto$ParallelDeviceExecutorOrBuilder: loaded 2 times (x 72B)
Class com.google.protobuf.GeneratedMessage$Builder$BuilderParentImpl                  : loaded 2 times (x 78B)
Class com.google.testing.platform.proto.api.config.ExecutorProto$ParallelDeviceExecutor: loaded 2 times (x 203B)
Class com.google.protobuf.ManifestSchemaFactory$CompositeMessageInfoFactory           : loaded 2 times (x 80B)
Class [Lcom.google.protobuf.Descriptors$EnumValueDescriptor;                          : loaded 2 times (x 71B)
Class com.android.tools.utp.plugins.host.apkinstaller.proto.AndroidApkInstallerConfigProto$InstallableApk$InstallOptionOrBuilder: loaded 2 times (x 72B)
Class com.android.tools.utp.gradle.UtpConfigFactoryKt$createAndroidTestPlugin$1       : loaded 2 times (x 131B)
Class kotlin.reflect.jvm.internal.impl.types.AbstractStubType                         : loaded 2 times (x 93B)
Class kotlin.reflect.jvm.internal.impl.metadata.deserialization.NameResolver          : loaded 2 times (x 72B)
Class kotlin.reflect.jvm.internal.impl.descriptors.FindClassInModuleKt                : loaded 2 times (x 73B)
Class [Lkotlin.reflect.jvm.internal.impl.descriptors.DeclarationDescriptor;           : loaded 2 times (x 71B)
Class kotlin.reflect.jvm.internal.impl.metadata.ProtoBuf$VersionRequirementTableOrBuilder: loaded 2 times (x 72B)
Class kotlin.reflect.jvm.internal.impl.metadata.ProtoBuf$ValueParameter$1             : loaded 2 times (x 89B)
Class kotlin.reflect.jvm.internal.impl.descriptors.FieldDescriptor                    : loaded 2 times (x 72B)
Class org.jetbrains.org.objectweb.asm.AnnotationVisitor                               : loaded 2 times (x 80B)
Class com.google.devtools.ksp.processing.KSPLogger                                    : loaded 2 times (x 72B)
Class org.apache.commons.io.output.NullWriter                                         : loaded 2 times (x 101B)
Class com.google.testing.platform.proto.api.core.PlatformErrorProto$PlatformError     : loaded 2 times (x 198B)
Class com.google.testing.platform.proto.api.core.ExtensionProto$ConfigResource$1      : loaded 2 times (x 153B)
Class com.google.testing.platform.api.config.Environment$Companion                    : loaded 2 times (x 73B)
Class kotlinx.coroutines.DefaultExecutor                                              : loaded 2 times (x 121B)
Class kotlinx.coroutines.DisposeOnCancel                                              : loaded 2 times (x 79B)
Class com.google.testing.platform.config.ProtoConfigProvider                          : loaded 2 times (x 78B)
Class com.google.testing.platform.proto.api.config.CancellationConfigProto$CancellationConfig$1: loaded 2 times (x 153B)
Class com.google.protobuf.Descriptors$FieldDescriptor$Type                            : loaded 2 times (x 81B)
Class com.google.protobuf.SingleFieldBuilder                                          : loaded 2 times (x 86B)
Class com.google.testing.platform.proto.api.config.RunnerConfigProto$RunnerConfig$Builder: loaded 2 times (x 335B)
Class com.google.protobuf.MessageInfoFactory                                          : loaded 2 times (x 72B)
Class org.gradle.internal.classloader.InstrumentingClassLoader                        : loaded 2 times (x 72B)
Class org.gradle.internal.classpath.TransformedClassPath                              : loaded 2 times (x 98B)
Class com.google.common.cache.CacheBuilder$NullListener                               : loaded 2 times (x 84B)
Class org.objectweb.asm.FieldWriter                                                   : loaded 2 times (x 79B)
Class com.google.common.collect.MapMaker$Dummy                                        : loaded 2 times (x 81B)
Class kotlin.reflect.jvm.internal.impl.serialization.deserialization.descriptors.DeserializedPropertyDescriptor: loaded 2 times (x 212B)
Class kotlin.reflect.jvm.internal.impl.descriptors.runtime.structure.ReflectJavaType$Factory: loaded 2 times (x 73B)
Class kotlin.reflect.jvm.internal.impl.metadata.ProtoBuf$Modality$1                   : loaded 2 times (x 76B)
Class kotlin.reflect.jvm.internal.impl.protobuf.ByteString                            : loaded 2 times (x 99B)
Class kotlin.reflect.jvm.internal.impl.serialization.deserialization.LocalClassifierTypeSettings: loaded 2 times (x 72B)
Class kotlin.reflect.jvm.internal.impl.load.java.ReportLevel$Companion                : loaded 2 times (x 73B)
Class kotlin.reflect.jvm.internal.impl.load.java.ReportLevel                          : loaded 2 times (x 81B)
Class kotlin.reflect.jvm.internal.impl.load.java.JavaClassFinder                      : loaded 2 times (x 72B)
Class kotlin.time.Duration$Companion                                                  : loaded 2 times (x 73B)
Class kotlin.coroutines.intrinsics.IntrinsicsKt__IntrinsicsKt                         : loaded 2 times (x 73B)
Class com.google.common.collect.ImmutableSortedAsList                                 : loaded 2 times (x 223B)
Class com.google.common.collect.HashBiMap$Inverse                                     : loaded 2 times (x 144B)
Class com.google.common.collect.Iterators$6                                           : loaded 2 times (x 83B)
Class com.google.common.collect.ImmutableMultimap$Values                              : loaded 2 times (x 128B)
Class com.google.common.cache.LocalCache$LocalManualCache$1                           : loaded 2 times (x 77B)
Class com.google.testing.platform.executor.inject.PluginsModule                       : loaded 2 times (x 73B)
Class com.google.testing.platform.proto.api.core.TestResultProto                      : loaded 2 times (x 73B)
Class com.google.testing.platform.proto.api.core.PlatformErrorProto$PlatformError$1   : loaded 2 times (x 153B)
Class com.google.testing.platform.proto.api.core.TestSuiteResultProto$TestSuiteResult$1: loaded 2 times (x 153B)
Class com.google.common.reflect.Invokable                                             : loaded 2 times (x 105B)
Class kotlin.reflect.jvm.internal.impl.load.kotlin.DeserializedDescriptorResolver$Companion: loaded 2 times (x 73B)
Class com.google.testing.platform.proto.api.core.PathProto$Path$Builder               : loaded 2 times (x 297B)
Class com.google.protobuf.DescriptorProtos$FieldOptions$FeatureSupport$Builder        : loaded 2 times (x 304B)
Class com.google.testing.platform.proto.api.config.AdbTimeoutProto                    : loaded 2 times (x 73B)
Class com.google.protobuf.FieldType                                                   : loaded 2 times (x 81B)
Class kotlin.reflect.jvm.internal.impl.descriptors.Modality$Companion                 : loaded 2 times (x 73B)
Class com.android.tools.utp.gradle.UtpWorkActionUtilsKt                               : loaded 2 times (x 73B)
Class kotlin.reflect.jvm.internal.impl.descriptors.DescriptorVisibility               : loaded 2 times (x 77B)
Class kotlin.reflect.jvm.internal.impl.descriptors.impl.AbstractReceiverParameterDescriptor: loaded 2 times (x 139B)
Class kotlin.reflect.jvm.internal.impl.load.java.structure.JavaClass                  : loaded 2 times (x 72B)
Class kotlin.reflect.jvm.internal.impl.types.IndexedParametersSubstitution            : loaded 2 times (x 80B)
Class kotlin.reflect.jvm.internal.impl.metadata.ProtoBuf$PackageFragment$1            : loaded 2 times (x 89B)
Class kotlin.reflect.jvm.internal.impl.protobuf.SmallSortedMap$EntrySet               : loaded 2 times (x 139B)
Class kotlin.reflect.jvm.internal.impl.protobuf.CodedOutputStream                     : loaded 2 times (x 74B)
Class kotlin.reflect.jvm.internal.impl.load.java.structure.JavaPackage                : loaded 2 times (x 72B)
Class kotlin.reflect.jvm.internal.impl.util.ModuleVisibilityHelper$EMPTY              : loaded 2 times (x 76B)
Class kotlin.reflect.jvm.internal.impl.descriptors.impl.ModuleAwareClassDescriptor    : loaded 2 times (x 174B)
Class kotlin.reflect.jvm.internal.impl.types.TypeCheckerState                         : loaded 2 times (x 77B)
Class jdk.internal.jimage.ImageReader$Node                                            : loaded 2 times (x 86B)
Class com.google.common.collect.ImmutableSortedMap$1EntrySet                          : loaded 2 times (x 157B)
Class com.google.common.collect.Multimaps$AsMap$EntrySet                              : loaded 2 times (x 140B)
Class com.google.common.collect.LinkedListMultimap                                    : loaded 2 times (x 162B)
Class org.gradle.api.internal.classpath.DefaultModuleRegistry                         : loaded 2 times (x 86B)
Class com.google.testing.platform.plugin.PluginProviderProxy$plugins$2                : loaded 2 times (x 81B)
Class kotlin.reflect.jvm.internal.impl.load.java.JavaDescriptorVisibilities$2         : loaded 2 times (x 78B)
Class kotlin.reflect.jvm.internal.impl.builtins.functions.FunctionTypeKind            : loaded 2 times (x 74B)
Class com.google.testing.platform.core.telemetry.proto.DiagnosticsProto$DiagnosticsOrBuilder: loaded 2 times (x 72B)
Class com.google.testing.platform.lib.property.ErrorMessage                           : loaded 2 times (x 73B)
Class com.google.testing.platform.api.config.ConfigBase                               : loaded 2 times (x 72B)
Class com.google.testing.platform.proto.api.core.TestResultProto$TestResultOrBuilder  : loaded 2 times (x 72B)
Class kotlinx.coroutines.EventLoop                                                    : loaded 2 times (x 106B)
Class com.google.protobuf.WireFormat$FieldType                                        : loaded 2 times (x 84B)
Class [Lcom.google.protobuf.DescriptorProtos$FeatureSet$EnumType;                     : loaded 2 times (x 71B)
Class com.google.testing.platform.proto.api.config.RuntimeProto$AndroidInstrumentationRuntimeOrBuilder: loaded 2 times (x 72B)
Class com.google.testing.platform.proto.api.config.ExecutionProto$DeviceExecution     : loaded 2 times (x 199B)
Class com.google.testing.platform.api.device.Device$DeviceType                        : loaded 2 times (x 81B)
Class com.google.common.cache.LocalCache$Strength$3                                   : loaded 2 times (x 83B)
Class com.google.common.collect.TransformedIterator                                   : loaded 2 times (x 82B)
Class kotlin.reflect.jvm.internal.impl.builtins.functions.FunctionTypeKind$KFunction  : loaded 2 times (x 74B)
Class com.google.common.collect.LinkedListMultimap$1                                  : loaded 2 times (x 201B)
Class com.google.common.collect.Interner                                              : loaded 2 times (x 72B)
Class kotlin.reflect.jvm.internal.impl.load.java.lazy.descriptors.DeclaredMemberIndex : loaded 2 times (x 72B)
Class kotlin.reflect.jvm.internal.impl.name.CallableId$Companion                      : loaded 2 times (x 73B)
Class kotlin.reflect.jvm.internal.impl.resolve.scopes.DescriptorKindFilter$Companion$MaskToName: loaded 2 times (x 74B)
Class kotlin.reflect.jvm.internal.impl.metadata.ProtoBuf$Type$Argument$1              : loaded 2 times (x 89B)
Class com.google.common.collect.Interners$InternerImpl                                : loaded 2 times (x 77B)
Class kotlin.reflect.jvm.internal.impl.descriptors.impl.AbstractClassDescriptor$1     : loaded 2 times (x 79B)
Class kotlin.reflect.jvm.internal.impl.types.LazyWrappedType                          : loaded 2 times (x 86B)
Class kotlin.reflect.jvm.internal.impl.load.java.lazy.types.JavaTypeFlexibility       : loaded 2 times (x 81B)
Class com.google.common.io.ByteStreams                                                : loaded 2 times (x 73B)
Class kotlin.reflect.jvm.internal.impl.storage.MemoizedFunctionToNotNull              : loaded 2 times (x 72B)
Class kotlin.reflect.jvm.internal.impl.descriptors.runtime.components.RuntimeModuleData$Companion: loaded 2 times (x 73B)
Class org.jetbrains.org.objectweb.asm.AnnotationWriter                                : loaded 2 times (x 80B)
Class [Lcom.google.common.collect.Maps$EntryFunction;                                 : loaded 2 times (x 71B)
Class jdk.internal.jimage.BasicImageReader$1                                          : loaded 2 times (x 79B)
Class com.google.common.cache.ReferenceEntry                                          : loaded 2 times (x 72B)
Class com.google.testing.platform.executor.SingleDeviceExecutor$Companion             : loaded 2 times (x 73B)
Class com.google.testing.platform.core.extension.LabelExtKt$logger$2                  : loaded 2 times (x 80B)
Class com.google.testing.platform.service.RunnerServiceImpl$Companion                 : loaded 2 times (x 73B)
Class com.google.testing.platform.config.CommandLineArgs$Arg$Companion                : loaded 2 times (x 73B)
Class kotlinx.coroutines.Deferred                                                     : loaded 2 times (x 72B)
Class com.google.testing.platform.proto.api.core.TestSuiteMetaDataKt$Dsl$Companion    : loaded 2 times (x 73B)
Class com.google.common.collect.AllEqualOrdering                                      : loaded 2 times (x 116B)
Class kotlin.reflect.jvm.internal.impl.storage.LockBasedStorageManager$ExceptionHandlingStrategy: loaded 2 times (x 72B)
Class kotlin.reflect.jvm.internal.impl.descriptors.ModuleCapability                   : loaded 2 times (x 74B)
Class [Lcom.google.protobuf.AbstractMessageLite$InternalOneOfEnum;                    : loaded 2 times (x 71B)
Class com.android.tools.utp.plugins.host.apkinstaller.proto.AndroidApkInstallerConfigProto: loaded 2 times (x 73B)
Class com.google.testing.platform.proto.api.config.EnvironmentProto$AndroidEnvironment$1: loaded 2 times (x 153B)
Class com.google.testing.platform.proto.api.config.SetupProto$TestSetup               : loaded 2 times (x 213B)
Class com.google.protobuf.DescriptorProtos$FieldDescriptorProto$Label$1               : loaded 2 times (x 78B)
Class com.google.testing.platform.proto.api.config.FixtureProto$TestFixture           : loaded 2 times (x 213B)
Class kotlin.reflect.jvm.internal.impl.utils.WrappedValues                            : loaded 2 times (x 73B)
Class kotlin.reflect.jvm.internal.impl.types.KotlinTypeFactory$EMPTY_REFINED_TYPE_FACTORY$1: loaded 2 times (x 80B)
Class kotlin.reflect.jvm.internal.impl.serialization.deserialization.ClassDeserializer: loaded 2 times (x 74B)
Class kotlin.reflect.jvm.internal.impl.serialization.deserialization.MemberDeserializer: loaded 2 times (x 74B)
Class kotlin.reflect.jvm.internal.impl.resolve.scopes.receivers.ThisClassReceiver     : loaded 2 times (x 72B)
Class kotlin.reflect.jvm.internal.impl.descriptors.TypeAliasDescriptor                : loaded 2 times (x 72B)
Class [Lkotlin.reflect.jvm.internal.impl.metadata.ProtoBuf$VersionRequirement$VersionKind;: loaded 2 times (x 71B)
Class kotlin.reflect.jvm.internal.impl.protobuf.Internal$EnumLite                     : loaded 2 times (x 72B)
Class kotlin.reflect.jvm.internal.impl.descriptors.Visibilities$Public                : loaded 2 times (x 77B)
Class kotlin.reflect.jvm.internal.impl.descriptors.SimpleFunctionDescriptor           : loaded 2 times (x 72B)
Class kotlin.reflect.jvm.internal.impl.descriptors.ReceiverParameterDescriptor        : loaded 2 times (x 72B)
Class kotlin.reflect.jvm.internal.impl.descriptors.impl.AbstractClassDescriptor$2     : loaded 2 times (x 79B)
Class kotlin.reflect.jvm.internal.impl.descriptors.SourceElement                      : loaded 2 times (x 72B)
Class org.jetbrains.kotlin.com.intellij.openapi.diagnostic.Logger$DefaultFactory      : loaded 2 times (x 76B)
Class com.google.common.hash.HashFunction                                             : loaded 2 times (x 72B)
Class com.google.common.collect.AbstractMapBasedMultimap                              : loaded 2 times (x 140B)
Class com.google.common.base.FunctionalEquivalence                                    : loaded 2 times (x 85B)
Class com.google.gson.Strictness                                                      : loaded 2 times (x 81B)
Class com.google.testing.platform.executor.inject.SingleDeviceExecutorModule          : loaded 2 times (x 73B)
Class com.google.testing.platform.server.ServerStrategy                               : loaded 2 times (x 72B)
Class com.google.protobuf.WireFormat$1                                                : loaded 2 times (x 73B)
Class kotlin.reflect.jvm.internal.impl.load.java.components.JavaAnnotationMapper      : loaded 2 times (x 73B)
Class com.google.testing.platform.config.v1.extension.AndroidSdkExtKt                 : loaded 2 times (x 73B)
Class kotlinx.coroutines.internal.LockFreeLinkedListKt                                : loaded 2 times (x 73B)
Class com.google.testing.platform.proto.api.config.InstrumentationProto$Instrumentation$Builder: loaded 2 times (x 304B)
Class com.google.testing.platform.proto.api.core.LabelProto$Label                     : loaded 2 times (x 197B)
Class com.google.protobuf.DescriptorProtos$FieldOptions$1                             : loaded 2 times (x 78B)
Class [Lkotlin.reflect.jvm.internal.impl.load.java.typeEnhancement.TypeComponentPosition;: loaded 2 times (x 71B)
Class kotlin.reflect.jvm.internal.impl.metadata.ProtoBuf$QualifiedNameTable$QualifiedNameOrBuilder: loaded 2 times (x 72B)
Class kotlin.reflect.jvm.internal.impl.builtins.BuiltInsPackageFragment               : loaded 2 times (x 72B)
Class kotlin.reflect.jvm.internal.impl.serialization.deserialization.descriptors.DeserializedContainerSource: loaded 2 times (x 72B)
Class kotlin.reflect.jvm.internal.impl.metadata.ProtoBuf$Package                      : loaded 2 times (x 103B)
Class kotlin.reflect.jvm.internal.impl.metadata.ProtoBuf$Constructor                  : loaded 2 times (x 103B)
Class kotlin.reflect.jvm.internal.impl.descriptors.impl.AbstractClassDescriptor$3     : loaded 2 times (x 79B)
Class kotlin.reflect.jvm.internal.impl.types.model.TypeConstructorMarker              : loaded 2 times (x 72B)
Class kotlin.reflect.jvm.internal.impl.load.java.ErasedOverridabilityCondition        : loaded 2 times (x 77B)
Class kotlin.coroutines.jvm.internal.RestrictedContinuationImpl                       : loaded 2 times (x 89B)
Class kotlin.coroutines.CoroutineContext$Key                                          : loaded 2 times (x 72B)
Class com.google.common.reflect.TypeResolver$TypeTable                                : loaded 2 times (x 75B)
Class com.google.common.io.CharStreams                                                : loaded 2 times (x 73B)
Class com.google.common.collect.ImmutableMultiset                                     : loaded 2 times (x 165B)
Class org.objectweb.asm.RecordComponentVisitor                                        : loaded 2 times (x 79B)
Class com.google.common.cache.CacheLoader$SupplierToCacheLoader                       : loaded 2 times (x 77B)
Class com.google.testing.platform.core.result.TestSuiteCreator                        : loaded 2 times (x 72B)
Class com.google.testing.platform.core.telemetry.inject.DiagnosticsModule_DiagnosticsConfigFactory: loaded 2 times (x 79B)
Class kotlin.reflect.jvm.internal.impl.load.java.JavaDescriptorVisibilities$1         : loaded 2 times (x 78B)
Class kotlin.reflect.jvm.internal.calls.Caller                                        : loaded 2 times (x 72B)
Class com.google.testing.platform.proto.api.core.ExtensionProto                       : loaded 2 times (x 73B)
Class kotlin.reflect.jvm.internal.impl.metadata.jvm.deserialization.JvmMemberSignature$Field: loaded 2 times (x 77B)
Class com.android.tools.utp.gradle.api.RunUtpWorkParameters$Inject_                   : loaded 2 times (x 128B)
Class com.google.protobuf.GeneratedMessage$Builder                                    : loaded 2 times (x 280B)
Class com.google.protobuf.DescriptorProtos$FieldOptions$2                             : loaded 2 times (x 153B)
Class [Lcom.google.protobuf.Internal$EnumLiteMap;                                     : loaded 2 times (x 71B)
Class com.google.protobuf.DescriptorProtos$FeatureSetOrBuilder                        : loaded 2 times (x 72B)
Class com.google.testing.platform.proto.api.config.PlatformFeaturesProto$PlatformFeatures: loaded 2 times (x 196B)
Class com.google.protobuf.UnknownFieldSet$Builder                                     : loaded 2 times (x 97B)
Class com.android.tools.utp.gradle.api.UtpDependencies$Inject_                        : loaded 2 times (x 115B)
Class com.google.protobuf.DescriptorProtos$FeatureSet$RepeatedFieldEncoding           : loaded 2 times (x 89B)
Class [Lorg.jetbrains.kotlin.cli.common.ExitCode;                                     : loaded 2 times (x 71B)
Class kotlinx.coroutines.internal.ContextScope                                        : loaded 2 times (x 77B)
Class kotlin.text.MatchNamedGroupCollection                                           : loaded 2 times (x 72B)
Class kotlin.reflect.jvm.internal.impl.descriptors.java.JavaVisibilities$ProtectedAndPackage: loaded 2 times (x 77B)
Class kotlin.reflect.jvm.internal.impl.descriptors.impl.FieldDescriptorImpl           : loaded 2 times (x 80B)
Class kotlin.reflect.jvm.internal.impl.types.model.FlexibleTypeMarker                 : loaded 2 times (x 72B)
Class kotlin.reflect.jvm.internal.impl.load.java.FakePureImplementationsProvider      : loaded 2 times (x 73B)
Class kotlin.reflect.jvm.internal.impl.builtins.jvm.JvmBuiltInsSignatures             : loaded 2 times (x 73B)
Class [Lkotlin.reflect.jvm.internal.impl.metadata.ProtoBuf$Modality;                  : loaded 2 times (x 71B)
Class kotlin.reflect.jvm.internal.impl.metadata.deserialization.Flags$BooleanFlagField: loaded 2 times (x 77B)
Class kotlin.reflect.jvm.internal.impl.metadata.ProtoBuf$Annotation$Argument$Value    : loaded 2 times (x 98B)
Class kotlin.reflect.jvm.internal.impl.protobuf.LazyFieldLite                         : loaded 2 times (x 78B)
Class kotlin.reflect.jvm.internal.impl.descriptors.PropertyGetterDescriptor           : loaded 2 times (x 72B)
Class kotlin.reflect.jvm.internal.impl.descriptors.impl.PackageFragmentDescriptorImpl : loaded 2 times (x 107B)
Class kotlin.reflect.jvm.internal.impl.builtins.jvm.JvmBuiltInsCustomizer             : loaded 2 times (x 83B)
Class kotlinx.coroutines.scheduling.DefaultIoScheduler                                : loaded 2 times (x 112B)
Class kotlinx.coroutines.internal.ThreadContextKt$countAll$1                          : loaded 2 times (x 80B)
Class jdk.internal.jimage.decompressor.Decompressor                                   : loaded 2 times (x 74B)
Class jdk.internal.jimage.ImageReader$Resource                                        : loaded 2 times (x 86B)
Class com.google.common.collect.UsingToStringOrdering                                 : loaded 2 times (x 116B)
Class com.google.common.reflect.TypeResolver$TypeTable$1                              : loaded 2 times (x 75B)
Class org.gradle.internal.service.ServiceLookupException                              : loaded 2 times (x 84B)
Class com.google.testing.platform.plugin.PluginLifecycle$onConfigure$1$1$2$1$1        : loaded 2 times (x 81B)
Class com.google.testing.platform.result.TestResultListenerManager                    : loaded 2 times (x 84B)
Class com.google.testing.platform.lib.extension.internals.DefaultExtensionClassLoaderFactory: loaded 2 times (x 76B)
Class kotlinx.coroutines.sync.SemaphoreSegment                                        : loaded 2 times (x 78B)
Class com.google.testing.platform.proto.api.core.OptionalProto$OptionalBoolOrBuilder  : loaded 2 times (x 72B)
Class com.google.testing.platform.proto.api.core.RegexPatternProto$RegexPattern       : loaded 2 times (x 196B)
Class com.google.testing.platform.core.device.DeviceProviderException                 : loaded 2 times (x 88B)
Class com.google.testing.platform.api.config.Setup                                    : loaded 2 times (x 74B)
Class com.google.protobuf.TextFormat$Printer$MapEntryAdapter                          : loaded 2 times (x 81B)
Class com.google.testing.platform.core.error.ErrorType                                : loaded 2 times (x 81B)
Class kotlinx.coroutines.TimeoutKt                                                    : loaded 2 times (x 73B)
Class com.google.testing.platform.executor.ProxyConfig                                : loaded 2 times (x 74B)
Class com.google.testing.platform.plugin.PluginLifecycle$onAfterAll$1$1$1$1$1         : loaded 2 times (x 81B)
Class com.google.protobuf.DescriptorProtos$FieldDescriptorProto$Label                 : loaded 2 times (x 89B)
Class com.google.protobuf.DescriptorProtos$DescriptorProtoOrBuilder                   : loaded 2 times (x 72B)
Class com.google.common.cache.LocalCache$Strength$2                                   : loaded 2 times (x 83B)
Class com.google.common.reflect.Types$ClassOwnership$3                                : loaded 2 times (x 73B)
Class com.google.common.collect.Collections2$FilteredCollection                       : loaded 2 times (x 121B)
Class org.jetbrains.kotlin.cli.common.CompilerSystemProperties$value$2                : loaded 2 times (x 131B)
Class kotlin.reflect.jvm.internal.impl.load.java.UtilsKt                              : loaded 2 times (x 73B)
Class org.apache.commons.io.output.QueueOutputStream                                  : loaded 2 times (x 89B)
Class kotlin.reflect.jvm.internal.impl.resolve.OverridingUtil$OverrideCompatibilityInfo$Result: loaded 2 times (x 81B)
Class kotlin.reflect.jvm.internal.impl.descriptors.impl.LazyPackageViewDescriptorImpl : loaded 2 times (x 104B)
Class kotlin.reflect.jvm.internal.impl.metadata.ProtoBuf$TypeTable                    : loaded 2 times (x 98B)
Class kotlin.reflect.jvm.internal.impl.protobuf.MessageLiteOrBuilder                  : loaded 2 times (x 72B)
Class kotlin.coroutines.jvm.internal.ContinuationImpl                                 : loaded 2 times (x 89B)
Class kotlin.reflect.jvm.internal.impl.serialization.deserialization.AnnotationAndConstantLoader: loaded 2 times (x 72B)
Class kotlin.reflect.jvm.internal.impl.load.java.components.JavaPropertyInitializerEvaluator$DoNothing: loaded 2 times (x 76B)
Class [Lkotlin.reflect.jvm.internal.impl.load.java.ReportLevel;                       : loaded 2 times (x 71B)
Class kotlin.reflect.jvm.internal.impl.storage.LockBasedStorageManager$MapBasedMemoizedFunction: loaded 2 times (x 84B)
Class kotlin.reflect.jvm.internal.impl.storage.NotNullLazyValue                       : loaded 2 times (x 72B)
Class org.jetbrains.kotlin.com.intellij.openapi.diagnostic.LogLevel                   : loaded 2 times (x 81B)
Class jdk.internal.jrtfs.JrtFileAttributes                                            : loaded 2 times (x 85B)
Class kotlin.sequences.SequencesKt___SequencesKt$sortedWith$1                         : loaded 2 times (x 77B)
Class com.google.common.collect.ImmutableSortedSet                                    : loaded 2 times (x 302B)
Class com.google.common.collect.LinkedListMultimap$DistinctKeyIterator                : loaded 2 times (x 84B)
Class com.google.common.collect.Lists$ReverseList                                     : loaded 2 times (x 202B)
Class [Lcom.google.common.cache.LocalCache$EntryFactory;                              : loaded 2 times (x 71B)
Class org.gradle.internal.classloader.ClassLoaderFactory                              : loaded 2 times (x 72B)
Class com.google.testing.platform.result.ProtoLogTestResultListener                   : loaded 2 times (x 84B)
Class com.google.testing.platform.executor.SingleDeviceExecutor                       : loaded 2 times (x 81B)
Class com.google.testing.platform.core.net.inject.PortPickerComponent$Builder         : loaded 2 times (x 72B)
Class com.google.testing.platform.executor.inject.ExecutorRequisitesModule_ErrorMessageUpdaterFactory: loaded 2 times (x 79B)
Class com.google.testing.platform.service.RunnerServiceImpl                           : loaded 2 times (x 83B)
Class kotlin.coroutines.jvm.internal.SuspendLambda                                    : loaded 2 times (x 93B)
Class kotlin.collections.MapWithDefault                                               : loaded 2 times (x 72B)
Class kotlin.annotation.AnnotationRetention                                           : loaded 2 times (x 81B)
Class com.google.testing.platform.api.result.TestResultListener                       : loaded 2 times (x 72B)
Class com.google.testing.platform.proto.api.core.OptionalProto$OptionalBool$1         : loaded 2 times (x 153B)
Class kotlinx.coroutines.internal.ThreadContextKt$findOne$1                           : loaded 2 times (x 80B)
Class kotlinx.coroutines.CompletionHandlerBase                                        : loaded 2 times (x 82B)
Class kotlin.reflect.jvm.internal.impl.descriptors.ModuleDescriptor                   : loaded 2 times (x 72B)
Class [Lkotlin.reflect.jvm.internal.impl.storage.LockBasedStorageManager$NotValue;    : loaded 2 times (x 71B)
Class com.google.testing.platform.proto.api.config.AndroidSdkProto$AndroidSdk         : loaded 2 times (x 205B)
Class com.google.testing.platform.proto.api.config.FixtureProto$TestFixtureId$1       : loaded 2 times (x 153B)
Class com.google.protobuf.ExtensionRegistry$DescriptorIntPair                         : loaded 2 times (x 74B)
Class kotlin.reflect.jvm.internal.impl.descriptors.impl.DeclarationDescriptorImpl     : loaded 2 times (x 90B)
Class com.google.protobuf.DescriptorProtos$FileDescriptorProto$1                      : loaded 2 times (x 153B)
Class com.google.protobuf.Internal$EnumVerifier                                       : loaded 2 times (x 72B)
Class com.google.protobuf.ManifestSchemaFactory                                       : loaded 2 times (x 77B)
Class com.google.protobuf.RuntimeVersion                                              : loaded 2 times (x 73B)
Class kotlin.reflect.jvm.internal.impl.load.java.JavaTypeEnhancementState             : loaded 2 times (x 74B)
Class kotlin.reflect.jvm.internal.impl.load.kotlin.JavaClassDataFinder                : loaded 2 times (x 77B)
Class kotlinx.coroutines.flow.internal.FusibleFlow                                    : loaded 2 times (x 72B)
Class kotlin.reflect.jvm.internal.impl.resolve.VisibilityUtilKt                       : loaded 2 times (x 73B)
Class org.jetbrains.kotlin.cli.common.arguments.ArgumentParseErrors                   : loaded 2 times (x 74B)
Class kotlin.reflect.jvm.internal.impl.descriptors.impl.PropertyAccessorDescriptorImpl: loaded 2 times (x 188B)
Class kotlin.reflect.jvm.internal.impl.descriptors.impl.TypeAliasConstructorDescriptor: loaded 2 times (x 72B)
Class [Lkotlin.reflect.jvm.internal.impl.descriptors.Named;                           : loaded 2 times (x 71B)
Class kotlin.reflect.jvm.internal.impl.metadata.ProtoBuf$TypeTable$1                  : loaded 2 times (x 89B)
Class kotlin.reflect.jvm.internal.impl.protobuf.WireFormat$FieldType                  : loaded 2 times (x 84B)
Class kotlin.reflect.jvm.internal.impl.descriptors.FunctionDescriptor$CopyBuilder     : loaded 2 times (x 72B)
Class kotlin.reflect.jvm.internal.impl.renderer.ClassifierNamePolicy$SOURCE_CODE_QUALIFIED: loaded 2 times (x 76B)
Class [Lorg.jetbrains.kotlin.build.report.metrics.ValueType;                          : loaded 2 times (x 71B)
Class org.apache.commons.io.CloseableURLConnection                                    : loaded 2 times (x 118B)
Class com.google.common.cache.LocalCache$LocalManualCache                             : loaded 2 times (x 101B)
Class org.gradle.internal.service.CachingServiceLocator                               : loaded 2 times (x 84B)
Class com.google.testing.platform.config.Environment$Creator                          : loaded 2 times (x 73B)
Class com.google.testing.platform.core.extension.ExtensionExtKt                       : loaded 2 times (x 73B)
Class com.google.testing.platform.core.net.inject.PortPickerModule_ProvidePortPickerFactory: loaded 2 times (x 79B)
Class com.google.testing.platform.core.telemetry.inject.DiagnosticsModule_TestSetupFactory: loaded 2 times (x 79B)
Class com.google.testing.platform.proto.api.core.TestCaseProto$TestCaseOrBuilder      : loaded 2 times (x 72B)
Class com.google.protobuf.Duration$1                                                  : loaded 2 times (x 153B)
Class [Lcom.google.protobuf.AbstractMessageLite;                                      : loaded 2 times (x 71B)
Class com.google.testing.platform.proto.api.config.FixtureProto                       : loaded 2 times (x 73B)
Class kotlin.reflect.jvm.internal.impl.serialization.deserialization.DeserializationConfiguration$Default: loaded 2 times (x 81B)
Class com.google.protobuf.MapEntry$Builder                                            : loaded 2 times (x 275B)
Class com.google.protobuf.MessageReflection$1                                         : loaded 2 times (x 73B)
Class com.google.protobuf.Descriptors$EnumValueDescriptor                             : loaded 2 times (x 86B)
Class kotlin.reflect.jvm.internal.impl.renderer.ExcludedTypeAnnotations               : loaded 2 times (x 73B)
Class kotlin.reflect.jvm.internal.impl.protobuf.GeneratedMessageLite                  : loaded 2 times (x 95B)
Class kotlin.reflect.jvm.internal.impl.serialization.deserialization.descriptors.DeserializedMemberScope$OptimizedImplementation$computeDescriptors$1$1: loaded 2 times (x 81B)
Class kotlin.reflect.jvm.internal.impl.load.kotlin.KotlinJvmBinaryClass               : loaded 2 times (x 72B)
Class kotlin.reflect.jvm.internal.impl.descriptors.impl.CompositePackageFragmentProvider: loaded 2 times (x 82B)
Class kotlin.reflect.jvm.internal.impl.metadata.ProtoBuf$Contract                     : loaded 2 times (x 98B)
Class kotlin.reflect.jvm.internal.impl.descriptors.impl.PropertyDescriptorImpl        : loaded 2 times (x 200B)
Class kotlin.reflect.jvm.internal.impl.descriptors.Visibilities$Unknown               : loaded 2 times (x 77B)
Class kotlin.reflect.jvm.internal.impl.serialization.deserialization.DeserializationComponents: loaded 2 times (x 74B)
Class kotlin.reflect.jvm.internal.impl.types.checker.KotlinTypeChecker                : loaded 2 times (x 72B)
Class kotlin.reflect.jvm.internal.impl.descriptors.runtime.components.ReflectKotlinClassFinder: loaded 2 times (x 81B)
Class com.google.common.collect.RegularImmutableSortedSet                             : loaded 2 times (x 302B)
Class com.google.common.collect.AbstractMapBasedMultimap$KeySet                       : loaded 2 times (x 139B)
Class com.google.testing.platform.executor.DeviceProviderProxy                        : loaded 2 times (x 84B)
Class com.google.testing.platform.plugin.PluginLifecycle$Companion                    : loaded 2 times (x 73B)
Class io.grpc.reflection.v1alpha.ServerReflectionGrpc$ServerReflectionImplBase        : loaded 2 times (x 80B)
Class kotlinx.coroutines.BlockingEventLoop                                            : loaded 2 times (x 118B)
Class kotlin.reflect.jvm.internal.impl.metadata.ProtoBuf$Constructor$1                : loaded 2 times (x 89B)
Class com.google.testing.platform.api.driver.TestDriverConfigImpl                     : loaded 2 times (x 83B)
Class kotlin.reflect.jvm.internal.impl.protobuf.Internal$EnumLiteMap                  : loaded 2 times (x 72B)
Class kotlinx.coroutines.ThreadLocalEventLoop                                         : loaded 2 times (x 73B)
Class com.google.protobuf.DescriptorProtos$MessageOptions$Builder                     : loaded 2 times (x 345B)
Class com.google.protobuf.SmallSortedMap$Entry                                        : loaded 2 times (x 90B)
Class com.google.testing.platform.proto.api.config.ExecutorProto$SingleDeviceExecutor : loaded 2 times (x 199B)
Class kotlin.reflect.jvm.internal.impl.serialization.deserialization.ErrorReporter$1  : loaded 2 times (x 77B)
Class kotlin.reflect.jvm.internal.impl.metadata.jvm.deserialization.BitEncoding       : loaded 2 times (x 73B)
Class kotlin.reflect.jvm.internal.impl.types.RawType                                  : loaded 2 times (x 72B)
Class org.jetbrains.kotlin.cli.common.messages.CompilerMessageSeverity                : loaded 2 times (x 81B)
Class kotlin.reflect.jvm.internal.impl.builtins.jvm.JvmBuiltIns$Settings              : loaded 2 times (x 74B)
Class com.android.tools.utp.plugins.host.apkinstaller.proto.AndroidApkInstallerConfigProto$InstallableApk$1: loaded 2 times (x 153B)
Class kotlin.reflect.jvm.internal.impl.metadata.deserialization.ProtoTypeTableUtilKt  : loaded 2 times (x 73B)
Class kotlin.reflect.jvm.internal.impl.metadata.jvm.JvmProtoBuf$StringTableTypes$1    : loaded 2 times (x 89B)
Class kotlin.reflect.jvm.internal.impl.protobuf.MessageLite$Builder                   : loaded 2 times (x 72B)
Class kotlin.reflect.jvm.internal.impl.descriptors.Visibilities$Local                 : loaded 2 times (x 77B)
Class kotlin.reflect.jvm.internal.impl.descriptors.CallableMemberDescriptor$Kind      : loaded 2 times (x 81B)
Class com.android.tools.utp.plugins.host.apkinstaller.proto.AndroidApkInstallerConfigProto$InstallableApk$InstallOption$ForceCompilation$1: loaded 2 times (x 78B)
Class kotlin.reflect.jvm.internal.impl.descriptors.CallableDescriptor                 : loaded 2 times (x 72B)
Class kotlin.coroutines.AbstractCoroutineContextElement                               : loaded 2 times (x 91B)
Class [Lcom.google.common.collect.HashBiMap$BiEntry;                                  : loaded 2 times (x 71B)
Class com.google.common.reflect.Types$TypeVariableInvocationHandler                   : loaded 2 times (x 77B)
Class com.google.common.collect.MapMakerInternalMap$InternalEntry                     : loaded 2 times (x 72B)
Class com.google.testing.platform.lib.process.inject.SubprocessComponent              : loaded 2 times (x 72B)
Class com.google.testing.platform.core.error.config.ErrorMessageUpdater               : loaded 2 times (x 77B)
Class com.google.testing.platform.executor.inject.ExecutorModule_ExecutorFactory      : loaded 2 times (x 79B)
Class com.google.testing.platform.inject.DaggerRunnerComponent$Builder                : loaded 2 times (x 82B)
Class com.google.testing.platform.api.device.CommandHandle$DefaultImpls               : loaded 2 times (x 73B)
Class com.google.testing.platform.config.v1.extension.RunnerConfigExtKt               : loaded 2 times (x 73B)
Class kotlinx.coroutines.internal.AtomicKt                                            : loaded 2 times (x 73B)
Class com.google.testing.platform.proto.api.config.TestDiscoveryProto$TestDiscovery$1 : loaded 2 times (x 153B)
Class com.google.testing.platform.api.driver.TestCoordinator                          : loaded 2 times (x 72B)
Class com.google.testing.platform.core.telemetry.common.noop.NoopDiagnostics          : loaded 2 times (x 79B)
Class com.google.protobuf.JavaFeaturesProto$JavaFeatures$Utf8Validation$1             : loaded 2 times (x 78B)
Class com.google.protobuf.JavaFeaturesProto                                           : loaded 2 times (x 73B)
Class com.android.tools.utp.gradle.EmulatorControlUtilsKt$findGrpcInfo$2              : loaded 2 times (x 81B)
Class com.google.testing.platform.api.device.CommandResult                            : loaded 2 times (x 74B)
Class com.google.testing.platform.main.inject.CommandLineModule_ProvidesBinaryProviderFactory: loaded 2 times (x 79B)
Class com.google.testing.platform.RunnerImpl$Companion                                : loaded 2 times (x 73B)
Class org.jetbrains.org.objectweb.asm.Type                                            : loaded 2 times (x 74B)
Class kotlin.reflect.jvm.internal.impl.protobuf.ProtocolStringList                    : loaded 2 times (x 72B)
Class kotlin.reflect.jvm.internal.impl.serialization.deserialization.TypeDeserializer : loaded 2 times (x 74B)
Class kotlin.reflect.jvm.internal.impl.descriptors.PropertyDescriptor                 : loaded 2 times (x 72B)
Class kotlin.reflect.jvm.internal.impl.renderer.DescriptorRenderer$ValueParametersHandler: loaded 2 times (x 72B)
Class kotlin.reflect.jvm.internal.impl.storage.LockBasedStorageManager$LockBasedLazyValue: loaded 2 times (x 83B)
Class kotlin.reflect.jvm.internal.impl.serialization.deserialization.builtins.BuiltInsResourceLoader: loaded 2 times (x 74B)
Class org.jetbrains.kotlin.build.report.metrics.DoNothingBuildMetricsReporter         : loaded 2 times (x 88B)
Class com.google.common.base.Predicates                                               : loaded 2 times (x 73B)
Class com.google.common.collect.ImmutableMultimap                                     : loaded 2 times (x 148B)
Class com.google.common.base.Equivalence                                              : loaded 2 times (x 84B)
Class com.google.testing.platform.executor.DeviceControllerProxy$executeAsync$2       : loaded 2 times (x 81B)
Class com.google.testing.platform.config.inject.ConfigModule_ProvidesRunnerConfigBaseMessageFactory: loaded 2 times (x 79B)
Class com.google.testing.platform.proto.api.core.IssueProto$Issue$Builder             : loaded 2 times (x 305B)
Class com.google.testing.platform.proto.api.core.ErrorDetailProto                     : loaded 2 times (x 73B)
Class com.google.common.cache.LocalCache$Strength$1                                   : loaded 2 times (x 83B)
Class com.google.testing.platform.lib.property.SingleWriteWithDefault                 : loaded 2 times (x 83B)
Class kotlinx.coroutines.CoroutineDispatcher$Key$1                                    : loaded 2 times (x 80B)
Class org.objectweb.asm.ModuleVisitor                                                 : loaded 2 times (x 83B)
Class com.android.tools.utp.gradle.UtpConfigFactoryKt$addTestResultListenerPlugin$1   : loaded 2 times (x 131B)
Class com.google.common.collect.MapMakerInternalMap$StrongValueEntry                  : loaded 2 times (x 72B)
Class [Lcom.google.protobuf.Extension$ExtensionType;                                  : loaded 2 times (x 71B)
Class com.google.protobuf.DescriptorProtos$FieldOptions                               : loaded 2 times (x 262B)
Class com.android.tools.utp.gradle.UtpConfigFactoryKt                                 : loaded 2 times (x 73B)
Class com.google.common.reflect.TypeResolver                                          : loaded 2 times (x 74B)
Class com.google.common.reflect.Types$ClassOwnership$2                                : loaded 2 times (x 82B)
Class androidx.room.compiler.processing.XProcessingEnv$Platform                       : loaded 2 times (x 81B)
Class kotlinx.coroutines.flow.internal.NopCollector                                   : loaded 2 times (x 76B)
Class [Lorg.jetbrains.kotlin.cli.common.CompilerSystemProperties;                     : loaded 2 times (x 71B)
Class kotlin.reflect.jvm.internal.impl.resolve.scopes.receivers.ImplicitClassReceiver : loaded 2 times (x 84B)
Class kotlin.reflect.jvm.internal.impl.descriptors.runtime.components.PackagePartScopeCache: loaded 2 times (x 74B)
Class kotlin.reflect.jvm.internal.impl.metadata.ProtoBuf$Annotation$Argument$ValueOrBuilder: loaded 2 times (x 72B)
Class kotlin.reflect.jvm.internal.impl.serialization.deserialization.AnnotationDeserializer: loaded 2 times (x 74B)
Class kotlin.reflect.jvm.internal.impl.load.java.components.SignaturePropagator       : loaded 2 times (x 72B)
Class kotlin.reflect.jvm.internal.impl.load.kotlin.DeserializationComponentsForJava$Companion: loaded 2 times (x 73B)
Class org.apache.commons.io.output.AbstractByteArrayOutputStream                      : loaded 2 times (x 104B)
Class com.google.common.hash.Hashing                                                  : loaded 2 times (x 73B)
Class com.google.common.cache.CacheBuilder$OneWeigher                                 : loaded 2 times (x 84B)
Class com.google.testing.platform.plugin.PluginProviderFactory                        : loaded 2 times (x 72B)
Class com.google.testing.platform.service.inject.RunnerServiceModule_ProvideRunnerComponentBuilderFactory: loaded 2 times (x 79B)
Class com.google.common.hash.Hasher                                                   : loaded 2 times (x 72B)
Class kotlinx.coroutines.ResumeAwaitOnCompletion                                      : loaded 2 times (x 92B)
Class com.google.testing.platform.api.plugins.PluginConfigImpl                        : loaded 2 times (x 83B)
Class com.google.common.io.ByteArrayDataInput                                         : loaded 2 times (x 72B)
Class [Lorg.jetbrains.org.objectweb.asm.Attribute;                                    : loaded 2 times (x 71B)
Class com.android.tools.utp.gradle.UtpConfigFactoryKt$addTestResultListenerPlugin$2   : loaded 2 times (x 81B)
Class com.google.testing.platform.plugin.android.proto.AndroidDevicePluginProto$InstallableApk$InstallOptionOrBuilder: loaded 2 times (x 72B)
Class com.google.testing.platform.plugin.android.proto.AndroidDevicePluginProto$InstallableApkOrBuilder: loaded 2 times (x 72B)
Class com.google.protobuf.MapEntryLite$Metadata                                       : loaded 2 times (x 74B)
Class [Lcom.google.protobuf.DescriptorProtos$FeatureSet$FieldPresence;                : loaded 2 times (x 71B)
Class com.google.protobuf.DescriptorProtos$EnumDescriptorProto$Builder                : loaded 2 times (x 315B)
Class com.google.testing.platform.proto.api.config.LocalAndroidDeviceProviderProto$LocalAndroidDeviceProvider$1: loaded 2 times (x 153B)
Class com.google.testing.platform.proto.api.core.ExtensionProto$Extension             : loaded 2 times (x 211B)
Class kotlin.reflect.jvm.internal.impl.types.KotlinType                               : loaded 2 times (x 83B)
Class kotlin.reflect.jvm.internal.impl.load.java.lazy.TypeParameterResolver$EMPTY     : loaded 2 times (x 76B)
Class kotlin.reflect.jvm.internal.impl.types.TypeSubstitution$Companion               : loaded 2 times (x 73B)
Class kotlin.reflect.jvm.internal.impl.descriptors.PackageViewDescriptor              : loaded 2 times (x 72B)
Class kotlin.reflect.jvm.internal.impl.load.java.structure.JavaClassifierType         : loaded 2 times (x 72B)
Class kotlin.reflect.jvm.internal.impl.resolve.ExternalOverridabilityCondition$Result : loaded 2 times (x 81B)
Class kotlin.reflect.jvm.internal.impl.metadata.ProtoBuf$Annotation$Argument          : loaded 2 times (x 98B)
Class kotlin.reflect.jvm.internal.impl.resolve.scopes.InnerClassesScopeWrapper        : loaded 2 times (x 95B)
Class kotlin.reflect.jvm.internal.impl.protobuf.GeneratedMessageLite$Builder          : loaded 2 times (x 91B)
Class [Lkotlin.reflect.jvm.internal.impl.metadata.ProtoBuf$MemberKind;                : loaded 2 times (x 71B)
Class kotlin.reflect.jvm.internal.impl.descriptors.runtime.components.ReflectJavaClassFinderKt: loaded 2 times (x 73B)
Class kotlin.reflect.jvm.internal.impl.metadata.ProtoBuf$TypeParameter$Variance       : loaded 2 times (x 84B)
Class kotlin.reflect.jvm.internal.impl.metadata.ProtoBuf$Type                         : loaded 2 times (x 103B)
Class kotlin.reflect.jvm.internal.impl.protobuf.AbstractMessageLite                   : loaded 2 times (x 93B)
Class kotlin.reflect.jvm.internal.impl.descriptors.VariableAccessorDescriptor         : loaded 2 times (x 72B)
Class kotlin.reflect.jvm.internal.impl.load.kotlin.header.KotlinClassHeader$Kind      : loaded 2 times (x 81B)
Class kotlin.reflect.jvm.internal.impl.descriptors.annotations.AnnotatedImpl          : loaded 2 times (x 78B)
Class kotlin.reflect.jvm.internal.impl.types.model.SimpleTypeMarker                   : loaded 2 times (x 72B)
Class kotlin.reflect.jvm.internal.impl.serialization.deserialization.ErrorReporter    : loaded 2 times (x 72B)
Class org.jetbrains.kotlin.com.intellij.openapi.diagnostic.Logger$Factory             : loaded 2 times (x 72B)
Class jdk.internal.jimage.ImageBufferCache                                            : loaded 2 times (x 73B)
Class jdk.internal.jrtfs.JrtPath                                                      : loaded 2 times (x 124B)
Class kotlin.text.StringsKt__StringsKt$lineSequence$$inlined$Sequence$1               : loaded 2 times (x 77B)
Class org.gradle.kotlin.dsl.TestImplementationConfigurationAccessorsKt                : loaded 2 times (x 73B)
Class com.google.common.collect.ImmutableSortedMap                                    : loaded 2 times (x 219B)
Class com.google.common.collect.Maps$EntryFunction                                    : loaded 2 times (x 93B)
Class com.google.common.reflect.Types$ClassOwnership$1LocalClass                      : loaded 2 times (x 73B)
Class org.gradle.internal.classloader.ClasspathUtil                                   : loaded 2 times (x 73B)
Class com.google.testing.platform.plugin.PluginLifecycle$verify$1                     : loaded 2 times (x 81B)
Class com.google.testing.platform.RunnerImpl                                          : loaded 2 times (x 80B)
Class com.google.testing.platform.result.inject.ListenerModule                        : loaded 2 times (x 73B)
Class com.google.testing.platform.service.inject.RunnerServiceModule_ProvideRunnerManagerFactory: loaded 2 times (x 79B)
Class com.google.testing.platform.server.inject.DaggerServerComponent                 : loaded 2 times (x 73B)
Class kotlinx.coroutines.sync.Semaphore                                               : loaded 2 times (x 72B)
Class [Lkotlin.reflect.jvm.internal.impl.descriptors.ClassKind;                       : loaded 2 times (x 71B)
Class [Lkotlin.reflect.jvm.internal.impl.descriptors.deserialization.ClassDescriptorFactory;: loaded 2 times (x 71B)
Class kotlinx.coroutines.SupervisorJobImpl                                            : loaded 2 times (x 140B)
Class kotlin.reflect.jvm.internal.impl.load.java.lazy.descriptors.LazyJavaStaticScope : loaded 2 times (x 106B)
Class kotlinx.coroutines.internal.ConcurrentKt                                        : loaded 2 times (x 73B)
Class com.google.protobuf.MapEntry                                                    : loaded 2 times (x 167B)
Class com.google.testing.platform.proto.api.core.LabelProto$Label$1                   : loaded 2 times (x 153B)
Class com.google.testing.platform.proto.api.config.RuntimeProto                       : loaded 2 times (x 73B)
Class com.google.protobuf.DescriptorProtos$EnumDescriptorProto                        : loaded 2 times (x 213B)
Class kotlin.reflect.jvm.internal.impl.load.java.lazy.descriptors.LazyJavaPackageScope: loaded 2 times (x 106B)
Class [Lkotlin.reflect.jvm.internal.impl.metadata.jvm.JvmProtoBuf$StringTableTypes$Record$Operation;: loaded 2 times (x 71B)
Class androidx.room.processor.Context                                                 : loaded 2 times (x 74B)
Class kotlin.reflect.jvm.internal.impl.resolve.scopes.DescriptorKindFilter            : loaded 2 times (x 74B)
Class ijJvmDebugger1_1bwvgae90ok7ffema3cud77z7                                        : loaded 2 times (x 173B)
Class kotlin.reflect.jvm.internal.impl.metadata.ProtoBuf$Annotation$ArgumentOrBuilder : loaded 2 times (x 72B)
Class kotlin.jvm.internal.RepeatableContainer                                         : loaded 2 times (x 72B)
Class org.jetbrains.kotlin.cli.common.arguments.ParseCommandLineArgumentsKt           : loaded 2 times (x 73B)
Class kotlin.reflect.jvm.internal.impl.resolve.ExternalOverridabilityCondition$Contract: loaded 2 times (x 81B)
Class kotlin.reflect.jvm.internal.impl.serialization.deserialization.ProtoBasedClassDataFinder: loaded 2 times (x 77B)
Class kotlin.reflect.jvm.internal.impl.load.java.sources.JavaSourceElement            : loaded 2 times (x 72B)
Class kotlin.reflect.jvm.internal.impl.load.java.lazy.descriptors.LazyJavaPackageScope$KotlinClassLookupResult$NotFound: loaded 2 times (x 73B)
Class kotlin.reflect.jvm.internal.impl.metadata.ProtoBuf$QualifiedNameTable$QualifiedName$1: loaded 2 times (x 89B)
Class kotlin.reflect.jvm.internal.impl.metadata.ProtoBuf$QualifiedNameTable           : loaded 2 times (x 98B)
Class kotlin.reflect.jvm.internal.impl.load.kotlin.SignatureBuildingComponents        : loaded 2 times (x 73B)
Class kotlin.reflect.jvm.internal.impl.metadata.jvm.JvmProtoBuf$JvmMethodSignature$Builder: loaded 2 times (x 93B)
Class kotlin.reflect.jvm.internal.CreateKCallableVisitor                              : loaded 2 times (x 106B)
Class kotlin.reflect.jvm.internal.impl.metadata.jvm.JvmProtoBuf$JvmFieldSignatureOrBuilder: loaded 2 times (x 72B)
Class kotlin.reflect.jvm.internal.impl.resolve.scopes.MemberScope                     : loaded 2 times (x 72B)
Class kotlin.reflect.jvm.internal.impl.storage.StorageKt                              : loaded 2 times (x 73B)
Class kotlin.reflect.jvm.internal.impl.descriptors.impl.FunctionDescriptorImpl$CopyConfiguration: loaded 2 times (x 139B)
Class org.jetbrains.kotlin.build.report.metrics.RUN_COMPILATION                       : loaded 2 times (x 74B)
Class com.google.common.collect.Maps$3                                                : loaded 2 times (x 84B)
Class com.google.testing.platform.executor.DeviceControllerProxy$execute$2$1          : loaded 2 times (x 81B)
Class com.google.testing.platform.result.inject.ProtoLogModule_BinaryProtoWriterFactory: loaded 2 times (x 79B)
Class com.google.protobuf.TextFormatEscaper                                           : loaded 2 times (x 73B)
Class kotlin.reflect.jvm.internal.impl.load.java.descriptors.JavaMethodDescriptor     : loaded 2 times (x 208B)
Class kotlin.reflect.jvm.internal.calls.CallerImpl$Constructor                        : loaded 2 times (x 83B)
Class [Lcom.google.testing.platform.proto.api.core.TestArtifactProto$Artifact;        : loaded 2 times (x 71B)
Class com.google.protobuf.GeneratedMessage$FieldAccessorTable$RepeatedMessageFieldAccessor: loaded 2 times (x 108B)
Class [Lcom.google.protobuf.Descriptors$FieldDescriptor$Type;                         : loaded 2 times (x 71B)
Class com.android.tools.utp.gradle.api.UtpAction                                      : loaded 2 times (x 72B)
Class com.google.protobuf.Protobuf                                                    : loaded 2 times (x 74B)
Class com.android.utils.StdLogger                                                     : loaded 2 times (x 88B)
Class androidx.room.compiler.processing.XElement                                      : loaded 2 times (x 72B)
Class kotlin.reflect.jvm.internal.impl.builtins.functions.FunctionTypeKind$KSuspendFunction: loaded 2 times (x 74B)
Class com.android.tools.utp.gradle.UtpActionImpl                                      : loaded 2 times (x 76B)
Class kotlin.reflect.jvm.internal.KClassImpl$$Lambda$0                                : loaded 2 times (x 78B)
Class com.google.testing.platform.proto.api.core.ExtensionProto$ExtensionOrBuilder    : loaded 2 times (x 72B)
Class com.google.protobuf.Any$Builder                                                 : loaded 2 times (x 298B)
Class [Lkotlinx.coroutines.channels.BufferOverflow;                                   : loaded 2 times (x 71B)
Class kotlin.reflect.jvm.internal.impl.types.checker.ClassicTypeSystemContext         : loaded 2 times (x 72B)
Class kotlin.reflect.jvm.internal.impl.load.kotlin.header.ReadKotlinClassHeaderAnnotationVisitor$CollectStringArrayAnnotationVisitor: loaded 2 times (x 87B)
Class kotlin.reflect.jvm.internal.impl.descriptors.DelegatedDescriptorVisibility      : loaded 2 times (x 78B)
Class [Lkotlin.reflect.jvm.internal.impl.load.kotlin.header.KotlinClassHeader$Kind;   : loaded 2 times (x 71B)
Class org.jetbrains.org.objectweb.asm.ModuleVisitor                                   : loaded 2 times (x 83B)
Class kotlin.sequences.DistinctSequence                                               : loaded 2 times (x 77B)
Class com.google.common.io.CharSource                                                 : loaded 2 times (x 87B)
Class com.google.common.collect.AbstractMapBasedMultimap$WrappedSet                   : loaded 2 times (x 144B)
Class org.gradle.api.specs.Spec                                                       : loaded 2 times (x 72B)
Class com.google.testing.platform.executor.DeviceControllerProxy$execute$2$2          : loaded 2 times (x 81B)
Class com.google.testing.platform.plugin.PluginLifecycle$Ordering                     : loaded 2 times (x 81B)
Class com.google.testing.platform.driver.TestDriverProxy$Companion                    : loaded 2 times (x 73B)
Class com.google.testing.platform.config.BinaryProtoConfigProvider                    : loaded 2 times (x 82B)
Class com.google.protobuf.WireFormat$Utf8Validation                                   : loaded 2 times (x 82B)
Class com.google.protobuf.DescriptorProtos$FeatureSet$1                               : loaded 2 times (x 153B)
Class [Lcom.google.testing.platform.proto.api.config.AndroidInstrumentationDriverProto$AndroidInstrumentationDriver$ShellExecutionOption;: loaded 2 times (x 71B)
Class com.google.protobuf.GeneratedMessage$FieldAccessorTable$RepeatedFieldAccessor$ReflectionInvoker: loaded 2 times (x 85B)
Class com.google.protobuf.RuntimeVersion$ProtobufRuntimeVersionException              : loaded 2 times (x 84B)
Class [Lcom.google.protobuf.RuntimeVersion$RuntimeDomain;                             : loaded 2 times (x 71B)
Class com.google.testing.platform.proto.api.config.RunnerConfigProto$RunnerConfigOrBuilder: loaded 2 times (x 72B)
Class com.google.testing.platform.plugin.android.proto.AndroidDevicePluginProto$AndroidDevicePlugin$1: loaded 2 times (x 153B)
Class kotlin.reflect.jvm.internal.CachesKt$$Lambda$0                                  : loaded 2 times (x 77B)
Class com.android.ddmlib.testrunner.XmlTestRunListener                                : loaded 2 times (x 107B)
Class com.google.testing.platform.api.device.CommandHandle                            : loaded 2 times (x 72B)
Class com.android.sdklib.AndroidVersion$ApiBaseExtension                              : loaded 2 times (x 81B)
Class kotlin.jvm.internal.KTypeBase                                                   : loaded 2 times (x 72B)
Class kotlin.reflect.jvm.internal.impl.metadata.jvm.JvmProtoBuf$StringTableTypes$RecordOrBuilder: loaded 2 times (x 72B)
Class kotlin.reflect.jvm.internal.impl.metadata.jvm.deserialization.JvmNameResolver   : loaded 2 times (x 79B)
Class kotlin.reflect.jvm.internal.impl.types.DelegatingSimpleType                     : loaded 2 times (x 93B)
Class kotlin.reflect.jvm.internal.impl.types.AbstractClassTypeConstructor             : loaded 2 times (x 99B)
Class kotlin.reflect.jvm.internal.impl.descriptors.PackageFragmentDescriptor          : loaded 2 times (x 72B)
Class kotlin.reflect.jvm.internal.impl.resolve.constants.UnsignedValueConstant        : loaded 2 times (x 76B)
Class com.google.testing.platform.server.strategy.NonInteractiveServerStrategy        : loaded 2 times (x 80B)
Class jdk.internal.jimage.ImageReader$SharedImageReader$LocationVisitor               : loaded 2 times (x 72B)
Class org.apache.commons.io.file.PathFilter                                           : loaded 2 times (x 72B)
Class com.google.common.reflect.Types$JavaVersion                                     : loaded 2 times (x 85B)
Class com.google.common.collect.MapMaker                                              : loaded 2 times (x 74B)
Class com.google.testing.platform.result.BaseTestResultListener                       : loaded 2 times (x 83B)
Class com.google.testing.platform.config.Environment$Companion                        : loaded 2 times (x 73B)
Class com.android.ddmlib.SplitApkInstaller                                            : loaded 2 times (x 84B)
Class com.google.protobuf.TextFormat$Parser                                           : loaded 2 times (x 78B)
Class com.google.testing.platform.inject.DaggerRunnerComponent$RunnerComponentImpl    : loaded 2 times (x 77B)
Class com.google.testing.platform.result.inject.ProtoLogModule_TextProtoLogWriterFactory: loaded 2 times (x 79B)
Class com.google.testing.platform.proto.api.service.SecurityConfigProto$SecurityConfig: loaded 2 times (x 199B)
Class com.google.protobuf.MapField$ImmutableMessageConverter                          : loaded 2 times (x 82B)
Class com.google.testing.platform.lib.process.inject.DaggerSubprocessComponent        : loaded 2 times (x 73B)
Class org.gradle.internal.service.UnknownServiceException                             : loaded 2 times (x 85B)
Class androidx.room.DatabaseProcessingStep$Companion                                  : loaded 2 times (x 73B)
Class com.google.common.cache.LocalCache$LocalLoadingCache                            : loaded 2 times (x 136B)
Class [Lorg.objectweb.asm.AnnotationVisitor;                                          : loaded 2 times (x 71B)
Class com.google.common.collect.MapMakerInternalMap$Strength$2                        : loaded 2 times (x 82B)
Class kotlin.reflect.jvm.internal.CachesKt$$Lambda$1                                  : loaded 2 times (x 77B)
Class kotlinx.coroutines.flow.FlowKt__CollectKt                                       : loaded 2 times (x 73B)
Class kotlin.concurrent.ThreadsKt                                                     : loaded 2 times (x 73B)
Class com.google.common.reflect.Types$ClassOwnership$1                                : loaded 2 times (x 82B)
Class kotlin.reflect.jvm.internal.impl.metadata.jvm.deserialization.JvmMemberSignature: loaded 2 times (x 76B)
Class kotlin.reflect.jvm.internal.impl.load.java.lazy.descriptors.LazyJavaClassMemberScope: loaded 2 times (x 106B)
Class kotlin.reflect.jvm.internal.impl.types.AbstractTypeRefiner                      : loaded 2 times (x 74B)
Class kotlin.reflect.jvm.internal.impl.load.java.lazy.JavaResolverComponents          : loaded 2 times (x 74B)
Class org.jetbrains.org.objectweb.asm.Symbol                                          : loaded 2 times (x 75B)
Class org.jetbrains.kotlin.build.report.metrics.BuildPerformanceMetric                : loaded 2 times (x 74B)
Class com.google.common.collect.Sets$3$1                                              : loaded 2 times (x 84B)
Class com.google.common.cache.LocalCache$LoadingValueReference                        : loaded 2 times (x 98B)
Class com.google.testing.platform.core.event.PhaseGlobalEvents                        : loaded 2 times (x 82B)
Class jdk.internal.jrtfs.SystemImage                                                  : loaded 2 times (x 76B)
Class kotlin.reflect.jvm.internal.impl.descriptors.runtime.components.ReflectJavaClassFinder: loaded 2 times (x 79B)
Class com.google.protobuf.TextFormat$Printer                                          : loaded 2 times (x 74B)
Class com.google.testing.platform.api.config.Config                                   : loaded 2 times (x 72B)
Class com.google.testing.platform.proto.api.config.ErrorMessageUpdaterProto$ErrorMessageUpdaterConfigOrBuilder: loaded 2 times (x 72B)
Class kotlin.reflect.jvm.internal.impl.builtins.KotlinBuiltIns                        : loaded 2 times (x 115B)
Class kotlin.reflect.jvm.internal.impl.serialization.SerializerExtensionProtocol      : loaded 2 times (x 74B)
Class com.google.testing.platform.proto.api.core.ExtensionProto$ConfigResourceOrBuilder: loaded 2 times (x 72B)
Class com.google.protobuf.DescriptorProtos$FeatureSet$FieldPresence$1                 : loaded 2 times (x 78B)
Class com.google.protobuf.Descriptors$ServiceDescriptor                               : loaded 2 times (x 83B)
Class com.android.tools.utp.gradle.EmulatorControlUtilsKt                             : loaded 2 times (x 73B)
Class kotlin.reflect.jvm.internal.CachesKt$$Lambda$2                                  : loaded 2 times (x 77B)
Class kotlin.reflect.jvm.internal.impl.load.java.structure.LightClassOriginKind       : loaded 2 times (x 81B)
Class kotlin.reflect.jvm.internal.impl.types.model.TypeSystemCommonSuperTypesContext  : loaded 2 times (x 72B)
Class org.jetbrains.kotlin.incremental.ClasspathSnapshotFiles$Companion               : loaded 2 times (x 73B)
Class kotlin.reflect.jvm.internal.impl.load.java.SpecialGenericSignatures$TypeSafeBarrierDescription: loaded 2 times (x 81B)
Class kotlin.reflect.jvm.internal.impl.descriptors.impl.SimpleFunctionDescriptorImpl  : loaded 2 times (x 200B)
Class kotlin.reflect.jvm.internal.impl.serialization.deserialization.descriptors.DeserializedCallableMemberDescriptor: loaded 2 times (x 72B)
Class kotlin.reflect.jvm.internal.impl.serialization.deserialization.builtins.BuiltInsPackageFragmentImpl: loaded 2 times (x 113B)
Class kotlin.reflect.jvm.internal.impl.metadata.ProtoBuf$VersionRequirement$VersionKind: loaded 2 times (x 84B)
Class kotlin.reflect.jvm.internal.impl.descriptors.runtime.components.ReflectKotlinClassFinderKt: loaded 2 times (x 73B)
Class kotlin.reflect.jvm.internal.impl.descriptors.impl.ModuleDependenciesImpl        : loaded 2 times (x 79B)
Class kotlin.reflect.jvm.internal.impl.resolve.jvm.SyntheticJavaPartsProvider$Companion: loaded 2 times (x 73B)
Class kotlin.reflect.jvm.internal.impl.resolve.jvm.SyntheticJavaPartsProvider         : loaded 2 times (x 72B)
Class org.jetbrains.kotlin.cli.common.arguments.Argument                              : loaded 2 times (x 72B)
Class kotlin.reflect.jvm.internal.impl.load.java.JavaTypeEnhancementState$Companion   : loaded 2 times (x 73B)
Class kotlin.reflect.jvm.internal.impl.builtins.jvm.JvmBuiltIns$WhenMappings          : loaded 2 times (x 73B)
Class Build_gradle$1                                                                  : loaded 2 times (x 77B)
Class com.google.common.reflect.Invokable$MethodInvokable                             : loaded 2 times (x 109B)
Class com.google.common.io.LineReader$1                                               : loaded 2 times (x 77B)
Class com.google.common.collect.CollectSpliterators                                   : loaded 2 times (x 73B)
Class com.google.common.collect.AbstractMapBasedMultimap$AsMap                        : loaded 2 times (x 130B)
Class com.google.common.collect.MapMakerInternalMap$StrongKeyDummyValueEntry          : loaded 2 times (x 84B)
Class com.google.common.collect.Multimaps$Entries                                     : loaded 2 times (x 120B)
Class com.google.testing.platform.plugin.PluginLifecycle$onBeforeAll$1$1$2$1$1        : loaded 2 times (x 81B)
Class com.google.testing.platform.lib.extension.ExtensionLoaderException              : loaded 2 times (x 88B)
Class org.jetbrains.kotlin.cli.common.CompilerSystemProperties                        : loaded 2 times (x 81B)
Class com.google.testing.platform.api.config.DefaultConfigBase$environment$2          : loaded 2 times (x 81B)
Class com.google.testing.platform.proto.api.service.ServerConfigProto$ServerConfig    : loaded 2 times (x 203B)
Class [Lcom.google.protobuf.GeneratedMessage$FieldAccessorTable$OneofAccessor;        : loaded 2 times (x 71B)
Class com.google.protobuf.Descriptors$DescriptorPool                                  : loaded 2 times (x 74B)
Class com.google.protobuf.DescriptorProtos$MessageOptionsOrBuilder                    : loaded 2 times (x 72B)
Class com.android.tools.utp.gradle.JwtConfig                                          : loaded 2 times (x 74B)
Class org.jetbrains.kotlin.build.report.metrics.GradleBuildPerformanceMetric          : loaded 2 times (x 74B)
Class com.android.tools.utp.gradle.api.RunUtpWorkParameters$UtpRunConfig$Inject_      : loaded 2 times (x 150B)
Class kotlin.reflect.jvm.internal.CachesKt$$Lambda$3                                  : loaded 2 times (x 77B)
Class com.google.testing.platform.proto.api.config.ErrorConfigProto$ErrorConfigOrBuilder: loaded 2 times (x 72B)
Class com.google.protobuf.AnyOrBuilder                                                : loaded 2 times (x 72B)
Class kotlin.reflect.jvm.internal.calls.CallerImpl$Method$Instance                    : loaded 2 times (x 83B)
Class kotlin.reflect.jvm.internal.calls.CallerImpl$Companion                          : loaded 2 times (x 73B)
Class [Lkotlin.reflect.jvm.internal.impl.descriptors.DeclarationDescriptorWithSource; : loaded 2 times (x 71B)
Class kotlin.reflect.jvm.internal.impl.protobuf.GeneratedMessageLite$ExtendableMessage$ExtensionWriter: loaded 2 times (x 75B)
Class kotlin.reflect.jvm.internal.impl.descriptors.PackageFragmentProviderKt          : loaded 2 times (x 73B)
Class kotlin.reflect.jvm.internal.impl.serialization.deserialization.ClassDeserializer$Companion: loaded 2 times (x 73B)
Class kotlin.reflect.jvm.internal.impl.protobuf.ByteString$ByteIterator               : loaded 2 times (x 72B)
Class kotlin.reflect.jvm.internal.impl.resolve.constants.ShortValue                   : loaded 2 times (x 76B)
Class [Lcom.google.protobuf.Descriptors$ServiceDescriptor;                            : loaded 2 times (x 71B)
Class org.jetbrains.kotlin.build.report.metrics.GradleBuildTimeMetric                 : loaded 2 times (x 74B)
Class jdk.internal.jimage.ImageReader$Directory                                       : loaded 2 times (x 86B)
Class kotlin.io.FilePathComponents                                                    : loaded 2 times (x 74B)
Class kotlin.coroutines.jvm.internal.RestrictedSuspendLambda                          : loaded 2 times (x 93B)
Class com.google.devtools.ksp.processing.KspGradleLogger$Companion                    : loaded 2 times (x 73B)
Class com.google.common.collect.CompoundOrdering                                      : loaded 2 times (x 117B)
Class com.google.common.collect.AbstractMapBasedMultimap$WrappedList                  : loaded 2 times (x 207B)
Class [Lorg.objectweb.asm.AnnotationWriter;                                           : loaded 2 times (x 71B)
Class kotlinx.coroutines.Delay$DefaultImpls                                           : loaded 2 times (x 73B)
Class kotlinx.coroutines.EventLoopKt                                                  : loaded 2 times (x 73B)
Class com.google.testing.platform.proto.api.config.TestFilterProto$TestFilterOrBuilder: loaded 2 times (x 72B)
Class com.google.protobuf.TextFormat$InvalidEscapeSequenceException                   : loaded 2 times (x 84B)
Class com.android.tools.utp.plugins.result.listener.gradle.proto.GradleAndroidTestResultListenerConfigProto$GradleAndroidTestResultListenerConfig$1: loaded 2 times (x 153B)
Class com.google.testing.platform.proto.api.config.RuntimeProto$AndroidInstrumentationRuntime$1: loaded 2 times (x 153B)
Class com.google.protobuf.SmallSortedMap$EntryIterator                                : loaded 2 times (x 85B)
Class com.google.protobuf.DescriptorProtos$EnumDescriptorProtoOrBuilder               : loaded 2 times (x 72B)
Class [Lcom.google.protobuf.DescriptorProtos$FeatureSet$Utf8Validation;               : loaded 2 times (x 71B)
Class com.google.testing.platform.proto.api.core.PathProto                            : loaded 2 times (x 73B)
Class com.google.protobuf.GeneratedMessage$FieldAccessorTable$SingularFieldAccessor$ReflectionInvoker: loaded 2 times (x 84B)
Class com.google.protobuf.GeneratedMessage$FieldAccessorTable$SingularMessageFieldAccessor: loaded 2 times (x 108B)
Class kotlin.reflect.jvm.internal.CachesKt$$Lambda$4                                  : loaded 2 times (x 77B)
Class com.android.tools.utp.gradle.UtpConfigFactoryKt$createAndroidTestLogcatPlugin$2 : loaded 2 times (x 81B)
Class kotlinx.coroutines.Delay                                                        : loaded 2 times (x 72B)
Class kotlin.reflect.jvm.internal.impl.utils.SmartSet$SingletonIterator               : loaded 2 times (x 83B)
Class kotlin.reflect.jvm.internal.impl.resolve.calls.inference.CapturedTypeConstructorKt: loaded 2 times (x 73B)
Class kotlin.reflect.jvm.internal.impl.types.model.TypeParameterMarker                : loaded 2 times (x 72B)
Class com.google.testing.platform.api.config.ProtoConfig                              : loaded 2 times (x 72B)
Class kotlin.reflect.jvm.internal.impl.metadata.deserialization.Flags$FlagField       : loaded 2 times (x 75B)
Class kotlin.reflect.jvm.internal.impl.descriptors.impl.VariableDescriptorImpl        : loaded 2 times (x 143B)
Class kotlin.reflect.jvm.internal.impl.descriptors.ClassConstructorDescriptor         : loaded 2 times (x 72B)
Class kotlin.reflect.jvm.internal.impl.renderer.OverrideRenderingPolicy               : loaded 2 times (x 81B)
Class kotlin.reflect.jvm.internal.impl.utils.WrappedValues$1                          : loaded 2 times (x 73B)
Class kotlin.reflect.jvm.internal.impl.descriptors.deserialization.PlatformDependentDeclarationFilter: loaded 2 times (x 72B)
Class kotlin.reflect.jvm.internal.impl.descriptors.Named                              : loaded 2 times (x 72B)
Class kotlin.collections.MutableMapWithDefaultImpl                                    : loaded 2 times (x 146B)
Class kotlin.sequences.SequencesKt__SequenceBuilderKt$sequence$$inlined$Sequence$1    : loaded 2 times (x 77B)
Class kotlin.collections.ArrayAsCollection                                            : loaded 2 times (x 107B)
Class com.google.common.collect.ImmutableRangeSet$Builder                             : loaded 2 times (x 79B)
Class com.google.common.base.Predicates$CompositionPredicate                          : loaded 2 times (x 90B)
Class com.google.common.collect.Lists$ReverseList$1                                   : loaded 2 times (x 101B)
Class [Lcom.google.common.collect.Iterators$EmptyModifiableIterator;                  : loaded 2 times (x 71B)
Class com.google.common.cache.LocalCache$StrongValueReference                         : loaded 2 times (x 92B)
Class com.google.testing.platform.proto.api.config.AndroidInstrumentationDriverProto$AndroidInstrumentationDriver$1: loaded 2 times (x 153B)
Class com.android.tools.utp.gradle.UtpConfigFactoryKt$createTestDriver$1              : loaded 2 times (x 131B)
Class com.google.testing.platform.proto.api.config.DeviceProto$DeviceId               : loaded 2 times (x 197B)
Class [Lcom.google.testing.platform.api.device.Device$DeviceType;                     : loaded 2 times (x 71B)
Class org.gradle.api.internal.ClassPathProvider                                       : loaded 2 times (x 72B)
Class [Lorg.gradle.api.internal.ClassPathProvider;                                    : loaded 2 times (x 71B)
Class com.google.common.collect.LinkedListMultimap$KeyList                            : loaded 2 times (x 74B)
Class com.google.common.collect.Maps$ViewCachingAbstractMap                           : loaded 2 times (x 127B)
Class kotlin.reflect.jvm.internal.JvmFunctionSignature$KotlinFunction                 : loaded 2 times (x 75B)
Class kotlin.reflect.jvm.internal.impl.metadata.jvm.deserialization.ClassMapperLite   : loaded 2 times (x 73B)
Class kotlin.reflect.jvm.internal.impl.descriptors.impl.AbstractLazyTypeParameterDescriptor: loaded 2 times (x 125B)
Class [Lkotlin.reflect.jvm.internal.impl.metadata.ProtoBuf$Visibility;                : loaded 2 times (x 71B)
Class kotlin.reflect.jvm.internal.impl.metadata.jvm.deserialization.UtfEncodingKt     : loaded 2 times (x 73B)
Class kotlin.reflect.jvm.internal.impl.descriptors.runtime.components.ReflectKotlinClass$Factory: loaded 2 times (x 73B)
Class kotlin.reflect.jvm.internal.impl.serialization.deserialization.DeserializationConfiguration: loaded 2 times (x 72B)
Class kotlin.reflect.jvm.internal.impl.load.kotlin.header.KotlinClassHeader$Kind$Companion: loaded 2 times (x 73B)
Class kotlin.jvm.internal.Ref$ObjectRef                                               : loaded 2 times (x 74B)
Class com.google.common.graph.SuccessorsFunction                                      : loaded 2 times (x 72B)
Class [Lcom.google.gson.stream.JsonToken;                                             : loaded 2 times (x 71B)
Class org.objectweb.asm.Type                                                          : loaded 2 times (x 74B)
Class org.gradle.internal.classloader.VisitableURLClassLoader$InstrumentingVisitableURLClassLoader: loaded 2 times (x 124B)
Class com.google.testing.platform.core.context.ExtensionContextImpl                   : loaded 2 times (x 77B)
Class com.google.testing.platform.result.TestResultListenerConfigImpl                 : loaded 2 times (x 83B)
Class com.google.testing.platform.lib.extension.ExtensionLoader$Companion             : loaded 2 times (x 73B)
Class com.google.testing.platform.lib.extension.ExtensionSource                       : loaded 2 times (x 74B)
Class com.google.testing.platform.main.inject.CommandLineModule_ProvidesTextProviderFactory: loaded 2 times (x 79B)
Class com.google.common.util.concurrent.ThreadFactoryBuilder                          : loaded 2 times (x 74B)
Class com.google.testing.platform.api.event.EventExtKt                                : loaded 2 times (x 73B)
Class com.android.ddmlib.SplitApkInstallerBase                                        : loaded 2 times (x 82B)
Class com.google.testing.platform.proto.api.core.TestSuiteResultProto$TestSuiteMetaData$Builder: loaded 2 times (x 301B)
Class com.google.common.collect.MapMakerInternalMap$Strength$1                        : loaded 2 times (x 82B)
Class com.google.testing.platform.api.result.TestResultPublisher                      : loaded 2 times (x 72B)
Class com.google.testing.platform.api.cancel.Cancellable                              : loaded 2 times (x 72B)
Class com.google.protobuf.AbstractMessageLite$InternalOneOfEnum                       : loaded 2 times (x 72B)
Class [Lcom.google.common.base.Function;                                              : loaded 2 times (x 71B)
Class com.google.common.collect.NaturalOrdering                                       : loaded 2 times (x 117B)
Class com.android.tools.utp.plugins.result.listener.gradle.proto.GradleAndroidTestResultListenerConfigProto: loaded 2 times (x 73B)
Class com.android.tools.utp.gradle.UtpConfigFactoryKt$createTestDriver$2              : loaded 2 times (x 81B)
Class com.google.testing.platform.proto.api.config.SetupProto$TestSetupOrBuilder      : loaded 2 times (x 72B)
Class com.google.testing.platform.proto.api.config.RuntimeProto$AndroidInstrumentationRuntime$Builder: loaded 2 times (x 301B)
Class com.google.protobuf.GeneratedMessage$FieldAccessorTable$SingularFieldAccessor$MethodInvoker: loaded 2 times (x 72B)
Class com.google.protobuf.DescriptorProtos$UninterpretedOption                        : loaded 2 times (x 212B)
Class kotlin.coroutines.ContinuationInterceptor$DefaultImpls                          : loaded 2 times (x 73B)
Class kotlin.sequences.SequenceScope                                                  : loaded 2 times (x 75B)
Class androidx.room.processor.Context$BooleanProcessorOptions                         : loaded 2 times (x 81B)
Class kotlin.reflect.jvm.internal.impl.types.checker.KotlinTypePreparator$Default     : loaded 2 times (x 75B)
Class kotlin.reflect.jvm.internal.impl.load.java.lazy.types.JavaTypeAttributes        : loaded 2 times (x 74B)
Class kotlin.reflect.jvm.internal.impl.protobuf.FieldSet$FieldDescriptorLite          : loaded 2 times (x 72B)
Class kotlin.reflect.jvm.internal.impl.metadata.ProtoBuf$VersionRequirementTable$1    : loaded 2 times (x 89B)
Class kotlin.reflect.jvm.internal.impl.descriptors.DeserializedDescriptor             : loaded 2 times (x 72B)
Class kotlin.reflect.jvm.internal.impl.metadata.jvm.deserialization.JvmFlags          : loaded 2 times (x 73B)
Class [Lorg.jetbrains.kotlin.cli.common.arguments.Disables;                           : loaded 2 times (x 71B)
Class kotlin.reflect.jvm.internal.impl.serialization.deserialization.descriptors.DeserializedClassDescriptor$memberScopeHolder$1: loaded 2 times (x 131B)
Class kotlin.reflect.jvm.internal.impl.load.java.lazy.LazyJavaTypeParameterResolver   : loaded 2 times (x 77B)
Class kotlin.reflect.jvm.internal.impl.load.java.structure.JavaModifierListOwner      : loaded 2 times (x 72B)
Class kotlin.reflect.jvm.internal.impl.serialization.deserialization.NameResolverUtilKt: loaded 2 times (x 73B)
Class kotlin.reflect.jvm.internal.impl.metadata.ProtoBuf$EnumEntryOrBuilder           : loaded 2 times (x 72B)
Class kotlin.reflect.jvm.internal.impl.metadata.ProtoBuf$VersionRequirementTable      : loaded 2 times (x 98B)
Class [Lkotlin.reflect.jvm.internal.impl.renderer.PropertyAccessorRenderingPolicy;    : loaded 2 times (x 71B)
Class [Lkotlin.reflect.jvm.internal.impl.renderer.ParameterNameRenderingPolicy;       : loaded 2 times (x 71B)
Class kotlin.reflect.jvm.internal.impl.load.java.lazy.LazyJavaResolverContext         : loaded 2 times (x 74B)
Class kotlin.reflect.jvm.internal.impl.descriptors.impl.ModuleAwareClassDescriptorKt  : loaded 2 times (x 73B)
Class kotlin.collections.ReversedListReadOnly$listIterator$1                          : loaded 2 times (x 92B)
Class kotlin.coroutines.Continuation                                                  : loaded 2 times (x 72B)
Class kotlin.coroutines.CoroutineContext$Element$DefaultImpls                         : loaded 2 times (x 73B)
Class org.gradle.kotlin.dsl.AndroidTestImplementationConfigurationAccessorsKt         : loaded 2 times (x 73B)
Class org.apache.commons.io.FileUtils                                                 : loaded 2 times (x 73B)
Class com.google.common.collect.MapMakerInternalMap$StrongKeyDummyValueEntry$Helper   : loaded 2 times (x 81B)
Class com.google.common.io.Files$FileByteSink                                         : loaded 2 times (x 79B)
Class org.objectweb.asm.ByteVector                                                    : loaded 2 times (x 81B)
Class [Lcom.google.common.cache.CacheBuilder$NullListener;                            : loaded 2 times (x 71B)
Class org.gradle.internal.classloader.VisitableURLClassLoader$Spec                    : loaded 2 times (x 76B)
Class org.gradle.internal.classpath.DefaultClassPath                                  : loaded 2 times (x 92B)
Class io.grpc.BindableService                                                         : loaded 2 times (x 72B)
Class com.google.testing.platform.core.event.inject.EventsModule_EventsFactory        : loaded 2 times (x 79B)
Class com.google.testing.platform.runtime.android.device.AndroidDeviceProperties$Companion: loaded 2 times (x 73B)
Class [Lkotlin.reflect.jvm.internal.impl.load.java.typeEnhancement.MutabilityQualifier;: loaded 2 times (x 71B)
Class com.google.testing.platform.api.config.AndroidSdk                               : loaded 2 times (x 74B)
Class kotlin.reflect.jvm.internal.impl.types.IntersectionTypeConstructor              : loaded 2 times (x 84B)
Class [Lcom.google.protobuf.DescriptorProtos$FeatureSet$JsonFormat;                   : loaded 2 times (x 71B)
Class [Lorg.jetbrains.kotlin.cli.common.arguments.Enables;                            : loaded 2 times (x 71B)
Class com.google.testing.platform.proto.api.config.DeviceProto$Device$1               : loaded 2 times (x 153B)
Class com.google.testing.platform.proto.api.config.ExecutorProto$MultiDeviceExecutor  : loaded 2 times (x 201B)
Class org.jetbrains.kotlin.cli.common.arguments.ArgumentsInfo                         : loaded 2 times (x 74B)
Class com.android.prefs.AndroidLocationsSingleton                                     : loaded 2 times (x 84B)
Class com.google.testing.platform.proto.api.config.ExecutorProto$MultiDeviceExecutorOrBuilder: loaded 2 times (x 72B)
Class com.google.testing.platform.proto.api.config.LocalAndroidDeviceProviderProto$LocalAndroidDeviceProvider$Builder: loaded 2 times (x 311B)
Class com.google.protobuf.DescriptorProtos$DescriptorProto                            : loaded 2 times (x 238B)
Class com.google.protobuf.DescriptorProtos$FieldOptions$Builder                       : loaded 2 times (x 364B)
Class com.google.protobuf.Duration$Builder                                            : loaded 2 times (x 297B)
Class kotlin.reflect.jvm.internal.impl.types.checker.NewTypeVariableConstructor       : loaded 2 times (x 72B)
Class kotlin.reflect.jvm.internal.impl.types.TypeProjectionImpl                       : loaded 2 times (x 84B)
Class kotlin.reflect.jvm.internal.impl.descriptors.runtime.structure.ReflectJavaModifierListOwner: loaded 2 times (x 72B)
Class kotlin.reflect.jvm.internal.impl.protobuf.LazyStringList                        : loaded 2 times (x 72B)
Class kotlin.reflect.jvm.internal.impl.protobuf.RopeByteString$RopeInputStream        : loaded 2 times (x 94B)
Class kotlin.reflect.jvm.internal.impl.load.kotlin.KotlinJvmBinaryClass$AnnotationArgumentVisitor: loaded 2 times (x 72B)
Class kotlin.reflect.jvm.internal.impl.renderer.AnnotationArgumentsRenderingPolicy    : loaded 2 times (x 81B)
Class kotlin.reflect.jvm.internal.impl.load.kotlin.PackagePartProvider$Empty          : loaded 2 times (x 76B)
Class kotlin.reflect.jvm.internal.impl.descriptors.annotations.Annotations$Companion$EMPTY$1: loaded 2 times (x 86B)
Class kotlin.reflect.jvm.internal.impl.descriptors.runtime.components.RuntimeModuleData: loaded 2 times (x 74B)
Class com.android.tools.utp.gradle.UtpConfigFactoryKt$createAndroidTestLogcatPlugin$1 : loaded 2 times (x 131B)
Class kotlin.coroutines.jvm.internal.BaseContinuationImpl                             : loaded 2 times (x 89B)
Class com.google.devtools.ksp.processing.KspGradleLogger                              : loaded 2 times (x 81B)
Class com.google.common.collect.ImmutableSortedMap$1EntrySet$1                        : loaded 2 times (x 215B)
Class com.google.common.reflect.Types$ClassOwnership                                  : loaded 2 times (x 82B)
Class org.objectweb.asm.Symbol                                                        : loaded 2 times (x 75B)
Class com.google.testing.platform.service.RunnerManager                               : loaded 2 times (x 72B)
Class com.google.testing.platform.proto.api.service.RunnerGrpc$RunnerImplBase         : loaded 2 times (x 82B)
Class kotlinx.coroutines.sync.SemaphoreImpl$onCancellationRelease$1                   : loaded 2 times (x 81B)
Class com.google.testing.platform.proto.api.core.TestArtifactProto$Artifact$1         : loaded 2 times (x 153B)
Class kotlinx.coroutines.EventLoopImplBase$DelayedRunnableTask                        : loaded 2 times (x 96B)
Class com.google.testing.platform.runtime.android.device.AndroidDevice                : loaded 2 times (x 81B)
Class com.google.testing.platform.proto.api.config.RunnerConfigProto$RunnerConfig$ExecutorCase: loaded 2 times (x 87B)
Class com.google.testing.platform.api.event.Events                                    : loaded 2 times (x 72B)
Class com.google.testing.platform.api.device.DeviceProvider                           : loaded 2 times (x 72B)
Class com.android.tools.utp.gradle.UtpRunner$1                                        : loaded 2 times (x 131B)
Class com.google.testing.platform.proto.api.config.AndroidInstrumentationDriverProto$AndroidInstrumentationDriver$ShellExecutionOption$1: loaded 2 times (x 78B)
Class com.google.testing.platform.proto.api.core.RegexPatternProto                    : loaded 2 times (x 73B)
Class com.google.protobuf.DescriptorProtos$FeatureSetDefaults$FeatureSetEditionDefault$1: loaded 2 times (x 153B)
Class [Lcom.google.protobuf.DescriptorProtos$FileOptions$OptimizeMode;                : loaded 2 times (x 71B)
Class com.google.protobuf.DescriptorProtos$FeatureSetDefaultsOrBuilder                : loaded 2 times (x 72B)
Class [Lcom.google.protobuf.WireFormat$FieldType;                                     : loaded 2 times (x 71B)
Class com.google.testing.platform.proto.api.config.CancellationConfigProto$CancellationConfig: loaded 2 times (x 196B)
Class com.google.testing.platform.proto.api.config.DeviceProto$DeviceOrBuilder        : loaded 2 times (x 72B)
Class [Lcom.google.protobuf.AbstractMessage;                                          : loaded 2 times (x 71B)
Class kotlinx.coroutines.internal.ThreadSafeHeapNode                                  : loaded 2 times (x 72B)
Class com.google.testing.platform.main.inject.CommandLineModule                       : loaded 2 times (x 73B)
Class androidx.room.compiler.processing.XBasicAnnotationProcessor                     : loaded 2 times (x 72B)
Class com.google.testing.platform.core.event.inject.EventsModule_AuxiliaryEventsFactory: loaded 2 times (x 79B)
Class org.jetbrains.kotlin.config.ApiVersion$Companion                                : loaded 2 times (x 73B)
Class kotlin.annotation.Repeatable                                                    : loaded 2 times (x 72B)
Class [Lkotlin.reflect.jvm.internal.impl.resolve.ExternalOverridabilityCondition$Contract;: loaded 2 times (x 71B)
Class kotlin.reflect.jvm.internal.impl.load.java.JavaClassFinder$Request              : loaded 2 times (x 74B)
Class kotlin.reflect.jvm.internal.impl.protobuf.LazyStringArrayList                   : loaded 2 times (x 263B)
Class kotlin.reflect.jvm.internal.impl.metadata.ProtoBuf$Class$Kind$1                 : loaded 2 times (x 76B)
Class kotlin.reflect.jvm.internal.impl.builtins.jvm.JvmBuiltInsCustomizer$createMockJavaIoSerializableType$mockJavaIoPackageFragment$1: loaded 2 times (x 107B)
Class kotlin.reflect.jvm.internal.impl.storage.LockBasedStorageManager$CacheWithNotNullValuesBasedOnMemoizedFunction: loaded 2 times (x 88B)
Class kotlin.reflect.jvm.internal.impl.incremental.components.LookupLocation          : loaded 2 times (x 72B)
Class com.google.common.collect.Sets$FilteredSet                                      : loaded 2 times (x 139B)
Class com.google.common.io.Java8Compatibility                                         : loaded 2 times (x 73B)
Class com.google.common.io.Closer                                                     : loaded 2 times (x 80B)
Class [Lcom.google.gson.Strictness;                                                   : loaded 2 times (x 71B)
Class org.gradle.internal.classloader.ClassLoaderSpec                                 : loaded 2 times (x 73B)
Class com.google.testing.platform.lib.process.inject.SubprocessModule_IoCoroutineScopeFactory: loaded 2 times (x 79B)
Class org.gradle.api.internal.DefaultClassPathProvider                                : loaded 2 times (x 78B)
Class com.google.testing.platform.proto.api.config.ShardingConfigProto$ShardingConfig$Builder: loaded 2 times (x 297B)
Class com.google.testing.platform.proto.api.config.DeviceIdKt$Dsl$Companion           : loaded 2 times (x 73B)
Class com.google.testing.platform.lib.property.SingleWriteImpl                        : loaded 2 times (x 83B)
Class com.google.testing.platform.api.config.Configurable                             : loaded 2 times (x 72B)
Class kotlinx.coroutines.ExecutorCoroutineDispatcherImpl                              : loaded 2 times (x 114B)
Class com.android.tools.utp.gradle.UtpRunner$2                                        : loaded 2 times (x 131B)
Class com.android.tools.utp.plugins.host.apkinstaller.proto.AndroidApkInstallerConfigProto$InstallableApkOrBuilder: loaded 2 times (x 72B)
Class com.google.testing.platform.proto.api.config.AndroidInstrumentationDriverProto  : loaded 2 times (x 73B)
Class com.google.protobuf.ByteString$CodedBuilder                                     : loaded 2 times (x 74B)
Class com.google.protobuf.DescriptorProtos$FieldOptions$EditionDefaultOrBuilder       : loaded 2 times (x 72B)
Class com.google.protobuf.DescriptorProtos$Edition$1                                  : loaded 2 times (x 78B)
Class org.objectweb.asm.AnnotationVisitor                                             : loaded 2 times (x 80B)
Class com.google.common.collect.Iterators$EmptyModifiableIterator                     : loaded 2 times (x 88B)
Class com.google.common.collect.ImmutableSet$SerializedForm                           : loaded 2 times (x 75B)
Class com.google.common.collect.ComparatorOrdering                                    : loaded 2 times (x 117B)
Class kotlin.jvm.internal.AdaptedFunctionReference                                    : loaded 2 times (x 79B)
Class [Lkotlin.reflect.jvm.internal.impl.load.java.AnnotationQualifierApplicabilityType;: loaded 2 times (x 71B)
Class kotlin.reflect.jvm.internal.impl.descriptors.runtime.structure.Java16SealedRecordLoader$Cache: loaded 2 times (x 74B)
Class kotlin.reflect.jvm.internal.impl.serialization.deserialization.DeserializedPackageFragmentImpl: loaded 2 times (x 111B)
Class kotlin.reflect.jvm.internal.impl.metadata.ProtoBuf$EnumEntry$1                  : loaded 2 times (x 89B)
Class kotlin.reflect.jvm.internal.impl.load.java.FieldOverridabilityCondition         : loaded 2 times (x 77B)
Class kotlin.reflect.jvm.internal.impl.types.checker.NewKotlinTypeChecker             : loaded 2 times (x 72B)
Class kotlin.reflect.jvm.internal.impl.load.java.NullabilityAnnotationStates          : loaded 2 times (x 72B)
Class kotlin.reflect.jvm.internal.impl.descriptors.impl.PackageViewDescriptorFactory  : loaded 2 times (x 72B)
Class kotlin.collections.ReversedListReadOnly                                         : loaded 2 times (x 200B)
Class kotlin.text.DelimitedRangesSequence                                             : loaded 2 times (x 77B)
Class com.google.common.io.ByteSource$EmptyByteSource                                 : loaded 2 times (x 87B)
Class org.objectweb.asm.AnnotationWriter                                              : loaded 2 times (x 80B)
Class com.google.common.cache.CacheStats                                              : loaded 2 times (x 73B)
Class com.google.testing.platform.plugin.PluginLifecycle$onBeforeAll$1$1$2$1          : loaded 2 times (x 81B)
Class com.google.testing.platform.lib.extension.internals.ExtensionClassLoader        : loaded 2 times (x 102B)
Class com.google.testing.platform.core.telemetry.opencensus.OpencensusDiagnostics     : loaded 2 times (x 79B)
Class com.google.testing.platform.proto.api.core.TestStatusProto$TestStatus$1         : loaded 2 times (x 78B)
Class com.google.testing.platform.plugin.android.proto.AndroidDevicePluginProto$AndroidDevicePluginArtifactsInstalled$1: loaded 2 times (x 153B)
Class kotlin.reflect.jvm.internal.impl.types.UnwrappedType                            : loaded 2 times (x 86B)
Class kotlinx.coroutines.internal.LockFreeLinkedListNode$CondAddOp                    : loaded 2 times (x 79B)
Class com.google.testing.platform.proto.api.config.TestFilterProto                    : loaded 2 times (x 73B)
Class kotlin.reflect.jvm.internal.impl.resolve.ExternalOverridabilityCondition        : loaded 2 times (x 72B)
Class kotlin.reflect.jvm.internal.impl.renderer.DescriptorRenderer                    : loaded 2 times (x 80B)
Class com.google.protobuf.MapField$Converter                                          : loaded 2 times (x 72B)
Class com.google.protobuf.DescriptorProtos$FeatureSetDefaults$FeatureSetEditionDefault$Builder: loaded 2 times (x 303B)
Class com.google.protobuf.DescriptorProtos$FileOptions$OptimizeMode                   : loaded 2 times (x 89B)
Class com.google.protobuf.DescriptorProtos$ExtensionRangeOptions                      : loaded 2 times (x 240B)
Class com.google.protobuf.DescriptorProtos$EnumDescriptorProto$EnumReservedRange      : loaded 2 times (x 197B)
Class com.google.protobuf.DescriptorProtos$FileDescriptorProto$Builder                : loaded 2 times (x 342B)
Class com.google.protobuf.GeneratedMessageInfoFactory                                 : loaded 2 times (x 79B)
Class androidx.room.compiler.processing.XMemberContainer                              : loaded 2 times (x 72B)
Class kotlin.reflect.jvm.internal.impl.descriptors.impl.ModuleAwareClassDescriptor$Companion: loaded 2 times (x 73B)
Class kotlin.reflect.jvm.internal.impl.metadata.ProtoBuf$TypeParameter$Variance$1     : loaded 2 times (x 76B)
Class kotlin.reflect.jvm.internal.impl.load.java.BuiltinSpecialProperties             : loaded 2 times (x 73B)
Class kotlin.reflect.jvm.internal.impl.metadata.deserialization.VersionRequirementTable: loaded 2 times (x 74B)
Class kotlin.reflect.jvm.internal.impl.utils.WrappedValues$ThrowableWrapper           : loaded 2 times (x 74B)
Class [Lkotlin.reflect.jvm.internal.impl.renderer.OverrideRenderingPolicy;            : loaded 2 times (x 71B)
Class kotlin.reflect.jvm.internal.impl.protobuf.ExtensionRegistryLite$ObjectIntPair   : loaded 2 times (x 74B)
Class org.jetbrains.kotlin.incremental.ClasspathChanges                               : loaded 2 times (x 73B)
Class kotlin.time.DurationKt                                                          : loaded 2 times (x 73B)
Class kotlin.jdk7.AutoCloseableKt                                                     : loaded 2 times (x 73B)
Class com.google.common.collect.ImmutableMultisetGwtSerializationDependencies         : loaded 2 times (x 127B)
Class com.google.common.collect.Interners                                             : loaded 2 times (x 73B)
Class com.google.common.io.Closer$Suppressor                                          : loaded 2 times (x 72B)
Class com.google.common.io.LineProcessor                                              : loaded 2 times (x 72B)
Class com.google.common.collect.AbstractMapBasedMultimap$2                            : loaded 2 times (x 87B)
Class org.objectweb.asm.RecordComponentWriter                                         : loaded 2 times (x 79B)
Class Settings_gradle$1$1                                                             : loaded 2 times (x 77B)
Class org.gradle.api.internal.classpath.Module$ModuleAlias                            : loaded 2 times (x 72B)
Class com.google.testing.platform.lib.proto.Sanitize$WhenMappings                     : loaded 2 times (x 73B)
Class com.google.testing.platform.core.telemetry.opencensus.OpencensusDiagnosticScope : loaded 2 times (x 80B)
Class kotlinx.coroutines.sync.SemaphoreKt                                             : loaded 2 times (x 73B)
Class kotlin.reflect.jvm.internal.KCallableImpl                                       : loaded 2 times (x 107B)
Class com.google.testing.platform.core.telemetry.EventRecordRequest$onComplete$1      : loaded 2 times (x 80B)
Class com.google.testing.platform.proto.api.config.PlatformFeaturesProto$PlatformFeatures$1: loaded 2 times (x 153B)
Class com.google.testing.platform.api.plugin.PluginException                          : loaded 2 times (x 88B)
Class com.google.protobuf.DescriptorProtos$OneofDescriptorProto$Builder               : loaded 2 times (x 301B)
Class com.google.testing.platform.proto.api.config.CancellationConfigProto$CancellationConfig$Builder: loaded 2 times (x 298B)
Class com.google.testing.platform.proto.api.config.AndroidInstrumentationDriverProto$AndroidInstrumentationDriver$ShellExecutionOption: loaded 2 times (x 89B)
Class com.google.testing.platform.proto.api.config.InstrumentationProto$Instrumentation$1: loaded 2 times (x 153B)
Class com.google.testing.platform.proto.api.config.FixtureProto$TestFixture$Builder   : loaded 2 times (x 315B)
Class kotlin.reflect.jvm.internal.impl.builtins.functions.FunctionTypeKind$Function   : loaded 2 times (x 74B)
Class com.google.protobuf.DescriptorProtos$SourceCodeInfo                             : loaded 2 times (x 198B)
Class com.google.protobuf.DescriptorProtos                                            : loaded 2 times (x 73B)
Class kotlin.reflect.jvm.internal.impl.descriptors.impl.ValueParameterDescriptorImpl$WithDestructuringDeclaration: loaded 2 times (x 167B)
Class kotlin.reflect.jvm.internal.impl.protobuf.Parser                                : loaded 2 times (x 72B)
Class kotlin.reflect.jvm.internal.impl.protobuf.MessageLite                           : loaded 2 times (x 72B)
Class kotlin.reflect.jvm.internal.impl.types.KotlinTypeFactory                        : loaded 2 times (x 73B)
Class kotlin.reflect.jvm.internal.impl.descriptors.PackageFragmentProviderOptimized   : loaded 2 times (x 72B)
Class kotlin.reflect.jvm.internal.impl.resolve.jvm.CompositeSyntheticJavaPartsProvider: loaded 2 times (x 81B)
Class kotlin.reflect.jvm.internal.impl.load.java.components.JavaResolverCache         : loaded 2 times (x 72B)
Class org.jetbrains.kotlin.build.report.metrics.SNAPSHOT_JAVA_CLASSES                 : loaded 2 times (x 74B)
Class org.jetbrains.kotlin.build.report.metrics.GRADLE_TASK_ACTION                    : loaded 2 times (x 74B)
Class org.objectweb.asm.Attribute                                                     : loaded 2 times (x 79B)
Class com.google.common.base.Supplier                                                 : loaded 2 times (x 72B)
Class org.gradle.internal.classloader.VisitableURLClassLoader                         : loaded 2 times (x 118B)
Class com.google.protobuf.JavaFeaturesProto$JavaFeatures$Utf8Validation               : loaded 2 times (x 89B)
Class com.android.tools.utp.plugins.host.apkinstaller.proto.AndroidApkInstallerConfigProto$InstallableApk$InstallOption$1: loaded 2 times (x 153B)
Class com.google.testing.platform.core.telemetry.TelemetryKt                          : loaded 2 times (x 73B)
Class com.google.testing.platform.launcher.Launcher$UtpLogManager                     : loaded 2 times (x 98B)
Class com.google.testing.platform.proto.api.core.LabelProto$Label$Builder             : loaded 2 times (x 299B)
Class com.google.protobuf.GeneratedMessage$FieldAccessorTable$SingularStringFieldAccessor: loaded 2 times (x 108B)
Class com.google.protobuf.JavaFeaturesProto$JavaFeaturesOrBuilder                     : loaded 2 times (x 72B)
Class com.google.protobuf.DescriptorProtos$EnumDescriptorProto$EnumReservedRangeOrBuilder: loaded 2 times (x 72B)
Class com.google.protobuf.Internal$IntListAdapter$IntConverter                        : loaded 2 times (x 72B)
Class com.google.protobuf.DescriptorProtos$FeatureSet                                 : loaded 2 times (x 237B)
Class com.google.protobuf.DescriptorProtos$OneofDescriptorProto                       : loaded 2 times (x 199B)
Class com.google.protobuf.IntArrayList                                                : loaded 2 times (x 264B)
Class com.android.tools.utp.plugins.host.logcat.proto.AndroidTestLogcatConfigProto    : loaded 2 times (x 73B)
Class com.google.testing.platform.proto.api.config.ShardingConfigProto$ShardingConfig : loaded 2 times (x 195B)
Class com.google.testing.platform.core.telemetry.common.noop.NoopEventRecord          : loaded 2 times (x 78B)
Class kotlinx.coroutines.EventLoop_commonKt                                           : loaded 2 times (x 73B)
Class com.google.testing.platform.main.inject.DaggerMainComponent$MainComponentImpl   : loaded 2 times (x 77B)
Class com.google.testing.platform.core.net.PortPickerLoader                           : loaded 2 times (x 74B)
Class com.google.testing.platform.extension.ExtensionLoaderUtilKt                     : loaded 2 times (x 73B)
Class kotlinx.coroutines.flow.FlowCollector                                           : loaded 2 times (x 72B)
Class com.google.testing.platform.lib.extension.ExtensionLoader                       : loaded 2 times (x 74B)
Class [Lkotlin.reflect.jvm.internal.impl.serialization.deserialization.AnnotatedCallableKind;: loaded 2 times (x 71B)
Class com.google.testing.platform.core.event.MutableEvents$DefaultImpls               : loaded 2 times (x 73B)
Class kotlin.reflect.jvm.internal.impl.resolve.scopes.ResolutionScope$DefaultImpls    : loaded 2 times (x 73B)
Class kotlin.reflect.jvm.internal.impl.metadata.ProtoBuf$Type$ArgumentOrBuilder       : loaded 2 times (x 72B)
Class kotlin.reflect.jvm.internal.impl.builtins.functions.BuiltInFictitiousFunctionClassFactory: loaded 2 times (x 79B)
Class kotlin.reflect.jvm.internal.impl.metadata.ProtoBuf$AnnotationOrBuilder          : loaded 2 times (x 72B)
Class kotlin.reflect.jvm.internal.impl.protobuf.GeneratedMessageLite$GeneratedExtension: loaded 2 times (x 80B)
Class kotlin.reflect.jvm.internal.impl.load.kotlin.DeserializationComponentsForJava   : loaded 2 times (x 74B)
Class [Lkotlin.DeprecationLevel;                                                      : loaded 2 times (x 71B)
Class Settings_gradle                                                                 : loaded 2 times (x 126B)
Class org.gradle.internal.Cast                                                        : loaded 2 times (x 73B)
Class org.gradle.api.Action                                                           : loaded 2 times (x 72B)
Class com.google.testing.platform.result.ProtoLogWriterException                      : loaded 2 times (x 84B)
Class com.google.testing.platform.plugin.TrivialPluginGraph                           : loaded 2 times (x 78B)
Class com.google.testing.platform.lib.cancellation.PluginCancellationDelegate         : loaded 2 times (x 79B)
Class com.google.testing.platform.server.inject.ServerStrategyModule_ProvidesServerStrategyFactory: loaded 2 times (x 79B)
Class com.google.common.collect.ListMultimap                                          : loaded 2 times (x 72B)
Class com.google.common.collect.CollectSpliterators$1WithCharacteristics              : loaded 2 times (x 92B)
Class org.apache.commons.io.output.StringBuilderWriter                                : loaded 2 times (x 102B)
Class com.google.protobuf.MapEntryLite$1                                              : loaded 2 times (x 73B)
Class com.google.testing.platform.api.config.DefaultConfigBase$androidSdk$2           : loaded 2 times (x 81B)
Class [Lorg.apache.commons.io.StandardLineSeparator;                                  : loaded 2 times (x 71B)
Class com.google.common.collect.ImmutableRangeSet                                     : loaded 2 times (x 117B)
Class kotlin.coroutines.ContinuationInterceptor                                       : loaded 2 times (x 72B)
Class kotlin.reflect.jvm.internal.impl.load.java.typeEnhancement.JavaTypeEnhancement  : loaded 2 times (x 74B)
Class com.google.testing.platform.proto.api.core.LabelProto                           : loaded 2 times (x 73B)
Class com.google.testing.platform.proto.api.core.LabelProto$LabelOrBuilder            : loaded 2 times (x 72B)
Class com.google.protobuf.DescriptorProtos$EnumDescriptorProto$EnumReservedRange$Builder: loaded 2 times (x 299B)
Class kotlin.reflect.jvm.internal.impl.serialization.deserialization.ContractDeserializer$Companion$DEFAULT$1: loaded 2 times (x 76B)
Class kotlin.reflect.jvm.internal.impl.name.ClassId$Companion                         : loaded 2 times (x 73B)
Class kotlin.reflect.jvm.internal.impl.descriptors.Visibility                         : loaded 2 times (x 77B)
Class kotlin.reflect.jvm.internal.impl.metadata.jvm.JvmProtoBuf$JvmFieldSignature$1   : loaded 2 times (x 89B)
Class kotlin.reflect.jvm.internal.impl.load.java.lazy.descriptors.LazyJavaStaticClassScope: loaded 2 times (x 106B)
Class kotlin.reflect.jvm.internal.impl.protobuf.Utf8                                  : loaded 2 times (x 73B)
Class kotlin.reflect.jvm.internal.impl.metadata.builtins.BuiltInsBinaryVersion        : loaded 2 times (x 74B)
Class kotlin.reflect.jvm.internal.impl.load.java.lazy.descriptors.LazyJavaPackageScope$KotlinClassLookupResult$Found: loaded 2 times (x 74B)
Class kotlin.reflect.jvm.internal.impl.metadata.ProtoBuf$MemberKind                   : loaded 2 times (x 84B)
Class [Lkotlin.reflect.jvm.internal.impl.serialization.deserialization.descriptors.DeserializedContainerAbiStability;: loaded 2 times (x 71B)
Class kotlin.reflect.jvm.internal.impl.load.java.JvmAnnotationNames                   : loaded 2 times (x 73B)
Class kotlin.reflect.jvm.internal.impl.protobuf.SmallSortedMap$1                      : loaded 2 times (x 130B)
Class kotlin.reflect.jvm.internal.impl.resolve.descriptorUtil.DescriptorUtilsKt       : loaded 2 times (x 73B)
Class kotlin.reflect.jvm.internal.impl.renderer.ClassifierNamePolicy$FULLY_QUALIFIED  : loaded 2 times (x 76B)
Class kotlin.reflect.jvm.internal.impl.builtins.jvm.JvmBuiltInClassDescriptorFactory$Companion: loaded 2 times (x 73B)
Class kotlin.coroutines.AbstractCoroutineContextKey                                   : loaded 2 times (x 74B)
Class com.google.common.collect.HashBiMap                                             : loaded 2 times (x 144B)
Class com.google.common.collect.MapMakerInternalMap                                   : loaded 2 times (x 162B)
Class org.objectweb.asm.Handler                                                       : loaded 2 times (x 74B)
Class com.google.testing.platform.executor.inject.PluginsModule_PluginProvidersFactory: loaded 2 times (x 79B)
Class com.google.testing.platform.executor.inject.ExecutorRequisitesModule_TestDriverProvidersFactory: loaded 2 times (x 79B)
Class com.google.testing.platform.server.inject.ConfigModule                          : loaded 2 times (x 73B)
Class com.google.testing.platform.main.inject.DaggerMainComponent                     : loaded 2 times (x 73B)
Class kotlinx.coroutines.sync.MutexImpl$onSelectCancellationUnlockConstructor$1       : loaded 2 times (x 81B)
Class kotlinx.coroutines.DeferredCoroutine                                            : loaded 2 times (x 154B)
Class [Lcom.google.protobuf.WireFormat$Utf8Validation;                                : loaded 2 times (x 71B)
Class com.google.testing.platform.api.plugin.HostPlugin                               : loaded 2 times (x 72B)
Class com.google.testing.platform.proto.api.service.ServerConfigProto$ServerConfig$Builder: loaded 2 times (x 305B)
Class kotlin.reflect.jvm.internal.impl.load.kotlin.header.ReadKotlinClassHeaderAnnotationVisitor$KotlinMetadataArgumentVisitor$2: loaded 2 times (x 87B)
Class com.google.protobuf.DescriptorProtos$FeatureSet$JsonFormat$1                    : loaded 2 times (x 78B)
Class com.google.protobuf.JavaFeaturesProto$JavaFeatures                              : loaded 2 times (x 197B)
Class com.google.protobuf.DescriptorProtos$DescriptorProto$ExtensionRange$1           : loaded 2 times (x 153B)
Class com.google.protobuf.WireFormat$JavaType                                         : loaded 2 times (x 81B)
Class kotlin.reflect.jvm.internal.impl.metadata.jvm.JvmProtoBuf$StringTableTypes$Record$Operation: loaded 2 times (x 84B)
Class com.google.testing.platform.core.telemetry.proto.DiagnosticsProto$Diagnostics   : loaded 2 times (x 199B)
Class com.google.protobuf.FieldInfo                                                   : loaded 2 times (x 77B)
Class com.google.testing.platform.proto.api.config.RunnerConfigProto$RunnerConfig     : loaded 2 times (x 233B)
Class kotlin.reflect.jvm.internal.impl.load.java.typeEnhancement.TypeComponentPosition: loaded 2 times (x 81B)
Class androidx.room.Database                                                          : loaded 2 times (x 72B)
Class kotlin.reflect.jvm.internal.KClassImpl$Data$$Lambda$10                          : loaded 2 times (x 78B)
Class kotlin.reflect.jvm.internal.KDeclarationContainerImpl$Data$$Lambda$0            : loaded 2 times (x 78B)
Class ijKotlinCoroutineJvmDebugInit1_bf26m6wsbq34sy7gagnze1zfk                        : loaded 2 times (x 173B)
Class kotlinx.coroutines.flow.FlowKt__ShareKt                                         : loaded 2 times (x 73B)
Class org.jetbrains.kotlin.incremental.IncrementalCompilationFeatures                 : loaded 2 times (x 73B)
Class org.jetbrains.kotlin.incremental.ClasspathChanges$ClasspathSnapshotEnabled$IncrementalRun$ToBeComputedByIncrementalCompiler: loaded 2 times (x 75B)
Class kotlin.concurrent.ThreadsKt$thread$thread$1                                     : loaded 2 times (x 114B)
Class kotlin.reflect.jvm.internal.impl.load.java.JavaDescriptorVisibilities           : loaded 2 times (x 73B)
Class kotlin.reflect.jvm.internal.impl.name.FqNameUnsafe$1                            : loaded 2 times (x 76B)
Class kotlin.reflect.jvm.internal.impl.types.KotlinTypeKt                             : loaded 2 times (x 73B)
Class kotlin.reflect.jvm.internal.impl.load.java.lazy.descriptors.LazyJavaPackageScope$KotlinClassLookupResult$SyntheticClass: loaded 2 times (x 73B)
Class kotlin.reflect.jvm.internal.impl.descriptors.VariableDescriptorWithAccessors    : loaded 2 times (x 72B)
Class kotlin.reflect.jvm.internal.impl.resolve.constants.ULongValue                   : loaded 2 times (x 76B)
Class kotlin.reflect.jvm.internal.impl.resolve.constants.UByteValue                   : loaded 2 times (x 76B)
Class kotlin.reflect.jvm.internal.impl.load.kotlin.BinaryClassAnnotationAndConstantLoaderImpl: loaded 2 times (x 101B)
Class kotlin.KotlinNothingValueException                                              : loaded 2 times (x 84B)
Class com.google.devtools.ksp.processing.KSPConfig                                    : loaded 2 times (x 74B)
Class com.google.common.collect.ImmutableSortedSet$Builder                            : loaded 2 times (x 87B)
Class com.google.common.cache.RemovalCause$1                                          : loaded 2 times (x 82B)
Class [Lcom.google.common.cache.LocalCache$Segment;                                   : loaded 2 times (x 71B)
Class [Lcom.google.common.cache.LocalCache$Strength;                                  : loaded 2 times (x 71B)
Class com.google.common.cache.CacheBuilder$1                                          : loaded 2 times (x 87B)
Class org.gradle.internal.classpath.DefaultClassPath$ImmutableUniqueList$Builder      : loaded 2 times (x 77B)
Class [Lcom.google.protobuf.MessageOrBuilder;                                         : loaded 2 times (x 71B)
Class com.android.tools.utp.plugins.host.apkinstaller.proto.AndroidApkInstallerConfigProto$InstallableApk$InstallOption$ForceCompilation: loaded 2 times (x 89B)
Class kotlinx.coroutines.scheduling.UnlimitedIoScheduler                              : loaded 2 times (x 101B)
Class com.google.testing.platform.core.telemetry.common.noop.NoopDiagnosticsScope     : loaded 2 times (x 79B)
Class com.google.testing.platform.proto.api.service.ServicePluginProto$ServicePluginOrBuilder: loaded 2 times (x 72B)
Class com.android.tools.utp.gradle.UtpRunner$Companion                                : loaded 2 times (x 73B)
Class com.google.testing.platform.proto.api.core.PathProto$Path                       : loaded 2 times (x 195B)
Class com.google.protobuf.MessageReflection$ExtensionBuilderAdapter                   : loaded 2 times (x 120B)
Class com.google.protobuf.FieldSet$Builder                                            : loaded 2 times (x 74B)
Class kotlinx.coroutines.internal.LimitedDispatcher                                   : loaded 2 times (x 106B)
Class kotlinx.coroutines.JobSupport$addLastAtomic$$inlined$addLastIf$1                : loaded 2 times (x 79B)
Class kotlin.reflect.jvm.internal.KClassImpl$Data$$Lambda$11                          : loaded 2 times (x 78B)
Class [Lkotlinx.coroutines.internal.ThreadSafeHeapNode;                               : loaded 2 times (x 71B)
Class com.google.testing.platform.proto.api.core.TestCaseProto$TestCase               : loaded 2 times (x 218B)
Class com.google.testing.platform.lib.coroutines.NamedThreadFactory                   : loaded 2 times (x 77B)
Class kotlin.reflect.jvm.internal.impl.metadata.jvm.JvmProtoBuf$JvmPropertySignatureOrBuilder: loaded 2 times (x 72B)
Class kotlin.reflect.jvm.internal.impl.descriptors.ValueDescriptor                    : loaded 2 times (x 72B)
Class kotlin.reflect.jvm.internal.impl.renderer.DescriptorRendererOptionsImpl$property$$inlined$vetoable$1: loaded 2 times (x 85B)
Class com.google.common.collect.AbstractRangeSet                                      : loaded 2 times (x 116B)
Class com.google.common.cache.RemovalCause$2                                          : loaded 2 times (x 82B)
Class com.google.common.collect.MapMakerInternalMap$WeakValueReference                : loaded 2 times (x 72B)
Class com.google.common.collect.LinkedListMultimap$ValueForKeyIterator                : loaded 2 times (x 101B)
Class com.google.gson.stream.JsonToken                                                : loaded 2 times (x 81B)
Class com.google.common.cache.LocalCache                                              : loaded 2 times (x 188B)
Class com.google.common.cache.CacheBuilder$2                                          : loaded 2 times (x 81B)
Class com.google.testing.platform.lib.process.inject.SubprocessModule                 : loaded 2 times (x 73B)
Class com.google.testing.platform.config.ConfigurationException                       : loaded 2 times (x 84B)
Class com.google.testing.platform.proto.api.core.PlatformErrorProto                   : loaded 2 times (x 73B)
Class com.google.testing.platform.result.inject.ListenerModule_TestSuiteCreatorFactoryFactory: loaded 2 times (x 79B)
Class com.google.testing.platform.proto.api.core.PhaseProto$TestPhase$1               : loaded 2 times (x 78B)
Class kotlinx.coroutines.EventLoopImplBase                                            : loaded 2 times (x 118B)
Class com.google.testing.platform.proto.api.service.ServerConfigProto$ServerConfig$1  : loaded 2 times (x 153B)
Class com.google.common.collect.Ordering                                              : loaded 2 times (x 116B)
Class com.google.protobuf.MapField$MutabilityAwareMap$MutabilityAwareSet              : loaded 2 times (x 138B)
Class com.google.testing.platform.proto.api.config.InstrumentationProto$InstrumentationFilterOrBuilder: loaded 2 times (x 72B)
Class com.google.testing.platform.proto.api.config.AdbTimeoutProto$AdbTimeoutOrBuilder: loaded 2 times (x 72B)
Class com.google.protobuf.GeneratedMessage$FieldAccessorTable$SingularEnumFieldAccessor: loaded 2 times (x 108B)
Class com.google.protobuf.DescriptorProtos$MessageOptions$1                           : loaded 2 times (x 153B)
Class com.google.protobuf.DescriptorProtos$UninterpretedOptionOrBuilder               : loaded 2 times (x 72B)
Class com.google.protobuf.DescriptorProtos$DescriptorProto$ReservedRange              : loaded 2 times (x 197B)
Class kotlin.sequences.SequencesKt___SequencesKt$flatMap$2                            : loaded 2 times (x 131B)
Class [Landroidx.room.processor.Context$BooleanProcessorOptions;                      : loaded 2 times (x 71B)
Class org.jetbrains.org.objectweb.asm.ClassReader                                     : loaded 2 times (x 94B)
Class kotlin.reflect.jvm.internal.impl.load.kotlin.JavaFlexibleTypeDeserializer       : loaded 2 times (x 76B)
Class kotlin.reflect.jvm.internal.KClassImpl$Data$$Lambda$12                          : loaded 2 times (x 78B)
Class [Lkotlin.reflect.jvm.internal.impl.protobuf.WireFormat$FieldType;               : loaded 2 times (x 71B)
Class kotlin.reflect.jvm.internal.impl.metadata.ProtoBuf$Function$1                   : loaded 2 times (x 89B)
Class kotlin.reflect.jvm.internal.impl.metadata.ProtoBuf$EnumEntry                    : loaded 2 times (x 103B)
Class kotlin.reflect.jvm.internal.impl.descriptors.runtime.structure.ReflectJavaClassifierType: loaded 2 times (x 94B)
Class kotlin.reflect.jvm.internal.impl.load.java.structure.JavaElement                : loaded 2 times (x 72B)
Class org.jetbrains.kotlin.cli.common.arguments.K2JVMCompilerArguments                : loaded 2 times (x 77B)
Class kotlin.reflect.jvm.internal.impl.serialization.deserialization.descriptors.DeserializedClassDescriptor: loaded 2 times (x 178B)
Class kotlin.reflect.jvm.internal.impl.load.kotlin.KotlinJvmBinaryClass$AnnotationArrayArgumentVisitor: loaded 2 times (x 72B)
Class kotlin.reflect.jvm.internal.impl.load.java.structure.JavaAnnotationOwner        : loaded 2 times (x 72B)
Class [Lkotlin.reflect.jvm.internal.impl.protobuf.WireFormat$JavaType;                : loaded 2 times (x 71B)
Class kotlin.reflect.jvm.internal.impl.types.model.TypeArgumentMarker                 : loaded 2 times (x 72B)
Class kotlin.reflect.jvm.internal.impl.renderer.RenderingFormat$HTML                  : loaded 2 times (x 82B)
Class kotlin.reflect.jvm.internal.impl.descriptors.DeclarationDescriptorWithVisibility: loaded 2 times (x 72B)
Class kotlin.reflect.jvm.internal.impl.load.kotlin.header.ReadKotlinClassHeaderAnnotationVisitor$KotlinMetadataArgumentVisitor$1: loaded 2 times (x 87B)
Class kotlin.reflect.jvm.internal.impl.storage.EmptySimpleLock                        : loaded 2 times (x 77B)
Class com.google.common.cache.RemovalCause$3                                          : loaded 2 times (x 82B)
Class com.google.common.collect.ArrayListMultimap                                     : loaded 2 times (x 173B)
Class com.google.common.cache.CacheBuilder$3                                          : loaded 2 times (x 74B)
Class org.gradle.api.GradleException                                                  : loaded 2 times (x 84B)
Class com.google.testing.platform.plugin.PluginLifecycle$onAfterAll$1$1$pluginSequence$1: loaded 2 times (x 80B)
Class com.google.testing.platform.plugin.PluginProviderProxy                          : loaded 2 times (x 77B)
Class com.google.testing.platform.core.net.inject.PortPickerComponent                 : loaded 2 times (x 72B)
Class com.google.testing.platform.executor.inject.PluginsModule_PluginLifecyclesFactory: loaded 2 times (x 79B)
Class com.google.testing.platform.inject.RunnerComponent$Builder                      : loaded 2 times (x 72B)
Class com.google.testing.platform.server.inject.CoreServicesModule                    : loaded 2 times (x 73B)
Class [Lkotlin.reflect.jvm.internal.impl.types.model.TypeParameterMarker;             : loaded 2 times (x 71B)
Class com.google.testing.platform.proto.api.core.TestStatusProto$TestStatus           : loaded 2 times (x 89B)
Class [Lcom.google.testing.platform.core.error.ErrorType;                             : loaded 2 times (x 71B)
Class com.google.testing.platform.proto.api.config.ExecutionProto$DeviceExecution$1   : loaded 2 times (x 153B)
Class com.google.testing.platform.plugin.android.proto.AndroidDevicePluginProto$InstallableApk$InstallOption: loaded 2 times (x 196B)
Class com.google.protobuf.GeneratedMessage$FieldAccessorTable$SingularFieldAccessor   : loaded 2 times (x 108B)
Class com.google.protobuf.DescriptorProtos$DescriptorProto$ExtensionRange             : loaded 2 times (x 200B)
Class [Lcom.google.protobuf.Descriptors$FileDescriptor;                               : loaded 2 times (x 71B)
Class com.android.tools.utp.plugins.deviceprovider.ddmlib.proto.AndroidDeviceProviderDdmlibConfigProto$DdmlibAndroidDeviceProviderConfig$1: loaded 2 times (x 153B)
Class com.google.testing.platform.proto.api.config.DeviceProto$Device$Builder         : loaded 2 times (x 302B)
Class kotlin.reflect.jvm.internal.KProperty1Impl                                      : loaded 2 times (x 130B)
Class com.google.protobuf.Descriptors$EnumDescriptor                                  : loaded 2 times (x 86B)
Class kotlin.reflect.jvm.internal.KClassImpl$Data$$Lambda$13                          : loaded 2 times (x 78B)
Class [Lcom.google.protobuf.Descriptors$OneofDescriptor;                              : loaded 2 times (x 71B)
Class com.google.protobuf.DescriptorProtos$DescriptorProto$ExtensionRange$Builder     : loaded 2 times (x 302B)
Class com.google.testing.platform.proto.api.core.ExtensionProto$Extension$Builder     : loaded 2 times (x 313B)
Class kotlin.reflect.jvm.internal.impl.types.TypeConstructorSubstitution$Companion    : loaded 2 times (x 73B)
Class kotlin.reflect.jvm.internal.impl.load.java.structure.JavaNamedElement           : loaded 2 times (x 72B)
Class kotlin.reflect.jvm.internal.impl.metadata.ProtoBuf$Annotation$Builder           : loaded 2 times (x 93B)
Class kotlin.reflect.jvm.internal.impl.metadata.ProtoBuf$PackageFragmentOrBuilder     : loaded 2 times (x 72B)
Class kotlin.reflect.jvm.internal.impl.descriptors.ScopesHolderForClass$Companion     : loaded 2 times (x 73B)
Class [Lkotlin.reflect.jvm.internal.impl.metadata.ProtoBuf$TypeParameter$Variance;    : loaded 2 times (x 71B)
Class kotlin.reflect.jvm.internal.impl.types.checker.KotlinTypeRefiner                : loaded 2 times (x 81B)
Class kotlin.reflect.jvm.internal.impl.descriptors.DeclarationDescriptorWithSource    : loaded 2 times (x 72B)
Class org.jetbrains.org.objectweb.asm.SymbolTable$Entry                               : loaded 2 times (x 75B)
Class jdk.internal.jimage.ImageStrings                                                : loaded 2 times (x 72B)
Class org.apache.commons.io.StandardLineSeparator                                     : loaded 2 times (x 81B)
Class com.google.common.cache.RemovalCause$4                                          : loaded 2 times (x 82B)
Class com.google.common.base.Suppliers$MemoizingSupplier                              : loaded 2 times (x 81B)
Class com.google.testing.platform.plugin.PluginLifecycle$onConfigure$1$1$2$1          : loaded 2 times (x 81B)
Class com.google.testing.platform.core.event.MutableEvents                            : loaded 2 times (x 72B)
Class com.google.testing.platform.config.CommandLineArgs                              : loaded 2 times (x 74B)
Class com.google.testing.platform.main.MainKt$main$2                                  : loaded 2 times (x 77B)
Class com.google.testing.platform.proto.api.core.IssueProto$Issue$1                   : loaded 2 times (x 153B)
Class kotlinx.coroutines.InactiveNodeList                                             : loaded 2 times (x 78B)
Class kotlinx.coroutines.DefaultExecutorKt                                            : loaded 2 times (x 73B)
Class [Lcom.google.common.collect.AbstractIterator$State;                             : loaded 2 times (x 71B)
Class com.google.common.collect.ReverseNaturalOrdering                                : loaded 2 times (x 116B)
Class com.google.testing.platform.proto.api.core.TestArtifactProto$Artifact$Builder   : loaded 2 times (x 313B)
Class com.google.protobuf.GeneratedMessageLite                                        : loaded 2 times (x 124B)
Class [Lcom.google.protobuf.DescriptorProtos$FieldOptions$OptionTargetType;           : loaded 2 times (x 71B)
Class org.apache.commons.io.file.PathUtils                                            : loaded 2 times (x 73B)
Class com.google.protobuf.GeneratedMessage$ExtensionDescriptorRetriever               : loaded 2 times (x 72B)
Class [Landroidx.room.compiler.processing.XProcessingEnv$Platform;                    : loaded 2 times (x 71B)
Class com.google.common.io.ByteSource$ConcatenatedByteSource                          : loaded 2 times (x 87B)
Class kotlin.reflect.jvm.internal.KClassImpl$Data$$Lambda$14                          : loaded 2 times (x 78B)
Class kotlin.jvm.internal.FloatCompanionObject                                        : loaded 2 times (x 73B)
Class kotlin.sequences.SequencesKt___SequencesKt$flatMap$1                            : loaded 2 times (x 131B)
Class org.jetbrains.org.objectweb.asm.ClassVisitor                                    : loaded 2 times (x 90B)
Class kotlin.reflect.jvm.internal.impl.descriptors.impl.PropertyDescriptorImpl$CopyConfiguration: loaded 2 times (x 84B)
Class [Lkotlin.reflect.jvm.internal.impl.load.java.typeEnhancement.NullabilityQualifier;: loaded 2 times (x 71B)
Class kotlin.reflect.jvm.internal.impl.descriptors.runtime.structure.ReflectJavaAnnotationOwnerKt: loaded 2 times (x 73B)
Class kotlin.reflect.jvm.internal.impl.types.TypeSubstitutor$SubstitutionException    : loaded 2 times (x 84B)
Class kotlin.reflect.jvm.internal.impl.load.java.lazy.descriptors.LazyJavaClassDescriptor: loaded 2 times (x 179B)
Class kotlin.reflect.jvm.internal.impl.metadata.ProtoBuf$StringTableOrBuilder         : loaded 2 times (x 72B)
Class kotlin.reflect.jvm.internal.impl.serialization.deserialization.DeserializationContext: loaded 2 times (x 74B)
Class kotlin.reflect.jvm.internal.impl.metadata.ProtoBuf$Type$Argument                : loaded 2 times (x 98B)
Class kotlin.reflect.jvm.internal.impl.load.java.lazy.LazyJavaAnnotationsKt           : loaded 2 times (x 73B)
Class kotlin.reflect.jvm.internal.impl.resolve.ResolutionAnchorProviderKt             : loaded 2 times (x 73B)
Class kotlin.reflect.jvm.internal.impl.protobuf.ByteString$Output                     : loaded 2 times (x 88B)
Class kotlin.reflect.jvm.internal.impl.descriptors.Visibilities$Private               : loaded 2 times (x 77B)
Class kotlin.reflect.jvm.internal.impl.renderer.ClassifierNamePolicy                  : loaded 2 times (x 72B)
Class kotlin.reflect.jvm.internal.impl.load.java.JavaNullabilityAnnotationsStatus$Companion: loaded 2 times (x 73B)
Class kotlin.reflect.jvm.internal.impl.types.model.TypeArgumentListMarker             : loaded 2 times (x 72B)
Class kotlin.reflect.jvm.internal.impl.storage.NullableLazyValue                      : loaded 2 times (x 72B)
Class kotlin.reflect.jvm.internal.impl.builtins.jvm.JvmBuiltIns$Kind                  : loaded 2 times (x 81B)
Class com.google.common.collect.Maps$AbstractFilteredMap                              : loaded 2 times (x 129B)
Class com.google.common.cache.RemovalCause$5                                          : loaded 2 times (x 82B)
Class [Lcom.google.common.collect.MapMakerInternalMap$Strength;                       : loaded 2 times (x 71B)
Class [Lcom.google.common.io.FileWriteMode;                                           : loaded 2 times (x 71B)
Class kotlin.reflect.jvm.internal.impl.types.checker.KotlinTypeChecker$TypeConstructorEquality: loaded 2 times (x 72B)
Class com.google.testing.platform.driver.TestCoordinators$PrimaryTestCoordinator      : loaded 2 times (x 77B)
Class com.google.testing.platform.core.net.inject.DaggerPortPickerComponent           : loaded 2 times (x 73B)
Class com.google.testing.platform.server.inject.CoreServicesModule_ProvidesRunnerServiceFactory: loaded 2 times (x 79B)
Class io.grpc.stub.StreamObserver                                                     : loaded 2 times (x 72B)
Class kotlin.reflect.jvm.internal.impl.types.TypeSubstitution$Companion$EMPTY$1       : loaded 2 times (x 79B)
Class com.google.common.util.concurrent.ThreadFactoryBuilder$1                        : loaded 2 times (x 78B)
Class [Lcom.android.sdklib.AndroidVersion$ApiBaseExtension;                           : loaded 2 times (x 71B)
Class com.google.testing.platform.api.device.CommandResult$byteOutput$2               : loaded 2 times (x 81B)
Class kotlinx.coroutines.EventLoopImplBase$DelayedTask                                : loaded 2 times (x 96B)
Class [Lkotlin.reflect.jvm.internal.impl.renderer.DescriptorRendererModifier;         : loaded 2 times (x 71B)
Class dagger.internal.Preconditions                                                   : loaded 2 times (x 73B)
Class com.android.tools.utp.gradle.UtpRunner                                          : loaded 2 times (x 74B)
Class com.google.testing.platform.proto.api.config.InstrumentationProto$InstrumentationArgsOrBuilder: loaded 2 times (x 72B)
Class com.google.protobuf.DescriptorProtos$FeatureSet$MessageEncoding$1               : loaded 2 times (x 78B)
Class com.google.protobuf.JavaFeaturesProto$JavaFeatures$1                            : loaded 2 times (x 153B)
Class com.google.protobuf.DescriptorProtos$EnumOptions                                : loaded 2 times (x 239B)
Class kotlin.reflect.jvm.internal.impl.types.TypeUtils                                : loaded 2 times (x 73B)
Class kotlin.reflect.jvm.internal.impl.types.TypeProjection                           : loaded 2 times (x 72B)
Class [Lkotlin.reflect.jvm.internal.impl.descriptors.annotations.Annotated;           : loaded 2 times (x 71B)
Class kotlin.reflect.jvm.internal.impl.name.CallableId                                : loaded 2 times (x 74B)
Class kotlin.reflect.jvm.internal.impl.descriptors.runtime.structure.Java16SealedRecordLoader: loaded 2 times (x 73B)
Class kotlin.reflect.jvm.internal.KClassImpl$Data$$Lambda$15                          : loaded 2 times (x 78B)
Class kotlin.reflect.jvm.internal.KPropertyImpl$Companion                             : loaded 2 times (x 73B)
Class org.jetbrains.kotlin.cli.jvm.compiler.KotlinCoreEnvironment$Companion           : loaded 2 times (x 73B)
Class kotlin.reflect.jvm.internal.impl.load.java.lazy.descriptors.ClassDeclaredMemberIndex: loaded 2 times (x 88B)
Class org.jetbrains.kotlin.cli.common.arguments.CommonCompilerArguments               : loaded 2 times (x 76B)
Class kotlin.reflect.jvm.internal.FunctionWithAllInvokes                              : loaded 2 times (x 72B)
Class kotlin.reflect.jvm.internal.impl.resolve.jvm.JavaDescriptorResolver             : loaded 2 times (x 74B)
Class kotlin.reflect.jvm.internal.impl.metadata.ProtoBuf$TypeTableOrBuilder           : loaded 2 times (x 72B)
Class kotlin.reflect.jvm.internal.impl.descriptors.DescriptorVisibilities$10          : loaded 2 times (x 76B)
Class [Lorg.jetbrains.org.objectweb.asm.Symbol;                                       : loaded 2 times (x 71B)
Class [Lkotlin.time.DurationUnit;                                                     : loaded 2 times (x 71B)
Class kotlin.sequences.SequencesKt___SequencesKt$asIterable$$inlined$Iterable$1       : loaded 2 times (x 81B)
Class com.google.common.collect.Iterables$4                                           : loaded 2 times (x 83B)
Class com.google.common.cache.LocalCache$WriteThroughEntry                            : loaded 2 times (x 81B)
Class com.google.common.cache.LocalCache$HashIterator                                 : loaded 2 times (x 88B)
Class com.google.common.collect.MapMakerInternalMap$StrongKeyDummyValueSegment        : loaded 2 times (x 143B)
Class com.google.common.io.Files                                                      : loaded 2 times (x 73B)
Class com.google.common.cache.LocalCache$EntryFactory                                 : loaded 2 times (x 85B)
Class com.google.testing.platform.plugin.PluginProviderProxy$plugins$2$1              : loaded 2 times (x 80B)
Class com.google.testing.platform.core.telemetry.inject.DiagnosticsModule_DiagnosticsFactory: loaded 2 times (x 79B)
Class com.google.testing.platform.server.inject.ServerComponent                       : loaded 2 times (x 72B)
Class com.google.protobuf.MessageInfo                                                 : loaded 2 times (x 72B)
Class com.google.testing.platform.core.telemetry.core.EventRecord                     : loaded 2 times (x 72B)
Class com.google.protobuf.Any$1                                                       : loaded 2 times (x 153B)
Class com.google.protobuf.MapField$MutabilityAwareMap                                 : loaded 2 times (x 124B)
Class [Lcom.google.protobuf.JavaFeaturesProto$JavaFeatures$Utf8Validation;            : loaded 2 times (x 71B)
Class com.google.protobuf.DescriptorProtos$FieldOptions$EditionDefault$Builder        : loaded 2 times (x 300B)
Class com.google.protobuf.FieldSet                                                    : loaded 2 times (x 74B)
Class com.google.testing.platform.proto.api.config.LocalAndroidDeviceProviderProto$LocalAndroidDeviceProvider: loaded 2 times (x 209B)
Class com.google.protobuf.Descriptors$FieldDescriptor$JavaType                        : loaded 2 times (x 81B)
Class com.google.protobuf.DescriptorProtos$FieldOptions$FeatureSupportOrBuilder       : loaded 2 times (x 72B)
Class com.google.protobuf.DescriptorProtos$FileOptions$OptimizeMode$1                 : loaded 2 times (x 78B)
Class com.google.testing.platform.proto.api.core.PathProto$PathOrBuilder              : loaded 2 times (x 72B)
Class com.android.tools.utp.plugins.host.logcat.proto.AndroidTestLogcatConfigProto$AndroidTestLogcatConfig: loaded 2 times (x 195B)
Class com.android.tools.utp.plugins.host.additionaltestoutput.proto.AndroidAdditionalTestOutputConfigProto$AndroidAdditionalTestOutputConfig: loaded 2 times (x 197B)
Class kotlin.reflect.jvm.internal.KClassImpl$Data$$Lambda$16                          : loaded 2 times (x 78B)
Class com.google.testing.platform.api.cancel.PluginCancellationContext                : loaded 2 times (x 72B)
Class com.google.testing.platform.proto.api.config.EnvironmentProto                   : loaded 2 times (x 73B)
Class [Lcom.google.protobuf.MessageLite;                                              : loaded 2 times (x 71B)
Class [Lkotlin.reflect.jvm.internal.impl.load.java.SpecialGenericSignatures$TypeSafeBarrierDescription;: loaded 2 times (x 71B)
Class org.jetbrains.kotlin.cli.common.arguments.CommonCompilerArgumentsConfigurator   : loaded 2 times (x 76B)
Class [Lcom.google.protobuf.TextFormat$Parser$SingularOverwritePolicy;                : loaded 2 times (x 71B)
Class kotlin.reflect.jvm.internal.impl.types.TypeSubstitution$replaceWithNonApproximating$1: loaded 2 times (x 80B)
Class kotlin.reflect.jvm.internal.impl.descriptors.DescriptorVisibilities$11          : loaded 2 times (x 76B)
Class kotlin.reflect.jvm.internal.impl.storage.LockBasedStorageManager$CacheWithNullableValuesBasedOnMemoizedFunction$1: loaded 2 times (x 78B)
Class kotlin.reflect.jvm.internal.impl.load.java.AnnotationTypeQualifierResolver      : loaded 2 times (x 74B)
Class kotlin.reflect.jvm.internal.impl.descriptors.DeclarationDescriptor              : loaded 2 times (x 72B)
Class kotlin.reflect.jvm.internal.impl.storage.LockBasedStorageManager                : loaded 2 times (x 97B)
Class [Lkotlin.annotation.AnnotationRetention;                                        : loaded 2 times (x 71B)
Class com.google.common.collect.NullsLastOrdering                                     : loaded 2 times (x 117B)
Class com.google.common.collect.Iterables$5                                           : loaded 2 times (x 83B)
Class com.google.common.reflect.Types$NativeTypeVariableEquals                        : loaded 2 times (x 73B)
Class com.google.common.reflect.TypeParameter                                         : loaded 2 times (x 74B)
Class [Lcom.google.common.collect.MapMaker$Dummy;                                     : loaded 2 times (x 71B)
Class com.google.common.base.CharMatcher$Whitespace                                   : loaded 2 times (x 114B)
Class com.google.common.cache.LocalCache$AbstractReferenceEntry                       : loaded 2 times (x 109B)
Class org.gradle.internal.IoActions                                                   : loaded 2 times (x 73B)
Class com.google.testing.platform.plugin.PluginProviderProxy$plugins$2$2              : loaded 2 times (x 80B)
Class com.google.testing.platform.plugin.PluginProviderProxy$Companion                : loaded 2 times (x 73B)
Class kotlinx.coroutines.sync.MutexImpl                                               : loaded 2 times (x 100B)
Class com.google.testing.platform.config.FileConfigProvider                           : loaded 2 times (x 82B)
Class com.google.testing.platform.result.TestResultListenerLoader$Companion           : loaded 2 times (x 73B)
Class [Lcom.google.testing.platform.proto.api.core.TestArtifactProto$ArtifactOrBuilder;: loaded 2 times (x 71B)
Class kotlinx.coroutines.scheduling.TaskContext                                       : loaded 2 times (x 72B)
Class [Lcom.google.testing.platform.proto.api.config.RunnerConfigProto$RunnerConfig$ExecutorCase;: loaded 2 times (x 71B)
Class com.google.testing.platform.proto.api.service.ServicePluginProto$ServicePlugin  : loaded 2 times (x 203B)
Class com.google.testing.platform.proto.api.config.ExecutorProto$SingleDeviceExecutor$Builder: loaded 2 times (x 301B)
Class com.google.protobuf.Descriptors$DescriptorValidationException                   : loaded 2 times (x 87B)
Class org.gradle.internal.classloader.DefaultClassLoaderFactory                       : loaded 2 times (x 84B)
Class com.google.common.base.Suppliers                                                : loaded 2 times (x 73B)
Class [Lcom.google.common.cache.CacheBuilder$OneWeigher;                              : loaded 2 times (x 71B)
Class [Lkotlin.reflect.jvm.internal.impl.name.ClassId;                                : loaded 2 times (x 71B)
Class org.objectweb.asm.MethodTooLargeException                                       : loaded 2 times (x 84B)
Class com.google.common.collect.MapMakerInternalMap$Strength                          : loaded 2 times (x 82B)
Class kotlin.reflect.jvm.internal.KClassImpl$Data$$Lambda$17                          : loaded 2 times (x 78B)
Class com.google.common.collect.MapMakerInternalMap$StrongKeyDummyValueEntry$LinkedStrongKeyDummyValueEntry: loaded 2 times (x 84B)
Class kotlin.reflect.jvm.internal.impl.serialization.deserialization.FlexibleTypeDeserializer: loaded 2 times (x 72B)
Class kotlin.reflect.jvm.internal.impl.descriptors.impl.AbstractClassDescriptor       : loaded 2 times (x 176B)
Class kotlin.reflect.jvm.internal.impl.protobuf.LiteralByteString                     : loaded 2 times (x 104B)
Class kotlin.reflect.jvm.internal.impl.descriptors.java.JavaVisibilities$PackageVisibility: loaded 2 times (x 77B)
Class kotlin.reflect.jvm.internal.impl.metadata.builtins.BuiltInsBinaryVersion$Companion: loaded 2 times (x 73B)
Class kotlin.reflect.jvm.internal.impl.load.java.lazy.descriptors.LazyJavaPackageScope$FindClassRequest: loaded 2 times (x 74B)
Class kotlin.reflect.jvm.internal.impl.resolve.scopes.LazyScopeAdapter                : loaded 2 times (x 96B)
Class kotlin.reflect.jvm.internal.impl.descriptors.DescriptorVisibilities$12          : loaded 2 times (x 76B)
Class kotlin.reflect.jvm.internal.impl.renderer.DescriptorRendererModifier$Companion  : loaded 2 times (x 73B)
Class kotlin.reflect.jvm.internal.impl.descriptors.SourceElement$1                    : loaded 2 times (x 76B)
Class kotlin.reflect.jvm.internal.impl.load.kotlin.DeserializationComponentsForJavaKt$makeLazyJavaPackageFragmentProvider$javaResolverComponents$1: loaded 2 times (x 76B)
Class kotlin.reflect.jvm.internal.impl.descriptors.annotations.Annotations$Companion  : loaded 2 times (x 73B)
Class org.jetbrains.org.objectweb.asm.Attribute                                       : loaded 2 times (x 77B)
Class org.jetbrains.org.objectweb.asm.Label                                           : loaded 2 times (x 74B)
Class org.jetbrains.kotlin.build.report.metrics.LOAD_CONTENTS_OF_CLASSES              : loaded 2 times (x 74B)
Class build_ek302ks9573q57t46z0itk6xk                                                 : loaded 2 times (x 174B)
Class com.google.common.collect.ImmutableRangeSet$ComplementRanges                    : loaded 2 times (x 209B)
Class com.google.common.collect.ImmutableMapKeySet                                    : loaded 2 times (x 154B)
Class org.objectweb.asm.SymbolTable                                                   : loaded 2 times (x 74B)
Class com.google.common.cache.CacheLoader$InvalidCacheLoadException                   : loaded 2 times (x 84B)
Class com.google.testing.platform.lib.process.inject.SubprocessComponent$Builder      : loaded 2 times (x 72B)
Class com.google.testing.platform.executor.DeviceProviderProxy$provideDevice$1        : loaded 2 times (x 81B)
Class com.google.testing.platform.core.result.TestSuiteCreatorFactory                 : loaded 2 times (x 72B)
Class com.google.testing.platform.plugin.PluginProviderProxy$plugins$2$3              : loaded 2 times (x 80B)
Class kotlin.reflect.jvm.internal.impl.metadata.ProtoBuf$Contract$1                   : loaded 2 times (x 89B)
Class com.google.testing.platform.api.config.ConfigExtKt                              : loaded 2 times (x 73B)
Class com.google.testing.platform.api.provider.DeviceProviderConfigImpl               : loaded 2 times (x 83B)
Class kotlin.reflect.jvm.internal.impl.metadata.ProtoBuf$PropertyOrBuilder            : loaded 2 times (x 72B)
Class com.google.testing.platform.proto.api.config.EnvironmentProto$AndroidEnvironment$Builder: loaded 2 times (x 311B)
Class com.google.protobuf.DescriptorProtos$FieldOptions$EditionDefault$1              : loaded 2 times (x 153B)
Class [Lcom.google.protobuf.Descriptors$GenericDescriptor;                            : loaded 2 times (x 71B)
Class com.google.testing.platform.proto.api.config.AdbConfigProto$AdbConfig           : loaded 2 times (x 199B)
Class com.google.testing.platform.proto.api.config.RunnerConfigProto$Services         : loaded 2 times (x 196B)
Class com.google.protobuf.DescriptorMessageInfoFactory$IsInitializedCheckAnalyzer     : loaded 2 times (x 75B)
Class kotlin.reflect.jvm.internal.impl.builtins.jvm.JvmBuiltInsPackageFragmentProvider: loaded 2 times (x 87B)
Class kotlin.reflect.jvm.internal.impl.load.kotlin.KotlinClassFinder$Result           : loaded 2 times (x 73B)
Class kotlin.reflect.jvm.internal.impl.resolve.OverridingUtil$8                       : loaded 2 times (x 73B)
Class kotlin.reflect.jvm.internal.impl.resolve.OverridingUtilTypeSystemContext        : loaded 2 times (x 171B)
Class kotlinx.coroutines.flow.ReadonlySharedFlow                                      : loaded 2 times (x 86B)
Class org.jetbrains.org.objectweb.asm.Frame                                           : loaded 2 times (x 75B)
Class org.jetbrains.kotlin.build.report.metrics.SNAPSHOT_KOTLIN_CLASSES               : loaded 2 times (x 74B)
Class org.jetbrains.kotlin.cli.common.ExitCode                                        : loaded 2 times (x 81B)
Class kotlin.text.MatcherMatchResult$groups$1                                         : loaded 2 times (x 153B)
Class org.jetbrains.kotlin.compilerRunner.ArgumentsToStrings                          : loaded 2 times (x 73B)
Class com.google.protobuf.DescriptorProtos$FieldDescriptorProto$Type$1                : loaded 2 times (x 78B)
Class kotlin.reflect.jvm.internal.impl.types.DisjointKeysUnionTypeSubstitution$Companion: loaded 2 times (x 73B)
Class kotlin.reflect.jvm.internal.impl.load.java.lazy.descriptors.LazyJavaClassDescriptor$Companion: loaded 2 times (x 73B)
Class com.google.protobuf.DescriptorProtos$FeatureSetDefaults                         : loaded 2 times (x 202B)
Class kotlin.reflect.jvm.internal.impl.descriptors.impl.ClassConstructorDescriptorImpl: loaded 2 times (x 217B)
Class kotlin.reflect.jvm.internal.impl.resolve.scopes.MemberScopeImpl                 : loaded 2 times (x 94B)
Class kotlin.reflect.jvm.internal.impl.resolve.constants.UShortValue                  : loaded 2 times (x 76B)
Class kotlin.reflect.jvm.internal.impl.types.checker.KotlinTypeRefiner$Default        : loaded 2 times (x 81B)
Class com.google.testing.platform.proto.api.config.AdbTimeoutProto$AdbTimeout         : loaded 2 times (x 195B)
Class org.jetbrains.kotlin.build.report.metrics.SNAPSHOT_CLASSES                      : loaded 2 times (x 74B)
Class kotlin.jvm.internal.PropertyReference0Impl                                      : loaded 2 times (x 149B)
Class kotlin.coroutines.intrinsics.IntrinsicsKt                                       : loaded 2 times (x 73B)
Class kotlin.coroutines.CoroutineContext$DefaultImpls                                 : loaded 2 times (x 73B)
Class com.google.common.collect.FluentIterable                                        : loaded 2 times (x 83B)
Class com.google.common.cache.LocalCache$StrongEntry                                  : loaded 2 times (x 110B)
Class com.google.common.cache.LoadingCache                                            : loaded 2 times (x 72B)
Class com.google.testing.platform.result.TestResultListenerLoader                     : loaded 2 times (x 74B)
Class com.google.testing.platform.service.manager.RunnerManagerImpl                   : loaded 2 times (x 81B)
Class com.google.testing.platform.server.inject.ServerModule                          : loaded 2 times (x 73B)
Class com.google.testing.platform.config.ConfigProvider                               : loaded 2 times (x 72B)
Class com.google.testing.platform.proto.api.core.TestCaseProto                        : loaded 2 times (x 73B)
Class com.google.testing.platform.proto.api.config.EnvironmentProto$Environment       : loaded 2 times (x 206B)
Class com.google.testing.platform.api.config.Setup$Creator                            : loaded 2 times (x 73B)
Class com.google.testing.platform.proto.api.config.ErrorConfigProto$ErrorConfig$1     : loaded 2 times (x 153B)
Class com.google.testing.platform.proto.api.core.OptionalProto$OptionalBool           : loaded 2 times (x 194B)
Class com.google.testing.platform.proto.api.core.TestResultProto$TestResult           : loaded 2 times (x 211B)
Class com.google.testing.platform.proto.api.config.RunnerConfigProto$1                : loaded 2 times (x 73B)
Class dagger.internal.DoubleCheck                                                     : loaded 2 times (x 80B)
Class com.google.protobuf.GeneratedMessage$FieldAccessorTable$OneofAccessor           : loaded 2 times (x 72B)
Class com.google.protobuf.DescriptorProtos$FileOptions$Builder                        : loaded 2 times (x 383B)
Class kotlinx.coroutines.EventLoopImplPlatform                                        : loaded 2 times (x 108B)
Class com.google.testing.platform.core.telemetry.core.Detail                          : loaded 2 times (x 74B)
Class com.google.testing.platform.server.inject.CoreServicesModule_ProvidesReflectionServiceFactory: loaded 2 times (x 79B)
Class com.google.testing.platform.plugin.PluginLifecycle$onConfigure$1                : loaded 2 times (x 81B)
Class androidx.room.compiler.processing.XProcessingEnvConfig$Companion                : loaded 2 times (x 73B)
Class androidx.room.compiler.processing.XProcessingEnvConfig                          : loaded 2 times (x 73B)
Class [Lcom.google.testing.platform.plugin.PluginLifecycle$Ordering;                  : loaded 2 times (x 71B)
Class org.objectweb.asm.ClassVisitor                                                  : loaded 2 times (x 90B)
Class [Lorg.objectweb.asm.Symbol;                                                     : loaded 2 times (x 71B)
Class com.google.common.collect.TransformedListIterator                               : loaded 2 times (x 95B)
Class kotlin.reflect.jvm.internal.impl.types.DefinitelyNotNullType                    : loaded 2 times (x 100B)
Class kotlin.reflect.jvm.internal.impl.types.DescriptorSubstitutor                    : loaded 2 times (x 73B)
Class kotlin.reflect.jvm.internal.impl.load.java.structure.JavaClassifier             : loaded 2 times (x 72B)
Class kotlin.reflect.jvm.internal.impl.load.java.lazy.ContextKt                       : loaded 2 times (x 73B)
Class kotlin.reflect.jvm.internal.impl.metadata.ProtoBuf$Annotation$Argument$Value$1  : loaded 2 times (x 89B)
Class kotlin.reflect.jvm.internal.impl.renderer.DescriptorRendererImpl$RenderDeclarationDescriptorVisitor: loaded 2 times (x 89B)
Class jdk.internal.jrtfs.JrtFileSystem                                                : loaded 2 times (x 104B)
Class kotlin.coroutines.intrinsics.CoroutineSingletons                                : loaded 2 times (x 81B)
Class org.gradle.kotlin.dsl.ImplementationConfigurationAccessorsKt                    : loaded 2 times (x 73B)
Class com.google.common.io.ByteStreams$LimitedInputStream                             : loaded 2 times (x 94B)
Class com.google.common.base.Suppliers$NonSerializableMemoizingSupplier               : loaded 2 times (x 81B)
Class org.objectweb.asm.MethodWriter                                                  : loaded 2 times (x 107B)
Class [Lcom.google.common.cache.Weigher;                                              : loaded 2 times (x 71B)
Class com.google.testing.platform.plugin.PluginLifecycleKt$invokeOrThrow$1$1          : loaded 2 times (x 81B)
Class com.google.testing.platform.executor.inject.ExecutorRequisitesModule$deviceProviders$2$1: loaded 2 times (x 81B)
Class com.google.common.cache.LocalCache$Values                                       : loaded 2 times (x 120B)
Class com.google.protobuf.MapEntry$Metadata$1                                         : loaded 2 times (x 154B)
Class com.google.protobuf.AnyProto                                                    : loaded 2 times (x 73B)
Class com.google.protobuf.Descriptors$NumberGetter                                    : loaded 2 times (x 72B)
Class com.google.protobuf.LazyField                                                   : loaded 2 times (x 87B)
Class com.google.protobuf.DescriptorProtos$FieldDescriptorProto$1                     : loaded 2 times (x 153B)
Class com.google.common.reflect.TypeCapture                                           : loaded 2 times (x 73B)
Class kotlin.reflect.jvm.internal.impl.storage.CacheWithNullableValues                : loaded 2 times (x 72B)
Class kotlin.reflect.jvm.internal.impl.storage.SimpleLock$Companion                   : loaded 2 times (x 73B)
Class org.jetbrains.kotlin.build.report.metrics.COMPILE_ITERATION                     : loaded 2 times (x 74B)
Class kotlin.reflect.jvm.internal.impl.builtins.ReflectionTypes                       : loaded 2 times (x 74B)
Class org.jetbrains.kotlin.cli.common.CompilerSystemProperties$Companion              : loaded 2 times (x 73B)
Class kotlin.reflect.jvm.ReflectJvmMapping                                            : loaded 2 times (x 73B)
Class kotlin.reflect.jvm.internal.impl.load.java.PropertiesConventionUtilKt           : loaded 2 times (x 73B)
Class kotlin.reflect.jvm.internal.impl.load.java.typeEnhancement.NullabilityQualifier : loaded 2 times (x 81B)
Class kotlin.reflect.jvm.internal.impl.types.TypeProjectionBase                       : loaded 2 times (x 83B)
Class kotlin.reflect.jvm.internal.impl.resolve.constants.ByteValue                    : loaded 2 times (x 76B)
Class kotlin.reflect.jvm.internal.impl.metadata.ProtoBuf$Modality                     : loaded 2 times (x 84B)
Class kotlin.reflect.jvm.internal.impl.protobuf.WireFormat                            : loaded 2 times (x 73B)
Class [Lkotlin.reflect.jvm.internal.impl.descriptors.ModuleDescriptor;                : loaded 2 times (x 71B)
Class kotlin.reflect.jvm.internal.impl.metadata.ProtoBuf$TypeParameterOrBuilder       : loaded 2 times (x 72B)
Class kotlin.reflect.jvm.internal.impl.protobuf.ExtensionRegistryLite                 : loaded 2 times (x 75B)
Class kotlin.reflect.jvm.internal.impl.storage.LockBasedStorageManager$LockBasedNotNullLazyValueWithPostCompute: loaded 2 times (x 87B)
Class kotlin.reflect.jvm.internal.impl.resolve.scopes.ResolutionScope                 : loaded 2 times (x 72B)
Class kotlin.reflect.jvm.internal.impl.serialization.deserialization.ClassDataFinder  : loaded 2 times (x 72B)
Class kotlin.reflect.jvm.internal.impl.load.java.lazy.TypeParameterResolver           : loaded 2 times (x 72B)
Class kotlin.sequences.SequenceBuilderIterator                                        : loaded 2 times (x 87B)
Class com.google.common.collect.ImmutableMultimap$1                                   : loaded 2 times (x 84B)
Class com.google.common.collect.AbstractMapBasedMultimap$RandomAccessWrappedList      : loaded 2 times (x 207B)
Class com.google.common.collect.Multimaps$AsMap                                       : loaded 2 times (x 127B)
Class com.google.testing.platform.core.net.inject.DaggerPortPickerComponent$PortPickerComponentImpl: loaded 2 times (x 77B)
Class com.google.testing.platform.core.telemetry.inject.DiagnosticsModule_EnvironmentFactory: loaded 2 times (x 79B)
Class com.google.testing.platform.proto.api.core.TestSuiteResultProto$TestSuiteResult : loaded 2 times (x 216B)
Class com.google.testing.platform.plugin.android.proto.AndroidDevicePluginProto$AndroidDevicePluginArtifactsInstalledOrBuilder: loaded 2 times (x 72B)
Class kotlin.reflect.jvm.internal.impl.resolve.constants.LongValue                    : loaded 2 times (x 76B)
Class kotlin.reflect.jvm.internal.impl.descriptors.ClassOrPackageFragmentDescriptor   : loaded 2 times (x 72B)
Class com.google.testing.platform.proto.api.config.AndroidSdkProto$AndroidSdk$1       : loaded 2 times (x 153B)
Class [Lcom.google.testing.platform.proto.api.config.LocalAndroidDeviceProviderProto$DeviceType;: loaded 2 times (x 71B)
Class com.google.protobuf.DescriptorProtos$EnumValueDescriptorProto                   : loaded 2 times (x 201B)
Class com.google.protobuf.MessageReflection$MergeTarget                               : loaded 2 times (x 72B)
Class com.google.testing.platform.proto.api.config.LocalAndroidDeviceProviderProto    : loaded 2 times (x 73B)
Class com.google.protobuf.ProtoSyntax                                                 : loaded 2 times (x 81B)
Class kotlin.reflect.jvm.internal.impl.util.ModuleVisibilityHelper                    : loaded 2 times (x 72B)
Class kotlin.reflect.jvm.internal.impl.protobuf.AbstractParser                        : loaded 2 times (x 89B)
Class androidx.room.compiler.processing.XProcessingEnv$Companion                      : loaded 2 times (x 73B)
Class androidx.room.DatabaseProcessingStep                                            : loaded 2 times (x 81B)
Class kotlin.reflect.jvm.internal.impl.serialization.deserialization.ProtoEnumFlagsUtilsKt$WhenMappings: loaded 2 times (x 73B)
Class kotlin.reflect.jvm.internal.impl.descriptors.ScopesHolderForClass               : loaded 2 times (x 74B)
Class kotlin.reflect.jvm.internal.impl.types.TypeConstructorSubstitution              : loaded 2 times (x 80B)
Class kotlin.reflect.jvm.internal.impl.descriptors.impl.DeclarationDescriptorVisitorEmptyBodies: loaded 2 times (x 103B)
Class kotlin.reflect.jvm.internal.impl.descriptors.runtime.structure.ReflectJavaElement: loaded 2 times (x 73B)
Class kotlin.reflect.jvm.internal.impl.storage.SimpleLock                             : loaded 2 times (x 72B)
Class kotlin.reflect.full.KClasses                                                    : loaded 2 times (x 73B)
Class com.google.common.reflect.Types$JavaVersion$1                                   : loaded 2 times (x 85B)
Class com.google.common.collect.AbstractIterator$State                                : loaded 2 times (x 81B)
Class com.google.common.collect.ImmutableMultimap$2                                   : loaded 2 times (x 83B)
Class com.google.common.cache.LocalCache$ValueReference                               : loaded 2 times (x 72B)
Class com.google.testing.platform.executor.DeviceControllerProxy$execute$2            : loaded 2 times (x 81B)
Class com.google.testing.platform.core.net.inject.DaggerPortPickerComponent$Builder   : loaded 2 times (x 78B)
Class com.google.testing.platform.proto.api.core.TestResultProto$TestResult$Builder   : loaded 2 times (x 313B)
Class kotlin.reflect.jvm.internal.impl.descriptors.impl.AbstractTypeParameterDescriptor: loaded 2 times (x 125B)
Class kotlin.reflect.jvm.internal.impl.resolve.scopes.SubstitutingScope               : loaded 2 times (x 87B)
Class com.google.testing.platform.core.telemetry.core.DiagnosticScope                 : loaded 2 times (x 72B)
Class kotlinx.coroutines.SupervisorKt                                                 : loaded 2 times (x 73B)
Class kotlin.reflect.jvm.internal.impl.load.java.typeEnhancement.TypeEnhancementUtilsKt: loaded 2 times (x 73B)
Class com.google.testing.platform.proto.api.config.InstrumentationProto$InstrumentationFilter: loaded 2 times (x 198B)
Class com.google.protobuf.Descriptors$EnumValueDescriptor$1                           : loaded 2 times (x 93B)
Class kotlin.reflect.jvm.internal.impl.resolve.OverridingUtil$7                       : loaded 2 times (x 77B)
Class com.android.utils.FileUtils                                                     : loaded 2 times (x 73B)
Class androidx.room.compiler.processing.XProcessingEnv$Backend                        : loaded 2 times (x 81B)
Class androidx.room.compiler.processing.javac.XTypeElementStore                       : loaded 2 times (x 74B)
Class [Lorg.jetbrains.org.objectweb.asm.AnnotationVisitor;                            : loaded 2 times (x 71B)
Class org.jetbrains.kotlin.cli.common.arguments.CommonToolArguments                   : loaded 2 times (x 75B)
Class kotlin.reflect.jvm.internal.JvmFunctionSignature                                : loaded 2 times (x 74B)
Class kotlin.reflect.jvm.internal.impl.metadata.jvm.deserialization.JvmMemberSignature$Method: loaded 2 times (x 77B)
Class kotlin.reflect.jvm.internal.impl.serialization.deserialization.descriptors.DeserializedMemberDescriptor: loaded 2 times (x 72B)
Class [Lkotlin.reflect.jvm.internal.impl.resolve.scopes.ResolutionScope;              : loaded 2 times (x 71B)
Class kotlin.reflect.jvm.internal.impl.protobuf.WireFormat$JavaType                   : loaded 2 times (x 81B)
Class kotlin.reflect.jvm.internal.impl.types.AbstractTypeConstructor                  : loaded 2 times (x 98B)
Class kotlin.reflect.jvm.internal.impl.renderer.RenderingUtilsKt                      : loaded 2 times (x 73B)
Class kotlin.reflect.jvm.internal.impl.renderer.ParameterNameRenderingPolicy          : loaded 2 times (x 81B)
Class kotlin.reflect.jvm.internal.impl.descriptors.FunctionDescriptor                 : loaded 2 times (x 72B)
Class kotlin.reflect.jvm.internal.impl.descriptors.impl.PackageViewDescriptorFactory$Default: loaded 2 times (x 76B)
Class org.jetbrains.kotlin.com.intellij.openapi.diagnostic.Attachment                 : loaded 2 times (x 74B)
Class kotlin.collections.ArrayDeque$Companion                                         : loaded 2 times (x 73B)
Class kotlin.coroutines.jvm.internal.Boxing                                           : loaded 2 times (x 73B)
Class com.google.common.hash.PrimitiveSink                                            : loaded 2 times (x 72B)
Class com.google.common.reflect.Types$JavaVersion$2                                   : loaded 2 times (x 85B)
Class com.google.common.reflect.Types                                                 : loaded 2 times (x 73B)
Class com.google.common.collect.LinkedListMultimap$1KeySetImpl                        : loaded 2 times (x 138B)
Class com.google.common.base.Equivalence$Equals                                       : loaded 2 times (x 84B)
Class com.google.testing.platform.plugin.PluginLifecycle$onAfterAll$1$1$1             : loaded 2 times (x 81B)
Class com.google.testing.platform.plugin.PluginLifecycleKt$invokeOrThrow$1            : loaded 2 times (x 81B)
Class com.google.testing.platform.result.inject.ListenerModule$testSuiteCreatorFactory$1: loaded 2 times (x 76B)
Class com.google.testing.platform.result.inject.ProtoLogModule_DefaultLogTestResultListenerFactory: loaded 2 times (x 79B)
Class com.google.testing.platform.executor.inject.ExecutorModule                      : loaded 2 times (x 73B)
Class com.google.testing.platform.service.inject.RunnerServiceModule                  : loaded 2 times (x 73B)
Class com.google.protobuf.Schema                                                      : loaded 2 times (x 72B)
Class com.google.protobuf.TextFormat$Parser$SingularOverwritePolicy                   : loaded 2 times (x 81B)
Class com.google.protobuf.DescriptorProtos$FeatureSetDefaults$Builder                 : loaded 2 times (x 304B)
Class com.android.tools.utp.plugins.host.apkinstaller.proto.AndroidApkInstallerConfigProto$AndroidApkInstallerConfig: loaded 2 times (x 200B)
Class com.google.testing.platform.proto.api.core.TestArtifactProto$ArtifactType       : loaded 2 times (x 89B)
Class com.google.testing.platform.proto.api.config.ExecutorProto$SingleDeviceExecutor$1: loaded 2 times (x 153B)
Class com.google.protobuf.GeneratedMessage$FieldAccessorTable$RepeatedFieldAccessor$MethodInvoker: loaded 2 times (x 72B)
Class com.google.protobuf.MapEntry$Metadata                                           : loaded 2 times (x 74B)
Class com.google.testing.platform.proto.api.config.FixtureProto$TestFixtureId         : loaded 2 times (x 195B)
Class com.google.protobuf.Descriptors$EnumValueDescriptor$2                           : loaded 2 times (x 78B)
Class com.google.protobuf.DescriptorProtos$OneofDescriptorProto$1                     : loaded 2 times (x 153B)
Class com.google.protobuf.DescriptorProtos$OneofOptions                               : loaded 2 times (x 233B)
Class com.google.testing.platform.proto.api.config.SetupProto                         : loaded 2 times (x 73B)
Class kotlin.reflect.jvm.internal.CacheByClassKt                                      : loaded 2 times (x 73B)
Class com.google.testing.platform.main.inject.CommandLineModule_ProvidesServerTextProtoProviderFactory: loaded 2 times (x 79B)
Class com.google.testing.platform.executor.inject.ExecutorRequisitesModule            : loaded 2 times (x 73B)
Class kotlin.reflect.jvm.internal.impl.load.java.BuiltinSpecialPropertiesKt           : loaded 2 times (x 73B)
Class [Lkotlin.reflect.jvm.internal.impl.descriptors.ClassifierDescriptor;            : loaded 2 times (x 71B)
Class kotlin.reflect.jvm.internal.impl.serialization.deserialization.ProtoContainer$Class: loaded 2 times (x 75B)
Class [Lkotlin.reflect.jvm.internal.impl.types.Variance;                              : loaded 2 times (x 71B)
Class kotlin.reflect.jvm.internal.impl.metadata.ProtoBuf$Type$Argument$Projection     : loaded 2 times (x 84B)
Class kotlin.reflect.jvm.internal.impl.metadata.ProtoBuf$Annotation$Argument$Value$Type$1: loaded 2 times (x 76B)
Class kotlin.reflect.jvm.internal.impl.metadata.jvm.JvmProtoBuf$JvmMethodSignature    : loaded 2 times (x 98B)
Class kotlin.reflect.jvm.internal.impl.descriptors.DescriptorVisibilities$1           : loaded 2 times (x 78B)
Class kotlin.reflect.jvm.internal.impl.descriptors.impl.DeclarationDescriptorNonRootImpl: loaded 2 times (x 98B)
Class kotlin.reflect.jvm.internal.impl.utils.WrappedValues$WrappedProcessCanceledException: loaded 2 times (x 84B)
Class kotlin.coroutines.EmptyCoroutineContext                                         : loaded 2 times (x 79B)
Class [Lorg.apache.commons.io.file.DeleteOption;                                      : loaded 2 times (x 71B)
Class com.google.common.collect.ByFunctionOrdering                                    : loaded 2 times (x 117B)
Class com.google.common.reflect.Types$JavaVersion$3                                   : loaded 2 times (x 85B)
Class com.google.common.collect.ImmutableSetMultimap                                  : loaded 2 times (x 182B)
Class com.google.common.io.CharSink                                                   : loaded 2 times (x 81B)
Class org.objectweb.asm.Label                                                         : loaded 2 times (x 75B)
Class org.objectweb.asm.CurrentFrame                                                  : loaded 2 times (x 75B)
Class org.objectweb.asm.ClassTooLargeException                                        : loaded 2 times (x 84B)
Class com.google.gson.stream.JsonReader                                               : loaded 2 times (x 99B)
Class com.google.testing.platform.core.net.PortPickerLoader_Factory                   : loaded 2 times (x 79B)
Class com.google.testing.platform.result.DeviceTestResultPublisher                    : loaded 2 times (x 88B)
Class com.google.testing.platform.result.ProtoLogWriter                               : loaded 2 times (x 72B)
Class kotlinx.coroutines.JobSupport$AwaitContinuation                                 : loaded 2 times (x 130B)
Class com.google.protobuf.TextFormatEscaper$ByteSequence                              : loaded 2 times (x 72B)
Class com.google.gson.stream.MalformedJsonException                                   : loaded 2 times (x 84B)
Class com.google.common.io.ByteArrayDataOutput                                        : loaded 2 times (x 72B)
Class kotlin.reflect.jvm.internal.impl.serialization.deserialization.KotlinMetadataFinder: loaded 2 times (x 72B)
Class kotlin.reflect.jvm.internal.impl.protobuf.InvalidProtocolBufferException        : loaded 2 times (x 86B)
Class com.android.tools.utp.gradle.UtpConfigFactoryKt$createAdditionalTestOutputPlugin$1: loaded 2 times (x 131B)
Class com.android.tools.utp.plugins.host.logcat.proto.AndroidTestLogcatConfigProto$AndroidTestLogcatConfig$1: loaded 2 times (x 153B)
Class com.android.tools.utp.plugins.host.apkinstaller.proto.AndroidApkInstallerConfigProto$AndroidApkInstallerConfig$Builder: loaded 2 times (x 302B)
Class com.google.protobuf.DescriptorProtos$ExtensionRangeOptionsOrBuilder             : loaded 2 times (x 72B)
Class com.android.tools.utp.plugins.deviceprovider.ddmlib.proto.AndroidDeviceProviderDdmlibConfigProto$DdmlibAndroidDeviceProviderConfig: loaded 2 times (x 197B)
Class [Lkotlin.reflect.jvm.internal.impl.descriptors.impl.ModuleDescriptorImpl;       : loaded 2 times (x 71B)
Class [Lkotlin.reflect.jvm.internal.impl.incremental.components.LookupLocation;       : loaded 2 times (x 71B)
Class kotlin.reflect.jvm.internal.impl.descriptors.runtime.components.ReflectKotlinClassKt: loaded 2 times (x 73B)
Class kotlinx.coroutines.flow.SharedFlow                                              : loaded 2 times (x 72B)
Class ijKotlinCoroutineJvmDebugInit1_bf26m6wsbq34sy7gagnze1zfk$_run_closure1$_closure2: loaded 2 times (x 140B)
Class org.jetbrains.kotlin.incremental.ClasspathChanges$ClasspathSnapshotEnabled      : loaded 2 times (x 74B)
Class kotlin.reflect.jvm.internal.impl.load.java.descriptors.JavaClassDescriptor      : loaded 2 times (x 72B)
Class kotlin.reflect.jvm.internal.impl.metadata.ProtoBuf$Type$Argument$Projection$1   : loaded 2 times (x 76B)
Class kotlin.reflect.jvm.internal.impl.load.java.lazy.descriptors.JvmPackageScope     : loaded 2 times (x 87B)
Class kotlin.reflect.jvm.internal.impl.serialization.deserialization.AbstractDeserializedPackageFragmentProvider: loaded 2 times (x 87B)
Class kotlin.reflect.jvm.internal.impl.descriptors.Visibilities$Internal              : loaded 2 times (x 77B)
Class kotlin.reflect.jvm.internal.impl.descriptors.DescriptorVisibilities$2           : loaded 2 times (x 78B)
Class kotlin.reflect.jvm.internal.impl.protobuf.BoundedByteString                     : loaded 2 times (x 104B)
Class kotlin.reflect.jvm.internal.impl.load.kotlin.DeserializedDescriptorResolver     : loaded 2 times (x 74B)
Class kotlin.reflect.jvm.internal.impl.descriptors.impl.ModuleDescriptorImpl          : loaded 2 times (x 98B)
Class kotlin.reflect.jvm.internal.impl.types.model.KotlinTypeMarker                   : loaded 2 times (x 72B)
Class org.jetbrains.org.objectweb.asm.RecordComponentWriter                           : loaded 2 times (x 79B)
Class com.google.common.collect.RangeGwtSerializationDependencies                     : loaded 2 times (x 73B)
Class com.google.common.io.ByteSource$AsCharSource                                    : loaded 2 times (x 88B)
Class com.google.common.reflect.Types$JavaVersion$4                                   : loaded 2 times (x 85B)
Class com.google.common.collect.MapMakerInternalMap$InternalEntryHelper               : loaded 2 times (x 72B)
Class com.google.common.collect.Maps$IteratorBasedAbstractMap                         : loaded 2 times (x 127B)
Class com.google.common.collect.Table                                                 : loaded 2 times (x 72B)
Class org.objectweb.asm.Frame                                                         : loaded 2 times (x 75B)
Class org.objectweb.asm.MethodVisitor                                                 : loaded 2 times (x 107B)
Class com.google.common.cache.LocalCache$EntryFactory$1                               : loaded 2 times (x 85B)
Class [Lcom.google.common.cache.RemovalListener;                                      : loaded 2 times (x 71B)
Class com.google.testing.platform.config.Environment                                  : loaded 2 times (x 74B)
Class com.google.testing.platform.core.executor.UtpCoreConfigurationException         : loaded 2 times (x 88B)
Class org.jetbrains.kotlin.cli.common.arguments.ArgumentField                         : loaded 2 times (x 74B)
Class com.google.testing.platform.proto.api.core.IssueProto$Issue                     : loaded 2 times (x 203B)
Class kotlinx.coroutines.scheduling.TaskContextImpl                                   : loaded 2 times (x 77B)
Class com.android.tools.utp.gradle.UtpConfigFactoryKt$createAdditionalTestOutputPlugin$2: loaded 2 times (x 81B)
Class com.google.testing.platform.proto.api.config.FixtureProto$TestFixture$1         : loaded 2 times (x 153B)
Class com.google.protobuf.DescriptorProtos$FeatureSet$Utf8Validation$1                : loaded 2 times (x 78B)
Class com.google.protobuf.DescriptorProtos$DescriptorProto$ExtensionRangeOrBuilder    : loaded 2 times (x 72B)
Class kotlin.reflect.jvm.internal.impl.resolve.OverridingUtil$6                       : loaded 2 times (x 76B)
Class org.jetbrains.kotlin.cli.common.arguments.Enables$Container                     : loaded 2 times (x 72B)
Class kotlin.reflect.jvm.internal.CachesKt                                            : loaded 2 times (x 73B)
Class kotlin.reflect.jvm.internal.calls.CallerImpl$Method                             : loaded 2 times (x 83B)
Class kotlin.reflect.jvm.internal.impl.descriptors.runtime.structure.ReflectJavaClass$methods$2: loaded 2 times (x 131B)
Class kotlin.reflect.jvm.internal.impl.descriptors.TypeParameterDescriptor            : loaded 2 times (x 72B)
Class kotlin.reflect.jvm.internal.impl.metadata.deserialization.NameResolverImpl$WhenMappings: loaded 2 times (x 73B)
Class kotlin.reflect.jvm.internal.impl.serialization.deserialization.DeserializedPackageFragment: loaded 2 times (x 110B)
Class kotlin.reflect.jvm.internal.impl.load.java.lazy.descriptors.LazyJavaPackageFragment: loaded 2 times (x 107B)
Class kotlin.reflect.jvm.internal.impl.metadata.ProtoBuf$ContractOrBuilder            : loaded 2 times (x 72B)
Class kotlin.reflect.jvm.internal.impl.protobuf.GeneratedMessageLite$ExtendableMessageOrBuilder: loaded 2 times (x 72B)
Class kotlin.reflect.jvm.internal.impl.descriptors.DescriptorVisibilities$3           : loaded 2 times (x 78B)
Class [Lkotlin.reflect.jvm.internal.impl.renderer.RenderingFormat;                    : loaded 2 times (x 71B)
Class kotlin.reflect.jvm.internal.impl.storage.LockBasedStorageManager$1              : loaded 2 times (x 97B)
Class org.jetbrains.org.objectweb.asm.MethodWriter                                    : loaded 2 times (x 107B)
Class com.google.common.collect.RangeSet                                              : loaded 2 times (x 72B)
Class com.google.common.reflect.Types$JavaVersion$5                                   : loaded 2 times (x 73B)
Class [Lcom.google.common.reflect.Types$ClassOwnership;                               : loaded 2 times (x 71B)
Class com.google.common.cache.LocalCache$EntryFactory$2                               : loaded 2 times (x 85B)
Class com.google.testing.platform.plugin.PluginLifecycle$onBeforeAll$1                : loaded 2 times (x 81B)
Class com.google.testing.platform.executor.inject.ExecutorRequisitesModule_DeviceProvidersFactory: loaded 2 times (x 79B)
Class com.google.protobuf.TimestampProto                                              : loaded 2 times (x 73B)
Class com.google.testing.platform.proto.api.config.PlatformFeaturesProto$PlatformFeaturesOrBuilder: loaded 2 times (x 72B)
Class com.google.protobuf.TextFormat$TextGenerator                                    : loaded 2 times (x 74B)
Class com.google.protobuf.DescriptorMessageInfoFactory                                : loaded 2 times (x 77B)
Class com.google.testing.platform.lib.property.SingleWriteKt                          : loaded 2 times (x 73B)
Class com.google.testing.platform.api.error.ErrorSummary                              : loaded 2 times (x 72B)
Class com.google.protobuf.DescriptorProtos$OneofOptions$1                             : loaded 2 times (x 153B)
Class com.google.testing.platform.launcher.Launcher                                   : loaded 2 times (x 73B)
Class com.google.testing.platform.proto.api.config.TestDiscoveryProto$TestDiscovery   : loaded 2 times (x 205B)
Class com.google.testing.platform.proto.api.config.InstrumentationProto$Instrumentation: loaded 2 times (x 202B)
Class com.google.protobuf.GeneratedMessage$2                                          : loaded 2 times (x 73B)
Class com.google.protobuf.ByteString$NioByteString                                    : loaded 2 times (x 106B)
Class com.google.testing.platform.proto.api.config.LocalAndroidDeviceProviderProto$LocalAndroidDeviceProviderOrBuilder: loaded 2 times (x 72B)
Class com.google.testing.platform.proto.api.config.DeviceProto$Device                 : loaded 2 times (x 200B)
Class com.google.testing.platform.proto.api.config.DeviceProto$DeviceId$Builder       : loaded 2 times (x 299B)
Class com.google.protobuf.DescriptorProtos$ServiceDescriptorProto                     : loaded 2 times (x 204B)
Class com.google.protobuf.Descriptors$FieldDescriptor$1                               : loaded 2 times (x 78B)
Class androidx.room.compiler.processing.XMessager                                     : loaded 2 times (x 75B)
Class androidx.room.compiler.processing.XProcessingStep                               : loaded 2 times (x 72B)
Class com.google.testing.platform.proto.api.config.AndroidInstrumentationDriverProto$AndroidInstrumentationDriver: loaded 2 times (x 201B)
Class [Lcom.google.protobuf.MapField$StorageMode;                                     : loaded 2 times (x 71B)
Class com.google.testing.platform.proto.api.config.TestDiscoveryProto                 : loaded 2 times (x 73B)
Class org.jetbrains.kotlin.incremental.ClasspathSnapshotFiles                         : loaded 2 times (x 74B)
Class kotlin.reflect.jvm.internal.UtilKt                                              : loaded 2 times (x 73B)
Class kotlin.reflect.jvm.internal.impl.load.java.BuiltinMethodsWithSpecialGenericSignature: loaded 2 times (x 73B)
Class kotlin.reflect.jvm.internal.impl.descriptors.impl.AbstractTypeParameterDescriptor$1: loaded 2 times (x 79B)
Class kotlin.reflect.jvm.internal.impl.serialization.deserialization.descriptors.DeserializedSimpleFunctionDescriptor: loaded 2 times (x 213B)
Class kotlin.reflect.jvm.internal.impl.serialization.deserialization.builtins.BuiltInsPackageFragmentImpl$Companion: loaded 2 times (x 73B)
Class kotlin.reflect.jvm.internal.impl.load.kotlin.KotlinClassFinderKt                : loaded 2 times (x 73B)
Class kotlin.reflect.jvm.internal.impl.metadata.deserialization.VersionRequirementTable$Companion: loaded 2 times (x 73B)
Class kotlin.reflect.jvm.internal.impl.protobuf.SmallSortedMap$Entry                  : loaded 2 times (x 90B)
Class kotlin.reflect.jvm.internal.impl.resolve.jvm.JvmClassName                       : loaded 2 times (x 77B)
Class kotlin.reflect.jvm.internal.impl.metadata.ProtoBuf$Package$1                    : loaded 2 times (x 89B)
Class kotlin.reflect.jvm.internal.impl.descriptors.DescriptorVisibilities$4           : loaded 2 times (x 78B)
Class [Lkotlin.reflect.jvm.internal.impl.descriptors.CallableMemberDescriptor$Kind;   : loaded 2 times (x 71B)
Class kotlin.reflect.jvm.internal.impl.types.checker.KotlinTypeRefinerKt              : loaded 2 times (x 73B)
Class kotlin.reflect.jvm.internal.impl.descriptors.ClassDescriptor                    : loaded 2 times (x 72B)
Class com.google.testing.platform.proto.api.core.TestSuiteResultProto$TestSuiteMetaData$1: loaded 2 times (x 153B)
Class kotlin.reflect.jvm.internal.impl.load.kotlin.PackagePartProvider                : loaded 2 times (x 72B)
Class kotlin.TypeCastException                                                        : loaded 2 times (x 84B)
Class org.jetbrains.kotlin.build.report.metrics.BuildTimeMetric                       : loaded 2 times (x 74B)
Class com.google.common.collect.CollectCollectors                                     : loaded 2 times (x 73B)
Class org.objectweb.asm.ModuleWriter                                                  : loaded 2 times (x 83B)
Class com.google.common.cache.LocalCache$EntryFactory$3                               : loaded 2 times (x 85B)
Class com.google.testing.platform.main.inject.MainModule                              : loaded 2 times (x 73B)
Class com.google.testing.platform.api.config.AndroidSdk$Creator                       : loaded 2 times (x 73B)
Class com.google.testing.platform.proto.api.core.TestSuiteResultProto$TestSuiteResult$Builder: loaded 2 times (x 318B)
Class com.google.testing.platform.proto.api.service.ServerConfigProto$ServerConfigOrBuilder: loaded 2 times (x 72B)
Class com.google.common.collect.AbstractMapBasedMultimap$WrappedCollection            : loaded 2 times (x 126B)
Class [Lcom.google.common.cache.RemovalCause;                                         : loaded 2 times (x 71B)
Class com.google.testing.platform.proto.api.config.ExecutionProto$DeviceExecution$Builder: loaded 2 times (x 301B)
Class com.google.testing.platform.plugin.android.proto.AndroidDevicePluginProto$AndroidDevicePlugin$Builder: loaded 2 times (x 309B)
Class com.google.protobuf.DescriptorProtos$FieldOptions$FeatureSupport                : loaded 2 times (x 202B)
Class com.google.protobuf.DescriptorProtos$FeatureSetDefaults$1                       : loaded 2 times (x 153B)
Class com.google.protobuf.DescriptorProtos$FileDescriptorProto                        : loaded 2 times (x 240B)
Class com.android.tools.utp.plugins.deviceprovider.ddmlib.proto.AndroidDeviceProviderDdmlibConfigProto$DdmlibAndroidDeviceProviderConfig$Builder: loaded 2 times (x 299B)
Class com.android.tools.utp.gradle.UtpConfigFactoryKt$createLocalDeviceProvider$1     : loaded 2 times (x 131B)
Class kotlin.reflect.jvm.internal.impl.metadata.ProtoBuf$TypeParameter$1              : loaded 2 times (x 89B)
Class org.jetbrains.kotlin.cli.common.messages.MessageRenderer                        : loaded 2 times (x 72B)
Class kotlin.reflect.jvm.internal.calls.CallerImpl                                    : loaded 2 times (x 83B)
Class org.jetbrains.kotlin.cli.common.arguments.ManualLanguageFeatureSetting          : loaded 2 times (x 74B)
Class kotlin.reflect.jvm.internal.impl.types.FlexibleType                             : loaded 2 times (x 91B)
Class kotlin.reflect.jvm.internal.impl.descriptors.impl.AbstractTypeParameterDescriptor$2: loaded 2 times (x 79B)
Class kotlin.reflect.jvm.internal.impl.serialization.deserialization.descriptors.DeserializedTypeParameterDescriptor: loaded 2 times (x 126B)
Class [Lkotlin.reflect.jvm.internal.impl.metadata.ProtoBuf$QualifiedNameTable$QualifiedName$Kind;: loaded 2 times (x 71B)
Class kotlin.reflect.jvm.internal.impl.serialization.deserialization.descriptors.DeserializedMemberScope: loaded 2 times (x 104B)
Class [Lkotlin.reflect.jvm.internal.impl.metadata.ProtoBuf$Class$Kind;                : loaded 2 times (x 71B)
Class kotlin.reflect.jvm.internal.impl.resolve.scopes.AbstractScopeAdapter            : loaded 2 times (x 95B)
Class kotlin.reflect.jvm.internal.impl.metadata.builtins.BuiltInsProtoBuf             : loaded 2 times (x 73B)
Class kotlin.reflect.jvm.internal.impl.metadata.jvm.JvmProtoBuf$JvmPropertySignature  : loaded 2 times (x 98B)
Class kotlin.reflect.jvm.internal.impl.metadata.ProtoBuf$FunctionOrBuilder            : loaded 2 times (x 72B)
Class kotlin.reflect.jvm.internal.impl.descriptors.DescriptorVisibilities$5           : loaded 2 times (x 78B)
Class kotlin.reflect.jvm.internal.impl.descriptors.Visibilities$PrivateToThis         : loaded 2 times (x 77B)
Class kotlin.reflect.jvm.internal.impl.builtins.ReflectionTypes$ClassLookup           : loaded 2 times (x 73B)
Class kotlin.reflect.jvm.internal.impl.descriptors.SupertypeLoopChecker               : loaded 2 times (x 72B)
Class kotlin.reflect.jvm.internal.impl.resolve.sam.SamConversionResolverImpl          : loaded 2 times (x 74B)
Class [Lkotlin.jvm.functions.Function1;                                               : loaded 2 times (x 71B)
Class org.jetbrains.org.objectweb.asm.RecordComponentVisitor                          : loaded 2 times (x 79B)
Class com.google.common.collect.CollectSpliterators$1                                 : loaded 2 times (x 92B)
Class com.google.common.collect.SetMultimap                                           : loaded 2 times (x 72B)
Class com.google.common.cache.LocalCache$EntryFactory$4                               : loaded 2 times (x 85B)
Class Settings_gradle$1$1$1                                                           : loaded 2 times (x 77B)
Class com.google.testing.platform.core.context.GlobalContextImpl                      : loaded 2 times (x 77B)
Class com.google.testing.platform.main.inject.MainComponent$Companion                 : loaded 2 times (x 73B)
Class kotlinx.coroutines.TimeoutCoroutine                                             : loaded 2 times (x 152B)
Class [Lkotlin.reflect.jvm.internal.impl.descriptors.annotations.AnnotatedImpl;       : loaded 2 times (x 71B)
Class kotlin.reflect.jvm.internal.impl.metadata.ProtoBuf$Class$Kind                   : loaded 2 times (x 84B)
Class com.google.testing.platform.plugin.android.proto.AndroidDevicePluginProto$AndroidDevicePlugin: loaded 2 times (x 207B)
Class com.android.tools.utp.gradle.UtpConfigFactoryKt$createLocalDeviceProvider$2     : loaded 2 times (x 81B)
Class kotlinx.coroutines.flow.SharedFlowImpl                                          : loaded 2 times (x 105B)
Class org.jetbrains.org.objectweb.asm.MethodTooLargeException                         : loaded 2 times (x 84B)
Class kotlin.reflect.jvm.internal.impl.protobuf.UnmodifiableLazyStringList            : loaded 2 times (x 260B)
Class kotlin.reflect.jvm.internal.impl.storage.LockBasedStorageManager$4              : loaded 2 times (x 86B)
Class kotlin.reflect.jvm.internal.impl.descriptors.DescriptorVisibilities$6           : loaded 2 times (x 78B)
Class kotlin.reflect.jvm.internal.impl.descriptors.DeclarationDescriptorVisitor       : loaded 2 times (x 72B)
Class kotlin.reflect.jvm.internal.impl.renderer.DescriptorRenderer$ValueParametersHandler$DEFAULT: loaded 2 times (x 79B)
Class kotlin.reflect.jvm.internal.impl.load.java.components.JavaResolverCache$1       : loaded 2 times (x 80B)
Class kotlin.reflect.jvm.internal.impl.storage.CacheWithNotNullValues                 : loaded 2 times (x 72B)
Class org.jetbrains.org.objectweb.asm.Context                                         : loaded 2 times (x 74B)
Class kotlin.reflect.jvm.internal.impl.serialization.deserialization.ProtoContainer   : loaded 2 times (x 75B)
Class com.google.common.collect.ReverseOrdering                                       : loaded 2 times (x 117B)
Class com.google.common.io.ByteStreams$1                                              : loaded 2 times (x 87B)
Class com.google.common.cache.LocalCache$EntryFactory$5                               : loaded 2 times (x 85B)
Class com.google.testing.platform.executor.inject.MultiDeviceExecutorModule_MultiDeviceExecutorFactory: loaded 2 times (x 79B)
Class com.google.testing.platform.core.event.inject.EventsModule                      : loaded 2 times (x 73B)
Class [Lcom.google.protobuf.MessageLiteOrBuilder;                                     : loaded 2 times (x 71B)
Class com.google.testing.platform.proto.api.core.ErrorProto$ErrorOrBuilder            : loaded 2 times (x 72B)
Class dagger.internal.InstanceFactory                                                 : loaded 2 times (x 82B)
Class com.google.protobuf.DescriptorProtos$FeatureSet$EnumType                        : loaded 2 times (x 89B)
Class [Lcom.google.protobuf.FieldSet$FieldDescriptorLite;                             : loaded 2 times (x 71B)
Class com.google.testing.platform.proto.api.config.AdbConfigProto                     : loaded 2 times (x 73B)
Class kotlin.reflect.jvm.internal.impl.resolve.NonReportingOverrideStrategy           : loaded 2 times (x 78B)
Class androidx.room.compiler.processing.XProcessingEnv                                : loaded 2 times (x 72B)
Class kotlin.reflect.jvm.internal.impl.resolve.OverridingUtil$5                       : loaded 2 times (x 77B)
Class kotlinx.coroutines.flow.CancellableFlow                                         : loaded 2 times (x 72B)
Class org.jetbrains.org.objectweb.asm.CurrentFrame                                    : loaded 2 times (x 75B)
Class kotlin.reflect.jvm.internal.impl.types.TypeSystemCommonBackendContext           : loaded 2 times (x 72B)
Class kotlin.reflect.jvm.internal.impl.load.java.typeEnhancement.MutabilityQualifier  : loaded 2 times (x 81B)
Class kotlin.reflect.jvm.internal.impl.descriptors.runtime.structure.ReflectJavaAnnotationOwner: loaded 2 times (x 72B)
Class kotlin.reflect.jvm.internal.impl.protobuf.UninitializedMessageException         : loaded 2 times (x 85B)
Class kotlin.reflect.jvm.internal.impl.serialization.deserialization.builtins.BuiltInSerializerProtocol: loaded 2 times (x 74B)
Class kotlin.reflect.jvm.internal.impl.metadata.ProtoBuf$TypeOrBuilder                : loaded 2 times (x 72B)
Class kotlin.reflect.jvm.internal.impl.descriptors.Visibilities$InvisibleFake         : loaded 2 times (x 77B)
Class kotlin.reflect.jvm.internal.impl.descriptors.DescriptorVisibilities$7           : loaded 2 times (x 78B)
Class kotlin.reflect.jvm.internal.impl.storage.LockBasedStorageManager$5              : loaded 2 times (x 87B)
Class kotlin.reflect.jvm.internal.impl.builtins.jvm.JavaToKotlinClassMapper           : loaded 2 times (x 73B)
Class kotlin.reflect.jvm.internal.impl.load.java.components.JavaPropertyInitializerEvaluator: loaded 2 times (x 72B)
Class kotlin.reflect.jvm.internal.impl.load.java.JavaNullabilityAnnotationSettingsKt  : loaded 2 times (x 73B)
Class kotlin.reflect.jvm.internal.impl.load.java.lazy.SingleModuleClassResolver       : loaded 2 times (x 77B)
Class kotlin.reflect.jvm.internal.impl.descriptors.impl.PackageViewDescriptorFactory$Companion: loaded 2 times (x 73B)
Class kotlin.time.Duration                                                            : loaded 2 times (x 76B)
Class kotlinx.coroutines.flow.internal.AbstractSharedFlow                             : loaded 2 times (x 76B)
Class org.apache.commons.io.output.AppendableWriter                                   : loaded 2 times (x 102B)
Class com.google.common.collect.HashMultimap                                          : loaded 2 times (x 175B)
Class com.google.common.cache.LocalCache$EntryFactory$6                               : loaded 2 times (x 85B)
Class org.gradle.internal.installation.CurrentGradleInstallationLocator               : loaded 2 times (x 73B)
Class com.google.testing.platform.server.inject.ServerStrategyModule                  : loaded 2 times (x 73B)
Class kotlinx.coroutines.internal.OpDescriptor                                        : loaded 2 times (x 75B)
Class com.android.utils.StdLogger$Level                                               : loaded 2 times (x 81B)
Class com.android.tools.utp.plugins.host.logcat.proto.AndroidTestLogcatConfigProto$AndroidTestLogcatConfig$Builder: loaded 2 times (x 297B)
Class com.google.testing.platform.proto.api.config.AndroidSdkProto$AndroidSdkOrBuilder: loaded 2 times (x 72B)
Class com.google.protobuf.DescriptorProtos$FeatureSet$MessageEncoding                 : loaded 2 times (x 89B)
Class com.google.testing.platform.proto.api.config.RuntimeProto$AndroidInstrumentationRuntime: loaded 2 times (x 199B)
Class com.google.testing.platform.core.telemetry.inject.DiagnosticsModule             : loaded 2 times (x 73B)
Class com.google.testing.platform.core.extension.ExtensionExtKt$logger$2              : loaded 2 times (x 80B)
Class ijKotlinCoroutineJvmDebugInit1_bf26m6wsbq34sy7gagnze1zfk$_run_closure1          : loaded 2 times (x 140B)
Class org.jetbrains.kotlin.cli.common.messages.CompilerMessageSeverity$Companion      : loaded 2 times (x 73B)
Class com.google.testing.platform.lib.process.logger.SubprocessLogger$Factory         : loaded 2 times (x 72B)
Class kotlin.reflect.jvm.internal.impl.load.java.typeEnhancement.JavaTypeEnhancement$Result: loaded 2 times (x 74B)
Class [Lkotlin.reflect.jvm.internal.impl.load.java.structure.LightClassOriginKind;    : loaded 2 times (x 71B)
Class kotlin.reflect.jvm.internal.impl.metadata.ProtoBuf$MemberKind$1                 : loaded 2 times (x 76B)
Class kotlin.reflect.jvm.internal.impl.serialization.deserialization.ClassData        : loaded 2 times (x 74B)
Class kotlin.reflect.jvm.internal.impl.builtins.jvm.JvmBuiltInsPackageFragmentProvider$Companion: loaded 2 times (x 73B)
Class kotlin.reflect.jvm.internal.impl.descriptors.DescriptorVisibilities$8           : loaded 2 times (x 78B)
Class kotlin.reflect.jvm.internal.impl.types.TypeUtils$SpecialType                    : loaded 2 times (x 95B)
Class [Lkotlin.reflect.jvm.internal.impl.descriptors.Modality;                        : loaded 2 times (x 71B)
Class kotlin.reflect.jvm.internal.impl.serialization.deserialization.LocalClassifierTypeSettings$Default: loaded 2 times (x 76B)
Class kotlin.reflect.jvm.internal.impl.descriptors.PropertyAccessorDescriptor         : loaded 2 times (x 72B)
Class kotlin.reflect.jvm.internal.impl.resolve.OverridingUtil                         : loaded 2 times (x 78B)
Class kotlin.reflect.jvm.internal.impl.types.checker.KotlinTypePreparator             : loaded 2 times (x 75B)
Class kotlin.reflect.jvm.internal.impl.load.java.lazy.JavaResolverSettings            : loaded 2 times (x 72B)
Class kotlin.reflect.jvm.internal.impl.descriptors.NotFoundClasses                    : loaded 2 times (x 74B)
Class kotlin.reflect.jvm.internal.impl.types.SimpleType                               : loaded 2 times (x 90B)
Class kotlin.coroutines.jvm.internal.SpillingKt                                       : loaded 2 times (x 73B)
Class com.google.common.io.ByteSource$SlicedByteSource                                : loaded 2 times (x 87B)
Class org.apache.commons.io.output.ThresholdingOutputStream                           : loaded 2 times (x 97B)
Class com.google.common.collect.ImmutableMultimap$Builder                             : loaded 2 times (x 88B)
Class com.google.common.collect.Maps$KeySet                                           : loaded 2 times (x 139B)
Class com.google.common.collect.ImmutableSet$EmptySetBuilderImpl                      : loaded 2 times (x 78B)
Class com.google.common.cache.LocalCache$EntryFactory$7                               : loaded 2 times (x 85B)
Class org.gradle.internal.service.DefaultServiceLocator                               : loaded 2 times (x 85B)
Class com.google.testing.platform.result.TestSuiteCreatorImpl$Companion               : loaded 2 times (x 73B)
Class com.google.testing.platform.main.inject.CommandLineModule$Companion             : loaded 2 times (x 73B)
Class org.gradle.internal.classloader.ClassLoaderHierarchy                            : loaded 2 times (x 72B)
Class com.google.common.io.FileWriteMode                                              : loaded 2 times (x 81B)
Class [Lcom.google.common.collect.MapMakerInternalMap$Segment;                        : loaded 2 times (x 71B)
Class com.google.testing.platform.core.telemetry.proto.DiagnosticsProto$Diagnostics$1 : loaded 2 times (x 153B)
Class com.google.testing.platform.proto.api.core.TestArtifactProto$Artifact           : loaded 2 times (x 211B)
Class [Lcom.android.tools.utp.plugins.host.apkinstaller.proto.AndroidApkInstallerConfigProto$InstallableApk$InstallOption$ForceCompilation;: loaded 2 times (x 71B)
Class com.google.testing.platform.proto.api.config.InstrumentationProto$InstrumentationArgs: loaded 2 times (x 206B)
Class com.google.protobuf.DescriptorProtos$FeatureSetDefaults$FeatureSetEditionDefaultOrBuilder: loaded 2 times (x 72B)
Class com.google.protobuf.DescriptorProtos$EnumOptionsOrBuilder                       : loaded 2 times (x 72B)
Class [Lcom.google.protobuf.DescriptorProtos$FieldDescriptorProto$Label;              : loaded 2 times (x 71B)
Class com.google.common.cache.LocalCache$ValueIterator                                : loaded 2 times (x 88B)
Class kotlin.text.LinesIterator                                                       : loaded 2 times (x 81B)
Class jdk.internal.jimage.BasicImageReader                                            : loaded 2 times (x 97B)
Class [Lkotlin.reflect.jvm.internal.impl.protobuf.Internal$EnumLite;                  : loaded 2 times (x 71B)
Class kotlin.reflect.jvm.internal.impl.load.kotlin.header.ReadKotlinClassHeaderAnnotationVisitor: loaded 2 times (x 81B)
Class org.jetbrains.kotlin.util.capitalizeDecapitalize.CapitalizeDecapitalizeKt       : loaded 2 times (x 73B)
Class kotlin.reflect.jvm.internal.impl.descriptors.runtime.structure.ReflectJavaClass$fields$1: loaded 2 times (x 131B)
Class [Lkotlin.reflect.jvm.internal.impl.types.TypeProjection;                        : loaded 2 times (x 71B)
Class kotlin.reflect.jvm.internal.impl.descriptors.NotFoundClasses$MockClassDescriptor: loaded 2 times (x 177B)
Class kotlin.reflect.jvm.internal.impl.load.java.lazy.descriptors.LazyJavaPackageScope$KotlinClassLookupResult: loaded 2 times (x 73B)
Class kotlin.reflect.jvm.internal.impl.types.Variance                                 : loaded 2 times (x 81B)
Class kotlin.reflect.jvm.internal.impl.metadata.ProtoBuf$Class                        : loaded 2 times (x 103B)
Class kotlin.reflect.jvm.internal.impl.descriptors.DescriptorVisibilities$9           : loaded 2 times (x 78B)
Class kotlin.reflect.jvm.internal.impl.descriptors.ClassKind                          : loaded 2 times (x 81B)
Class kotlin.properties.ObservableProperty                                            : loaded 2 times (x 85B)
Class kotlin.reflect.jvm.internal.impl.serialization.deserialization.ContractDeserializer$Companion: loaded 2 times (x 73B)
Class kotlin.reflect.jvm.internal.impl.resolve.constants.UIntValue                    : loaded 2 times (x 76B)
Class [Lkotlin.reflect.jvm.internal.impl.load.java.lazy.types.JavaTypeFlexibility;    : loaded 2 times (x 71B)
Class kotlin.reflect.jvm.internal.impl.load.java.Jsr305Settings                       : loaded 2 times (x 74B)
Class org.jetbrains.org.objectweb.asm.SymbolTable                                     : loaded 2 times (x 74B)
Class jdk.internal.jrtfs.JrtDirectoryStream                                           : loaded 2 times (x 91B)
Class kotlin.coroutines.jvm.internal.SuspendFunction                                  : loaded 2 times (x 72B)
Class com.google.common.cache.LocalCache$SoftValueReference                           : loaded 2 times (x 100B)
Class com.google.common.collect.ImmutableMultimap$EntryCollection                     : loaded 2 times (x 130B)
Class com.google.common.collect.Maps$EntrySet                                         : loaded 2 times (x 138B)
Class com.google.common.cache.LocalCache$EntryFactory$8                               : loaded 2 times (x 85B)
Class org.gradle.internal.installation.CurrentGradleInstallation                      : loaded 2 times (x 75B)
Class com.google.testing.platform.result.inject.ListenerModule_TestResultPublisherFactory: loaded 2 times (x 79B)
Class [Lcom.google.testing.platform.lib.extension.ExtensionSource;                    : loaded 2 times (x 71B)
Class com.google.testing.platform.server.inject.DaggerServerComponent$ServerComponentImpl: loaded 2 times (x 78B)
Class com.google.protobuf.GeneratedMessage$FieldAccessorTable$MapFieldAccessor        : loaded 2 times (x 108B)
Class kotlin.reflect.jvm.internal.impl.metadata.ProtoBuf$Visibility$1                 : loaded 2 times (x 76B)
Class kotlin.reflect.jvm.internal.impl.descriptors.TypeParameterUtilsKt               : loaded 2 times (x 73B)
Class kotlinx.coroutines.BlockingCoroutine                                            : loaded 2 times (x 145B)
Class com.android.tools.utp.plugins.host.apkinstaller.proto.AndroidApkInstallerConfigProto$InstallableApk$InstallOption$Builder: loaded 2 times (x 304B)
Class kotlin.reflect.jvm.internal.impl.resolve.scopes.MemberScope$Companion           : loaded 2 times (x 73B)
Class kotlin.reflect.jvm.internal.impl.types.AbstractTypeConstructor$Supertypes       : loaded 2 times (x 74B)
Class kotlin.reflect.jvm.internal.impl.descriptors.ValueParameterDescriptor           : loaded 2 times (x 72B)
Class [Lkotlin.reflect.jvm.internal.impl.types.model.TypeArgumentMarker;              : loaded 2 times (x 71B)
Class kotlin.reflect.jvm.internal.calls.CallerKt                                      : loaded 2 times (x 73B)
Class kotlin.reflect.jvm.internal.impl.types.model.TypeSystemOptimizationContext      : loaded 2 times (x 72B)
Class kotlin.reflect.jvm.internal.impl.types.model.DefinitelyNotNullTypeMarker        : loaded 2 times (x 72B)
Class [Lkotlin.reflect.jvm.internal.impl.load.java.typeEnhancement.JavaTypeQualifiers;: loaded 2 times (x 71B)
Class kotlin.reflect.jvm.internal.impl.descriptors.runtime.structure.ReflectJavaClass$fields$2: loaded 2 times (x 131B)
Class kotlin.reflect.jvm.internal.impl.metadata.ProtoBuf$StringTable                  : loaded 2 times (x 98B)
Class kotlin.reflect.jvm.internal.impl.serialization.deserialization.descriptors.DeserializedMemberScope$OptimizedImplementation: loaded 2 times (x 83B)
Class kotlin.reflect.jvm.internal.impl.metadata.jvm.JvmProtoBuf$JvmPropertySignature$1: loaded 2 times (x 89B)
Class kotlin.reflect.jvm.internal.impl.storage.LockBasedStorageManager$LockBasedLazyValueWithPostCompute: loaded 2 times (x 84B)
Class kotlin.reflect.jvm.internal.impl.types.TypeConstructor                          : loaded 2 times (x 72B)
Class kotlin.reflect.jvm.internal.impl.resolve.constants.IntValue                     : loaded 2 times (x 76B)
Class kotlin.reflect.jvm.internal.impl.descriptors.MemberDescriptor                   : loaded 2 times (x 72B)
Class org.jetbrains.org.objectweb.asm.ModuleWriter                                    : loaded 2 times (x 83B)
Class kotlin.jvm.internal.Ref$BooleanRef                                              : loaded 2 times (x 73B)
Class kotlin.jvm.internal.StringCompanionObject                                       : loaded 2 times (x 73B)
Class kotlin.coroutines.intrinsics.IntrinsicsKt__IntrinsicsJvmKt                      : loaded 2 times (x 73B)
Class kotlin.coroutines.jvm.internal.CoroutineStackFrame                              : loaded 2 times (x 72B)
Class com.google.common.collect.ForwardingObject                                      : loaded 2 times (x 74B)
Class com.google.common.cache.CacheLoader$1                                           : loaded 2 times (x 77B)
Class org.gradle.util.internal.GUtil                                                  : loaded 2 times (x 73B)
Class com.google.testing.platform.server.strategy.NonInteractiveServerStrategy$Companion: loaded 2 times (x 73B)
Class com.google.testing.platform.proto.api.core.ErrorDetailProto$ErrorDetail         : loaded 2 times (x 204B)
Class com.google.testing.platform.proto.api.core.PlatformErrorProto$PlatformErrorOrBuilder: loaded 2 times (x 72B)
Class kotlin.reflect.jvm.internal.impl.resolve.OverridingUtil$4                       : loaded 2 times (x 76B)
Class kotlinx.coroutines.internal.ThreadSafeHeap                                      : loaded 2 times (x 74B)
Class kotlinx.coroutines.DelayKt                                                      : loaded 2 times (x 73B)
Class kotlin.reflect.jvm.internal.impl.load.java.SpecialGenericSignatures             : loaded 2 times (x 73B)
Class com.google.testing.platform.api.config.Environment$Creator                      : loaded 2 times (x 73B)
Class com.google.testing.platform.proto.api.core.ErrorProto$Error                     : loaded 2 times (x 199B)
Class com.google.testing.platform.proto.api.config.AndroidSdkProto                    : loaded 2 times (x 73B)
Class kotlin.reflect.jvm.internal.impl.load.java.DescriptorsJvmAbiUtil                : loaded 2 times (x 73B)
Class com.google.protobuf.Any                                                         : loaded 2 times (x 196B)
Class com.google.protobuf.DescriptorProtos$ServiceDescriptorProtoOrBuilder            : loaded 2 times (x 72B)
Class com.google.testing.platform.proto.api.config.SetupProto$TestSetup$1             : loaded 2 times (x 153B)
Class com.google.protobuf.DescriptorProtos$DescriptorProto$Builder                    : loaded 2 times (x 340B)
Class com.google.protobuf.DescriptorProtos$FeatureSet$FieldPresence                   : loaded 2 times (x 89B)
Class com.google.protobuf.JavaFeaturesProto$JavaFeatures$Builder                      : loaded 2 times (x 299B)
Class com.google.protobuf.DescriptorProtos$DescriptorProto$ReservedRange$1            : loaded 2 times (x 153B)
Class com.google.protobuf.ManifestSchemaFactory$1                                     : loaded 2 times (x 79B)
Class com.google.protobuf.DescriptorProtos$OneofDescriptorProtoOrBuilder              : loaded 2 times (x 72B)
Class com.google.protobuf.DescriptorProtos$FieldOptionsOrBuilder                      : loaded 2 times (x 72B)
Class com.google.protobuf.SmallSortedMap$EntrySet                                     : loaded 2 times (x 139B)
Class com.google.protobuf.MapField$MutabilityAwareMap$MutabilityAwareIterator         : loaded 2 times (x 84B)
Class com.android.tools.utp.gradle.UtpRunner$execute$futures$1$1                      : loaded 2 times (x 77B)
Class kotlin.reflect.jvm.internal.impl.metadata.deserialization.ProtoBufUtilKt        : loaded 2 times (x 73B)
Class kotlin.reflect.jvm.internal.impl.builtins.jvm.CloneableClassScope$Companion     : loaded 2 times (x 73B)
Class kotlin.reflect.jvm.internal.impl.metadata.jvm.JvmProtoBuf$StringTableTypesOrBuilder: loaded 2 times (x 72B)
Class kotlin.reflect.jvm.internal.impl.descriptors.runtime.components.ReflectClassStructure: loaded 2 times (x 73B)
Class kotlin.reflect.jvm.internal.impl.incremental.components.NoLookupLocation        : loaded 2 times (x 84B)
Class kotlin.reflect.jvm.internal.impl.resolve.DescriptorUtils                        : loaded 2 times (x 73B)
Class kotlin.reflect.jvm.internal.impl.load.java.JavaIncompatibilityRulesOverridabilityCondition$Companion: loaded 2 times (x 73B)
Class kotlin.reflect.jvm.internal.impl.load.java.JavaIncompatibilityRulesOverridabilityCondition: loaded 2 times (x 77B)
Class kotlin.reflect.jvm.internal.impl.types.checker.NewKotlinTypeCheckerImpl         : loaded 2 times (x 82B)
Class [Lkotlin.reflect.jvm.internal.impl.builtins.jvm.JvmBuiltIns$Kind;               : loaded 2 times (x 71B)
Class [Lorg.jetbrains.org.objectweb.asm.Label;                                        : loaded 2 times (x 71B)
Class kotlinx.coroutines.CoroutineContextKt$hasCopyableElements$1                     : loaded 2 times (x 80B)
Class com.google.common.io.ByteSource                                                 : loaded 2 times (x 86B)
Class com.google.common.cache.AbstractCache$StatsCounter                              : loaded 2 times (x 72B)
Class com.google.testing.platform.executor.SingleDeviceExecutor$execute$1             : loaded 2 times (x 81B)
Class com.google.testing.platform.server.strategy.NonInteractiveServerStrategy$run$exitCode$1: loaded 2 times (x 81B)
Class com.google.testing.platform.plugin.PluginGraph                                  : loaded 2 times (x 72B)
Class com.google.testing.platform.core.net.PortPickerLoader$Companion                 : loaded 2 times (x 73B)
Class com.google.testing.platform.Runner                                              : loaded 2 times (x 72B)
Class com.google.testing.platform.proto.api.core.TestSuiteResultProto                 : loaded 2 times (x 73B)
Class com.google.testing.platform.api.device.DeviceController$DefaultImpls            : loaded 2 times (x 73B)
Class com.google.testing.platform.api.driver.TestDriverConfigImpl$Companion           : loaded 2 times (x 73B)
Class com.google.testing.platform.lib.property.SingleWriteWithDefault$finalValue$1    : loaded 2 times (x 81B)
Class org.gradle.internal.classloader.FilteringClassLoader                            : loaded 2 times (x 106B)
Class com.google.protobuf.TextFormat$ParseException                                   : loaded 2 times (x 86B)
Class com.google.common.base.Equivalence$Identity                                     : loaded 2 times (x 84B)
Class com.google.protobuf.DescriptorProtos$FieldOptions$OptionRetention$1             : loaded 2 times (x 78B)
Class com.google.common.base.PairwiseEquivalence                                      : loaded 2 times (x 85B)
Class com.google.common.io.LineReader                                                 : loaded 2 times (x 74B)
Class kotlin.coroutines.jvm.internal.CompletedContinuation                            : loaded 2 times (x 77B)
Class kotlin.reflect.jvm.internal.impl.metadata.ProtoBuf$Property$1                   : loaded 2 times (x 89B)
Class kotlin.reflect.jvm.internal.impl.protobuf.FieldSet$1                            : loaded 2 times (x 73B)
Class kotlin.reflect.jvm.internal.impl.serialization.deserialization.descriptors.DeserializedClassDescriptor$DeserializedClassMemberScope: loaded 2 times (x 104B)
Class kotlin.reflect.jvm.internal.impl.load.java.SpecialGenericSignatures$Companion   : loaded 2 times (x 73B)
Class kotlin.reflect.jvm.internal.impl.load.java.typeEnhancement.TypeComponentPositionKt: loaded 2 times (x 73B)
Class kotlin.reflect.jvm.internal.impl.types.TypeConstructorSubstitution$Companion$createByConstructorsMap$1: loaded 2 times (x 81B)
Class kotlin.reflect.jvm.internal.impl.load.java.lazy.descriptors.LazyJavaClassDescriptor$LazyJavaClassTypeConstructor: loaded 2 times (x 99B)
Class kotlin.reflect.jvm.internal.impl.resolve.scopes.DescriptorKindFilter$Companion  : loaded 2 times (x 73B)
Class [Lkotlin.reflect.jvm.internal.impl.descriptors.PackageFragmentProvider;         : loaded 2 times (x 71B)
Class kotlin.reflect.jvm.internal.impl.types.AbstractTypePreparator                   : loaded 2 times (x 74B)
Class kotlin.reflect.jvm.internal.impl.metadata.deserialization.BinaryVersion$Companion: loaded 2 times (x 73B)
Class kotlin.reflect.jvm.internal.impl.storage.MemoizedFunctionToNullable             : loaded 2 times (x 72B)
Class kotlin.reflect.jvm.internal.impl.load.java.sources.JavaSourceElementFactory     : loaded 2 times (x 72B)
Class kotlin.time.DurationUnitKt                                                      : loaded 2 times (x 73B)
Class kotlin.coroutines.jvm.internal.DebugProbesKt                                    : loaded 2 times (x 73B)
Class kotlin.coroutines.CoroutineContext                                              : loaded 2 times (x 72B)
Class com.google.common.reflect.Types$TypeVariableImpl                                : loaded 2 times (x 74B)
Class com.google.common.io.LineBuffer                                                 : loaded 2 times (x 77B)
Class com.google.common.collect.MapMakerInternalMap$1                                 : loaded 2 times (x 85B)
Class org.gradle.internal.installation.GradleInstallation                             : loaded 2 times (x 77B)
Class com.google.testing.platform.result.TestSuiteCreatorImpl                         : loaded 2 times (x 85B)
Class com.google.testing.platform.server.strategy.NonInteractiveServerStrategy$run$exitCode$1$1: loaded 2 times (x 80B)
Class com.google.testing.platform.main.inject.MainComponent$Builder                   : loaded 2 times (x 72B)
Class com.android.sdklib.AndroidVersionUtil                                           : loaded 2 times (x 73B)
Class com.google.testing.platform.core.telemetry.SequentialEventRecordRequest         : loaded 2 times (x 74B)
Class kotlinx.coroutines.internal.ThreadContextKt$updateState$1                       : loaded 2 times (x 80B)
Class kotlin.reflect.jvm.internal.impl.metadata.ProtoBuf$PackageFragment              : loaded 2 times (x 103B)
Class kotlin.reflect.jvm.internal.impl.load.java.components.DescriptorResolverUtils   : loaded 2 times (x 73B)
Class kotlin.reflect.jvm.internal.impl.resolve.OverridingUtil$3                       : loaded 2 times (x 77B)
Class com.google.protobuf.GeneratedMessage$FieldAccessorTable                         : loaded 2 times (x 75B)
Class com.google.protobuf.DescriptorProtos$MessageOptions                             : loaded 2 times (x 243B)
Class com.google.testing.platform.proto.api.config.RunnerConfigProto$RunnerConfig$1   : loaded 2 times (x 153B)
Class kotlin.reflect.jvm.internal.JvmPropertySignature                                : loaded 2 times (x 74B)
Class kotlin.text.MatcherMatchResult                                                  : loaded 2 times (x 82B)
Class [Lcom.android.utils.StdLogger$Level;                                            : loaded 2 times (x 71B)
Class kotlin.text.MatchGroupCollection                                                : loaded 2 times (x 72B)
Class androidx.room.compiler.processing.XEquality                                     : loaded 2 times (x 72B)
Class com.android.tools.utp.gradle.EmulatorGrpcInfo                                   : loaded 2 times (x 74B)
Class kotlin.reflect.jvm.internal.impl.builtins.PrimitiveType$$Lambda$0               : loaded 2 times (x 78B)
Class ijJvmDebugger1_1bwvgae90ok7ffema3cud77z7$_run_closure1                          : loaded 2 times (x 140B)
Class kotlin.reflect.jvm.internal.impl.types.SpecialTypesKt                           : loaded 2 times (x 73B)
Class kotlin.reflect.jvm.internal.JvmPropertySignature$KotlinProperty                 : loaded 2 times (x 75B)
Class kotlin.reflect.jvm.internal.impl.load.java.components.DescriptorResolverUtils$1$1: loaded 2 times (x 79B)
Class kotlin.reflect.jvm.internal.impl.utils.SmartSet                                 : loaded 2 times (x 138B)
Class kotlin.reflect.jvm.internal.impl.protobuf.GeneratedMessageLite$1                : loaded 2 times (x 73B)
Class kotlin.reflect.jvm.internal.impl.serialization.deserialization.DeserializedClassDataFinder: loaded 2 times (x 77B)
Class kotlin.reflect.jvm.internal.impl.metadata.ProtoBuf$ClassOrBuilder               : loaded 2 times (x 72B)
Class kotlin.reflect.jvm.internal.impl.metadata.ProtoBuf$ValueParameter               : loaded 2 times (x 103B)
Class kotlin.reflect.jvm.internal.impl.protobuf.SmallSortedMap$EmptySet               : loaded 2 times (x 73B)
Class kotlin.reflect.jvm.internal.impl.resolve.OverridingUtil$1                       : loaded 2 times (x 76B)
Class kotlin.reflect.jvm.internal.impl.load.java.lazy.JavaResolverSettings$Default    : loaded 2 times (x 78B)
Class kotlin.reflect.jvm.internal.impl.descriptors.ClassifierDescriptor               : loaded 2 times (x 72B)
Class com.google.common.collect.LexicographicalOrdering                               : loaded 2 times (x 117B)
Class com.google.testing.platform.plugin.PluginLifecycle$onBeforeAll$1$1$1            : loaded 2 times (x 81B)
Class com.google.testing.platform.server.strategy.NonInteractiveServerStrategy$run$exitCode$1$2: loaded 2 times (x 81B)
Class io.grpc.reflection.v1alpha.ServerReflectionGrpc$AsyncService                    : loaded 2 times (x 72B)
Class com.google.testing.platform.proto.api.core.IssueProto                           : loaded 2 times (x 73B)
Class com.google.testing.platform.plugin.android.proto.AndroidDevicePluginProto$AndroidDevicePluginArtifactsInstalled$Builder: loaded 2 times (x 295B)
Class [Lcom.android.ddmlib.IDevice$Feature;                                           : loaded 2 times (x 71B)
Class com.android.ddmlib.testrunner.TestResult$TestStatus                             : loaded 2 times (x 81B)
Class [Lcom.google.protobuf.DescriptorProtos$FieldOptions$OptionRetention;            : loaded 2 times (x 71B)
Class com.google.testing.platform.plugin.android.proto.AndroidDevicePluginProto$InstallableApk: loaded 2 times (x 201B)
Class com.google.protobuf.MapEntryLite                                                : loaded 2 times (x 81B)
Class com.google.testing.platform.proto.api.config.TestDiscoveryProto$TestDiscoveryOrBuilder: loaded 2 times (x 72B)
Class com.google.testing.platform.proto.api.core.ExtensionProto$ConfigResource        : loaded 2 times (x 202B)
Class com.google.protobuf.DescriptorProtos$FeatureSet$RepeatedFieldEncoding$1         : loaded 2 times (x 78B)
Class [Lcom.google.protobuf.DescriptorProtos$Edition;                                 : loaded 2 times (x 71B)
Class com.google.protobuf.GeneratedMessage$FieldAccessorTable$FieldAccessor           : loaded 2 times (x 72B)
Class com.android.tools.utp.plugins.deviceprovider.ddmlib.proto.AndroidDeviceProviderDdmlibConfigProto: loaded 2 times (x 73B)
Class com.google.testing.platform.proto.api.core.TestArtifactProto                    : loaded 2 times (x 73B)
Class com.google.testing.platform.lib.property.UNINITIALIZED                          : loaded 2 times (x 73B)
Class kotlin.reflect.jvm.internal.impl.builtins.PrimitiveType$$Lambda$1               : loaded 2 times (x 78B)
Class [Lcom.google.testing.platform.proto.api.core.TestStatusProto$TestStatus;        : loaded 2 times (x 71B)
Class com.google.testing.platform.config.inject.ConfigModule                          : loaded 2 times (x 73B)
Class kotlin.reflect.jvm.internal.impl.load.java.typeEnhancement.JavaTypeEnhancement$SimpleResult: loaded 2 times (x 74B)
Class kotlin.reflect.jvm.internal.impl.types.model.IntersectionTypeConstructorMarker  : loaded 2 times (x 72B)
Class kotlin.reflect.jvm.internal.impl.load.java.structure.JavaType                   : loaded 2 times (x 72B)
Class kotlin.reflect.jvm.internal.impl.resolve.scopes.GivenFunctionsMemberScope       : loaded 2 times (x 96B)
Class kotlin.reflect.jvm.internal.impl.descriptors.impl.ValueParameterDescriptorImpl$Companion: loaded 2 times (x 73B)
Class com.google.testing.platform.api.error.ErrorSummaryProvider                      : loaded 2 times (x 72B)
Class kotlin.reflect.jvm.internal.impl.protobuf.AbstractMessageLite$Builder           : loaded 2 times (x 87B)
Class kotlin.reflect.jvm.internal.impl.resolve.scopes.ChainedMemberScope              : loaded 2 times (x 87B)
Class kotlin.reflect.jvm.internal.impl.load.kotlin.DeserializationComponentsForJava$Companion$ModuleData: loaded 2 times (x 74B)
Class kotlin.reflect.jvm.internal.impl.metadata.ProtoBuf$Class$1                      : loaded 2 times (x 89B)
Class kotlin.reflect.jvm.internal.impl.metadata.jvm.JvmProtoBuf$JvmMethodSignature$1  : loaded 2 times (x 89B)
Class kotlin.reflect.jvm.internal.impl.metadata.jvm.deserialization.JvmProtoBufUtil   : loaded 2 times (x 73B)
Class kotlin.reflect.jvm.internal.impl.descriptors.impl.AbstractClassDescriptor$1$1   : loaded 2 times (x 79B)
Class org.jetbrains.kotlin.com.intellij.openapi.diagnostic.DefaultLogger              : loaded 2 times (x 102B)
Class com.google.common.collect.Lists$RandomAccessReverseList                         : loaded 2 times (x 202B)

---------------  S Y S T E M  ---------------

OS:
 Windows 11 , 64 bit Build 26100 (10.0.26100.9168)
OS uptime: 17 days 20:05 hours

CPU: total 16 (initial active 16) (16 cores per cpu, 2 threads per core) family 25 model 80 stepping 0 microcode 0xa500011, cx8, cmov, fxsr, ht, mmx, 3dnowpref, sse, sse2, sse3, ssse3, sse4a, sse4.1, sse4.2, popcnt, lzcnt, tsc, tscinvbit, avx, avx2, aes, erms, clmul, bmi1, bmi2, adx, sha, fma, vzeroupper, clflush, clflushopt, clwb, rdtscp, rdpid, fsrm, f16c, pku, cet_ss
Processor Information for the first 16 processors :
  Max Mhz: 2000, Current Mhz: 2000, Mhz Limit: 2000

Memory: 4k page, system-wide physical 15772M (343M free)
TotalPageFile size 64924M (AvailPageFile size 2M)
current process WorkingSet (physical memory assigned to process): 61M, peak: 2477M
current process commit charge ("private bytes"): 2927M, peak: 3059M

vm_info: OpenJDK 64-Bit Server VM (25.0.4.1+1-b583.48) for windows-amd64 JRE (25.0.4.1+1-b583.48), built on 2026-08-20 with MS VC++ 17.14 (VS2022)

END.
